Symbol,Name,Last Sale,Net Change,% Change,Market Cap,Country,IPO Year,Volume,Sector,Industry
AACB,Artius II Acquisition Inc. Class A Ordinary Shares,$10.43,0.00,0.00%,0.00,United States,2025,6,,
AACG,ATA Creativity Global American Depositary Shares,$1.1899,-0.0001,-0.008%,51201393.00,China,2008,5635,Real Estate,Other Consumer Services
AACI,Armada Acquisition Corp. III Class A Ordinary Share,$9.935,0.005,0.05%,0.00,United States,2026,533,,
AACIU,Armada Acquisition Corp. III Units,$10.08,0.00,0.00%,0.00,United States,2026,41,Finance,Blank Checks
AACIW,Armada Acquisition Corp. III Warrant,$0.22,-0.02,-8.333%,0.00,United States,2026,10941,,
AACPU,Apogee Acquisition Corp Units,$10.07,0.02,0.199%,0.00,United States,2026,242205,Finance,Blank Checks
AAL,American Airlines Group Inc. Common Stock,$12.70,-0.01,-0.079%,8399591240.00,United States,,61399544,Consumer Discretionary,Air Freight/Delivery Services
AAME,Atlantic American Corporation Common Stock,$2.27,-0.06,-2.575%,46301708.00,United States,,8349,Finance,Life Insurance
AAOI,Applied Optoelectronics Inc. Common Stock,$203.57,-19.53,-8.754%,16335020078.00,United States,2013,12109461,Technology,Semiconductors
AAON,AAON Inc. Common Stock,$140.00,4.63,3.42%,11467639400.00,United States,,1006792,Industrials,Industrial Machinery/Components
AAPG,Ascentage Pharma Group International American Depository Shares,$20.18,-1.20,-5.613%,1883410459.00,China,2025,9215,Health Care,Biotechnology: Pharmaceutical Preparations
AAPL,Apple Inc. Common Stock,$298.21,-0.66,-0.221%,4379916432760.00,United States,1980,35325113,Technology,Computer Manufacturing
AARD,Aardvark Therapeutics Inc. Common Stock,$6.73,0.14,2.124%,146824271.00,United States,2025,166851,Health Care,Biotechnology: Pharmaceutical Preparations
ABAT,American Battery Technology Company Common Stock,$3.42,-0.13,-3.662%,466537279.00,United States,,4982865,Basic Materials,Metal Mining
ABCL,AbCellera Biologics Inc. Common Shares,$4.40,-0.37,-7.757%,1296528341.00,Canada,2020,7372274,Health Care,Biotechnology: Pharmaceutical Preparations
ABEO,Abeona Therapeutics Inc. Common Stock,$5.60,-0.11,-1.926%,319172806.00,United States,,1623532,Health Care,Biotechnology: Pharmaceutical Preparations
ABLV,Able View Global Inc. Class B Ordinary Shares,$1.01,-0.03,-2.885%,49883821.00,China,,123673,Consumer Discretionary,Other Consumer Services
ABLVW,Able View Global Inc. Warrant,$0.0171,-0.0001,-0.581%,844568.00,China,,3647,Consumer Discretionary,Other Consumer Services
ABNB,Airbnb Inc. Class A Common Stock,$133.67,0.70,0.526%,80563567057.00,United States,2020,2656235,Consumer Discretionary,Diversified Commercial Services
ABOS,Acumen Pharmaceuticals Inc. Common Stock,$2.39,-0.10,-4.016%,172623916.00,United States,2021,262846,Health Care,Biotechnology: Biological Products (No Diagnostic Substances)
ABSI,Absci Corporation Common Stock,$5.54,0.24,4.528%,863714010.00,United States,2021,5265996,Health Care,Biotechnology: Commercial Physical & Biological Resarch
ABTC,American Bitcoin Corp. Class A Common Stock,$1.17,0.05,4.464%,1243725450.00,United States,2018,17381192,Technology,EDP Services
ABTS,Abits Group Inc Ordinary Shares,$0.9533,-0.0165,-1.701%,2823147.00,China,,42469,Technology,Computer Software: Programming Data Processing
ABUS,Arbutus Biopharma Corporation Common Stock,$4.35,0.04,0.928%,859289039.00,Canada,,926179,Health Care,Biotechnology: Pharmaceutical Preparations
ABVC,ABVC BioPharma Inc. Common Stock,$1.08,0.01,0.935%,27475640.00,United States,,76397,Health Care,Biotechnology: Pharmaceutical Preparations
ABVE,Above Food Ingredients Inc. Common Stock,$0.519,0.0062,1.209%,26568569.00,Canada,,2390301,Consumer Staples,Packaged Foods
ABVEW,Above Food Ingredients Inc. Warrants,$0.19,0.05,35.714%,9726451.00,Canada,,39295,Consumer Staples,Packaged Foods
ABVX,Abivax SA American Depositary Shares,$121.00,-0.91,-0.746%,9594233748.00,France,2023,692253,Health Care,Biotechnology: Pharmaceutical Preparations
ACAA,Averin Capital Acquisition Corp. Class A Ordinary Shares,$9.94,0.00,0.00%,0.00,United States,2026,109,Finance,Blank Checks
ACAAU,Averin Capital Acquisition Corp. Units,$10.10,0.00,0.00%,0.00,United States,2026,166,Finance,Blank Checks
ACAAW,Averin Capital Acquisition Corp. Warrants,$0.60,0.00,0.00%,0.00,United States,2026,37,Finance,Blank Checks
ACAD,ACADIA Pharmaceuticals Inc. Common Stock,$22.09,-0.09,-0.406%,3782600368.00,United States,1985,2029068,Health Care,Biotechnology: Pharmaceutical Preparations
ACB,Aurora Cannabis Inc. Common Shares,$3.35,0.01,0.299%,198006061.00,Canada,,600945,Health Care, Medicinal Chemicals and Botanical Products 
ACCL,Acco Group Holdings Limited Class A Ordinary Shares,$1.47,0.03,2.083%,20433000.00,Hong Kong,2025,5838,Consumer Discretionary,Professional Services
ACDC,ProFrac Holding Corp. Class A Common Stock,$7.28,0.17,2.391%,1317103082.00,United States,2022,1125946,Energy,Oilfield Services/Equipment
ACET,Adicet Bio Inc. Common Stock,$8.41,0.34,4.213%,78618665.00,United States,2018,155560,Health Care,Biotechnology: Pharmaceutical Preparations
ACFN,Acorn Energy Inc. Common Stock,$17.31,-0.215,-1.227%,43417946.00,United States,,6975,Consumer Discretionary,Military/Government/Technical
ACGCU,ACP Holdings Acquisition Corp. Units,$10.00,0.00,0.00%,0.00,United States,2026,45,Finance,Blank Checks
ACGL,Arch Capital Group Ltd. Common Stock,$93.46,0.14,0.15%,32653950894.00,Bermuda,,2572558,Finance,Property-Casualty Insurers
ACGLN,Arch Capital Group Ltd. Depositary Shares each Representing a 1/1000th Interest in a 4.550% Non-Cumulative Preferred Share Series G,$16.80,0.01,0.06%,5869745078.00,Bermuda,,46653,Finance,Property-Casualty Insurers
ACGLO,Arch Capital Group Ltd. Depositary Shares Each Representing 1/1000th Interest in a Share of 5.45% Non-Cumulative Preferred Shares Series F,$20.25,0.0999,0.496%,7075139157.00,Bermuda,,34492,Finance,Property-Casualty Insurers
ACHC,Acadia Healthcare Company Inc. Common Stock,$26.80,-0.35,-1.289%,2464716324.00,United States,,2234246,Health Care,Medical Specialities
ACHV,Achieve Life Sciences Inc. Common Shares,$5.79,-0.17,-2.852%,594395940.00,United States,,906364,Health Care,Biotechnology: In Vitro & In Vivo Diagnostic Substances
ACIC,American Coastal Insurance Corporation Common Stock,$10.63,-0.105,-0.978%,515172820.00,United States,,235519,Finance,Property-Casualty Insurers
ACIU,AC Immune SA Common Stock,$2.80,-0.04,-1.408%,284966004.00,Switzerland,2016,368948,Health Care,Biotechnology: Pharmaceutical Preparations
ACIW,ACI Worldwide Inc. Common Stock,$40.87,0.06,0.147%,4154908366.00,United States,,675394,Technology,Computer Software: Prepackaged Software
ACLS,Axcelis Technologies Inc. Common Stock,$161.64,-0.51,-0.315%,4967827111.00,United States,2000,393676,Technology,Industrial Machinery/Components
ACMR,ACM Research Inc. Class A Common Stock,$63.19,-1.56,-2.409%,4184749662.00,United States,2017,2206319,Technology,Industrial Machinery/Components
ACNB,ACNB Corporation Common Stock,$52.59,0.06,0.114%,537051394.00,United States,,44298,Finance,Major Banks
ACNT,Ascent Industries Co. Common Stock,$14.02,0.09,0.646%,126715774.00,United States,,30442,Industrials,Steel/Iron Ore
ACOG,Alpha Cognition Inc. Common Stock,$5.68,-0.2699,-4.536%,123676911.00,Canada,,37528,,
ACON,Aclarion Inc. Common Stock,$3.22,-0.06,-1.829%,7928445.00,United States,2022,33673,Health Care,Medical Specialities
ACONW,Aclarion Inc. Warrant,$0.0324,0.00,0.00%,79777.00,United States,2022,1800,Health Care,Medical Specialities
ACRS,Aclaris Therapeutics Inc. Common Stock,$4.80,-0.29,-5.697%,670385664.00,United States,2015,2215690,Health Care,Biotechnology: Pharmaceutical Preparations
ACRV,Acrivon Therapeutics Inc. Common Stock,$1.92,0.00,0.00%,82179320.00,United States,2022,599465,Health Care,Biotechnology: Pharmaceutical Preparations
ACT,Enact Holdings Inc. Common Stock,$42.97,0.30,0.703%,5998644013.00,United States,2021,267094,Finance,Specialty Insurers
ACTG,Acacia Research Corporation (Acacia Tech) Common Stock,$4.67,-0.05,-1.059%,451071246.00,United States,,227441,Miscellaneous,Multi-Sector Companies
ACTU,Actuate Therapeutics Inc. Common stock,$2.90,-0.07,-2.357%,68743604.00,United States,2024,35663,Health Care,Biotechnology: Pharmaceutical Preparations
ACXP,Acurx Pharmaceuticals Inc. Common Stock,$1.94,-0.05,-2.513%,8337612.00,United States,2021,96323,Health Care,Biotechnology: Pharmaceutical Preparations
ADAC,American Drive Acquisition Company Class A Ordinary Shares,$9.93,0.00,0.00%,0.00,United States,2026,7,,
ADAG,Adagene Inc. American Depositary Shares,$3.66,-0.04,-1.081%,241748834.00,China,2021,2102,Health Care,Biotechnology: Pharmaceutical Preparations
ADAM,Adamas Trust Inc. Common Stock,$8.92,-0.02,-0.224%,801561083.00,United States,,771836,Real Estate,Real Estate Investment Trusts
ADAMG,Adamas Trust Inc. 9.125% Senior Notes Due 2030,$25.2401,0.0201,0.08%,0.00,United States,,7140,Real Estate,Real Estate Investment Trusts
ADAMH,Adamas Trust Inc. 9.875% Senior Notes Due 2030,$25.67,0.00,0.00%,0.00,United States,,5225,Real Estate,Real Estate Investment Trusts
ADAMI,Adamas Trust Inc. 9.125% Senior Notes Due 2029,$25.3301,0.0101,0.04%,2294386501.00,United States,,2951,Real Estate,Real Estate Investment Trusts
ADAML,Adamas Trust Inc. 6.875% Series F Fixed-to-Floating Rate Cumulative Redeemable Preferred Stock $0.01 par value per share,$24.19,0.04,0.166%,2173740203.00,United States,,2932,Real Estate,Real Estate Investment Trusts
ADAMM,Adamas Trust Inc. 7.875% Series E Fixed-to-Floating Rate Cumulative Redeemable Preferred Stock,$25.5183,-0.0117,-0.046%,2293102712.00,United States,,2419,Real Estate,Real Estate Investment Trusts
ADAMN,Adamas Trust Inc. 8.00% Series D Fixed-to-Floating Rate Cumulative Redeemable Preferred Stock,$23.70,0.25,1.066%,2129708260.00,United States,,9919,Real Estate,Real Estate Investment Trusts
ADAMO,Adamas Trust Inc. 9.250% Senior Notes Due 2031,$25.23,-0.02,-0.079%,0.00,United States,,9352,Real Estate,Real Estate Investment Trusts
ADAMZ,Adamas Trust Inc. 7.000% Series G Cumulative Redeemable Preferred Stock $0.01 par value per share,$18.33,-0.16,-0.865%,1647154110.00,United States,,7398,Real Estate,Real Estate Investment Trusts
ADBE,Adobe Inc. Common Stock,$237.01,0.94,0.398%,95799442000.00,United States,1986,4991723,Technology,Computer Software: Prepackaged Software
ADEA,Adeia Inc. Common Stock,$31.48,-0.24,-0.757%,3472047219.00,United States,2003,2011015,Technology,Computer Software: Prepackaged Software
ADGM,Adagio Medical Holdings Inc Common Stock,$0.9008,0.00,0.00%,20007181.00,United States,,44734,Health Care,Medical/Dental Instruments
ADI,Analog Devices Inc. Common Stock,$426.79,-5.60,-1.295%,208360652166.00,United States,,2811408,Technology,Semiconductors
ADIL,Adial Pharmaceuticals Inc Common Stock,$1.36,-0.02,-1.449%,2915325.00,United States,2018,69146,Health Care,Biotechnology: Pharmaceutical Preparations
ADMA,ADMA Biologics Inc Common Stock,$8.50,0.00,0.00%,1970068078.00,United States,,3317787,Health Care,Biotechnology: Biological Products (No Diagnostic Substances)
ADP,Automatic Data Processing Inc. Common Stock,$208.37,-0.26,-0.125%,83899006127.00,United States,,2818569,Industrials,Diversified Commercial Services
ADPT,Adaptive Biotechnologies Corporation Common Stock,$13.18,0.05,0.381%,2109385087.00,United States,2019,1600126,Health Care,Biotechnology: Biological Products (No Diagnostic Substances)
ADSE,ADS-TEC ENERGY PLC Ordinary Shares,$11.65,0.33,2.915%,700427544.00,Ireland,,2274,Consumer Discretionary,Industrial Specialties
ADSK,Autodesk Inc. Common Stock,$233.86,2.83,1.225%,49378428399.00,United States,,1748035,Technology,Computer Software: Prepackaged Software
ADTN,ADTRAN Holdings Inc. Common Stock,$15.28,-0.49,-3.107%,1237650968.00,United States,1994,1582588,Utilities,Telecommunications Equipment
ADTX,Aditxt Inc. Common Stock,$0.0668,-0.0174,-20.665%,60418.00,United States,2020,10281229,Health Care,Biotechnology: Pharmaceutical Preparations
ADUR,Aduro Clean Technologies Inc. Common Stock,$14.27,1.52,11.922%,483363472.00,Canada,,977980,Industrials,Major Chemicals
ADUS,Addus HomeCare Corporation Common Stock,$92.41,-2.10,-2.222%,1724811950.00,United States,2009,357408,Health Care,Medical/Nursing Services
ADV,Advantage Solutions Inc. Class A Common Stock,$34.06,-0.89,-2.546%,452837237.00,United States,2019,55856,Real Estate,Real Estate
ADVB,Advanced Biomed Inc. Common Stock,$4.43,-0.32,-6.737%,6044894.00,Taiwan,2025,13235,Health Care,Medical Specialities
ADXN,Addex Therapeutics Ltd American Depositary Shares,$6.81,-0.06,-0.873%,11024484.00,Switzerland,,319,Health Care,Biotechnology: Pharmaceutical Preparations
AEAQ,Activate Energy Acquisition Corp. Class A Ordinary Share,$9.96,0.00,0.00%,0.00,Cayman Islands,2026,7,,
AEBI,Aebi Schmidt Holding AG Common Stock ,$11.15,0.38,3.528%,865233132.00,Switzerland,,617616,Industrials,Auto Manufacturing
AEC,Anfield Energy Inc. Common Shares,$4.81,-0.24,-4.752%,87710235.00,Canada,,41493,Basic Materials,Metal Mining
AEHL,Antelope Enterprise Holdings Limited Class A Ordinary Shares,$4.53,0.91,25.138%,21984425.00,China,,39537924,Industrials,Building Materials
AEHR,Aehr Test Systems Common Stock,$106.34,3.09,2.993%,3413945528.00,United States,1997,2114378,Industrials,Electrical Products
AEI,Alset Inc. Common Stock (TX),$1.82,0.02,1.111%,70790411.00,United States,2020,7029,Finance,Real Estate
AEIS,Advanced Energy Industries Inc. Common Stock,$344.60,5.41,1.595%,13105364402.00,United States,1995,1977142,Technology,Industrial Machinery/Components
AEMD,Aethlon Medical Inc. Common Stock,$2.14,0.00,0.00%,2814335.00,United States,,13621,Health Care,Medical/Dental Instruments
AENT,Alliance Entertainment Holding Corporation Class A Common Stock,$7.60,0.73,10.626%,387276012.00,United States,,131923,Consumer Discretionary,Durable Goods
AENTW,Alliance Entertainment Holding Corporation Warrant,$0.619,0.019,3.167%,31542612.00,United States,,4378,Consumer Discretionary,Durable Goods
AEP,American Electric Power Company Inc. Common Stock,$128.60,0.65,0.508%,69971907115.00,United States,,6382634,Utilities,Electric Utilities: Central
AERT,Aeries Technology Inc. Class A Ordinary Share,$0.70,0.004,0.575%,35146802.00,United States,2021,62006,Consumer Discretionary,Professional Services
AERTW,Aeries Technology Inc. Warrant,$0.0199,-0.0002,-0.995%,999173.00,United States,2021,8090,Consumer Discretionary,Professional Services
AEVA,Aeva Technologies Inc. Common Stock,$21.23,0.97,4.788%,1338356630.00,United States,,3673315,Consumer Discretionary,Auto Parts:O.E.M.
AEYE,AudioEye Inc. Common Stock,$7.16,-0.02,-0.279%,89452851.00,United States,,280729,Technology,Computer Software: Prepackaged Software
AFBI,Affinity Bancshares Inc. Common Stock (MD),$22.46,0.00,0.00%,136891117.00,United States,2017,3611,Finance,Banks
AFCG,Advanced Flower Capital Inc. Common Stock,$2.89,-0.07,-2.365%,67998359.00,United States,2021,1082545,Finance,Real Estate
AFJK,Aimei Health Technology Co. Ltd Ordinary Share,$40.20,-0.95,-2.309%,0.00,United States,2024,1843,,
AFJKR,Aimei Health Technology Co. Ltd Right,$0.294,-0.016,-5.161%,0.00,United States,2024,300,,
AFRI,Forafric Global PLC Ordinary Shares,$10.20,0.10,0.99%,274396238.00,Gibraltar,,30361,Consumer Staples,Packaged Foods
AFRIW,Forafric Global PLC Warrants,$0.8265,0.0765,10.20%,22234166.00,Gibraltar,,4174,Consumer Staples,Packaged Foods
AFRM,Affirm Holdings Inc. Class A Common Stock,$67.57,4.04,6.359%,22629096037.00,United States,2021,4718534,Finance,Finance: Consumer Services
AFYA,Afya Limited Class A Common Shares,$13.81,-0.29,-2.057%,1241072675.00,Brazil,2019,108763,Real Estate,Other Consumer Services
AGAE,Allied Gaming & Entertainment Inc. Common Stock,$0.3975,0.0246,6.597%,14988505.00,United States,2017,493579,Consumer Discretionary,Services-Misc. Amusement & Recreation
AGCC,Agencia Comercial Spirits Ltd Class A Ordinary Shares,$18.70,-1.08,-5.46%,697257550.00,Taiwan,2025,29781,Consumer Staples,Beverages (Production/Distribution)
AGEN,Agenus Inc. Common Stock,$3.58,0.11,3.17%,149079903.00,United States,2000,434622,Health Care,Biotechnology: Biological Products (No Diagnostic Substances)
AGH,Aureus Greenway Holdings Inc. Common Stock,$4.26,0.20,4.926%,92035945.00,United States,2025,649284,Consumer Discretionary,Hotels/Resorts
AGIO,Agios Pharmaceuticals Inc. Common Stock,$28.73,-0.04,-0.139%,1708619327.00,United States,2013,681870,Health Care,Biotechnology: Pharmaceutical Preparations
AGMB,AgomAb Therapeutics NV American Depositary Shares,$11.04,-0.14,-1.252%,543697644.00,Belgium,2026,123903,Health Care,Biotechnology: Biological Products (No Diagnostic Substances)
AGMH,AGM Group Holdings Inc. Class A Ordinary Shares,$1.34,0.20,17.544%,4688568.00,Hong Kong,2018,214811,Technology,EDP Services
AGNC,AGNC Investment Corp. Common Stock,$10.55,-0.08,-0.753%,12110653820.00,United States,2008,11880921,Real Estate,Real Estate Investment Trusts
AGNCL,AGNC Investment Corp. Depositary Shares Each Representing a 1/1000th Interest in a Share of 7.75% Series G Fixed-Rate Reset Cumulative Redeemable Preferred Stock,$25.02,-0.08,-0.319%,28721190385.00,United States,,14399,Real Estate,Real Estate Investment Trusts
AGNCM,AGNC Investment Corp. Depositary Shares rep 6.875% Series D Fixed-to-Floating Cumulative Redeemable Preferred Stock,$24.88,0.00,0.00%,28560480287.00,United States,,4673,Real Estate,Real Estate Investment Trusts
AGNCN,AGNC Investment Corp. Depositary Shares Each Representing a 1/1000th Interest in a Share of 7.00% Series C Fixed-To-Floating Rate Cumulative Redeemable Preferred Stock,$25.76,0.03,0.117%,29570658047.00,United States,,8320,Real Estate,Real Estate Investment Trusts
AGNCO,AGNC Investment Corp. Depositary Shares each representing a 1/1000th interest in a share of 6.50% Series E Fixed-to-Floating Cumulative Redeemable Preferred Stock,$25.56,0.01,0.039%,29341072192.00,United States,,9254,Real Estate,Real Estate Investment Trusts
AGNCP,AGNC Investment Corp. Depositary Shares Each Representing a 1/1000th Interest in a Share of 6.125% Series F Fixed-to-Floating Rate Cumulative Redeemable Preferred Stock,$24.92,-0.03,-0.12%,28606397458.00,United States,,33435,Real Estate,Real Estate Investment Trusts
AGNCZ,AGNC Investment Corp. Depositary Shares Each Representing a 1/1000th Interest in a Share of 8.75% Series H Fixed-Rate Cumulative Redeemable Preferred Stock,$25.41,-0.04,-0.157%,29168882802.00,United States,,75084,,
AGNT,eXp World Holdings Inc. Common Stock,$4.92,-0.095,-1.894%,808473706.00,United States,,1966145,Finance,Real Estate
AGPU,Axe Compute Inc. Common Stock,$5.60,-0.88,-13.58%,31019895.00,United States,,381150,Health Care,Industrial Specialties
AGRZ,Agroz Inc. Ordinary Shares,$0.3388,0.0054,1.62%,6919477.00,Malaysia,2025,89966,Consumer Staples,Farming/Seeds/Milling
AGYS,Agilysys Inc. Common Stock (DE),$65.96,0.40,0.61%,1854019972.00,United States,,190174,Technology,EDP Services
AHCO,AdaptHealth Corp. Common Stock,$10.74,-0.07,-0.648%,1461221592.00,United States,2018,1247193,Health Care,Medical/Nursing Services
AHG,Akso Health Group ADS,$2.04,0.11,5.699%,1125796801.00,China,2017,227259,Real Estate,Real Estate
AHMA,Ambitions Enterprise Management Co. L.L.C Class A Ordinary Shares,$1.15,-0.08,-6.504%,34183750.00,United Arab Emirates,2025,170000,Consumer Discretionary,Services-Misc. Amusement & Recreation
AIAI,AIAI Holdings Corporation Class A Common Stock,$15.09,-4.91,-24.55%,1061038109.00,United States,,1123887,Technology,EDP Services
AIDX,20/20 Biolabs Inc. Common Stock,$1.3802,-0.0198,-1.414%,14464619.00,United States,,55333,Health Care,Precision Instruments
AIFC,AI Financial Corporation Common Stock,$1.03,0.0422,4.272%,130981242.00,United States,,2071388,Finance,Finance: Consumer Services
AIFF,Firefly Neuroscience Inc. Common Stock,$1.78,-0.02,-1.111%,27717768.00,United States,,439509,Technology,Computer Software: Prepackaged Software
AIFU,AIFU Inc. Class A Ordinary Share,$1.79,0.12,7.186%,232233007.00,China,2007,20227,Finance,Specialty Insurers
AIHS,Senmiao Technology Limited Common Stock,$1.13,0.05,4.63%,5149963.00,China,2018,6332,Finance,Finance: Consumer Services
AIIO,Robo.ai Inc. Class B Ordinary Shares,$5.64,3.03,116.092%,111579104.00,United Arab Emirates,,166491259,Industrials,Auto Manufacturing
AIIOW,Robo.ai Inc. Warrant,$0.0999,0.0101,11.247%,1976375.00,United Arab Emirates,,1756200,Industrials,Auto Manufacturing
AIMD,Ainos Inc. Common Stock,$1.72,0.01,0.585%,14662212.00,United States,,45601,Technology,Computer peripheral equipment
AIMDW,Ainos Inc. Warrants,$0.062,-0.0351,-36.148%,528522.00,United States,,24591,Technology,Computer peripheral equipment
AIOS,AIOS Tech Inc. Class A Common Shares,$16.17,-0.23,-1.402%,52540453.00,China,2016,8528,Industrials,Metal Fabrications
AIOT,PowerFleet Inc. Common Stock,$3.26,-0.03,-0.912%,437320123.00,United States,,960689,Telecommunications,Telecommunications Equipment
AIP,Arteris Inc. Common Stock,$37.34,1.79,5.035%,1724061808.00,United States,2021,1684309,Technology,Semiconductors
AIRE,reAlpha Tech Corp. Common Stock,$2.27,0.01,0.442%,12177987.00,United States,,196802,Finance,Real Estate
AIRG,Airgain Inc. Common Stock,$6.99,0.34,5.113%,88603702.00,United States,2016,100698,Technology,Radio And Television Broadcasting And Communications Equipment
AIRJ,AirJoule Technologies Corporation Class A Common Stock,$3.92,0.09,2.35%,268413141.00,United States,2022,1090224,Industrials,Industrial Machinery/Components
AIRJW,AirJoule Technologies Corporation Warrant,$0.7998,0.0448,5.934%,54764497.00,United States,2022,6598,Industrials,Industrial Machinery/Components
AIRO,AIRO Group Holdings Inc. Common Stock,$6.615,-1.215,-15.517%,207964897.00,United States,2025,1590435,Industrials,Aerospace
AIRS,AirSculpt Technologies Inc. Common Stock,$4.74,0.08,1.717%,334386528.00,United States,2021,1199385,Health Care,Medical/Nursing Services
AIRT,Air T Inc. Common Stock,$21.26,0.00,0.00%,57458105.00,United States,,3929,Consumer Discretionary,Air Freight/Delivery Services
AIRTP,Air T Inc. Air T Funding Alpha Income Trust Preferred Securities,$19.49,-0.459,-2.301%,52674434.00,United States,,5043,Consumer Discretionary,Air Freight/Delivery Services
AISP,Airship AI Holdings Inc. Class A Common Stock,$2.52,0.05,2.024%,86787696.00,United States,2021,545292,Technology,Computer Software: Prepackaged Software
AISPW,Airship AI Holdings Inc. Warrants,$0.685,-0.045,-6.164%,23591100.00,United States,2021,33054,Technology,Computer Software: Prepackaged Software
AIXC,AIxCrypto Holdings Inc. Common Stock,$1.35,0.01,0.746%,27317241.00,United States,2015,20002,Health Care,Biotechnology: Pharmaceutical Preparations
AIXI,XIAO-I Corporation American Depositary Shares,$12.14,1.37,12.721%,6464356.00,China,2023,299210,Technology,Computer Software: Prepackaged Software
AKAM,Akamai Technologies Inc. Common Stock,$155.67,-5.47,-3.395%,22632153157.00,United States,1999,4079270,Real Estate,Real Estate
AKAN,Akanda Corp. Common Shares,$24.90,0.595,2.448%,13307008.00,United Kingdom,2022,129158,Health Care, Medicinal Chemicals and Botanical Products 
AKBA,Akebia Therapeutics Inc. Common Stock,$1.13,-0.05,-4.237%,303131815.00,United States,2014,4085930,Health Care,Biotechnology: Pharmaceutical Preparations
AKTS,Aktis Oncology Inc. Common stock,$19.50,-0.03,-0.154%,1077910217.00,United States,2026,114605,Health Care,Biotechnology: Pharmaceutical Preparations
AKTX,Akari Therapeutics plc ADS,$3.70,0.55,17.46%,4234976.00,United Kingdom,,40286,Health Care,Biotechnology: Pharmaceutical Preparations
ALAB,Astera Labs Inc. Common Stock,$228.64,4.55,2.03%,39190711173.00,United States,2024,4614972,Technology,Semiconductors
ALAR,Alarum Technologies Ltd. American Depositary Share,$7.38,0.33,4.681%,53508476.00,Israel,2018,79355,Technology,Computer Software: Prepackaged Software
ALBT,Avalon GloboCare Corp. Common Stock,$0.347,0.0275,8.607%,4180535.00,United States,,280941,Health Care,Biotechnology: Biological Products (No Diagnostic Substances)
ALCO,Alico Inc. Common Stock,$40.96,-0.36,-0.871%,303772754.00,United States,,23735,,
ALDF,Aldel Financial II Inc. Class A Ordinary Shares,$10.65,0.02,0.188%,0.00,United States,2024,65392,,
ALDFU,Aldel Financial II Inc. Units,$10.76,0.10,0.938%,0.00,United States,2024,125,Finance,Blank Checks
ALDX,Aldeyra Therapeutics Inc. Common Stock,$1.66,-0.04,-2.353%,100132973.00,United States,2014,709795,Health Care,Biotechnology: Pharmaceutical Preparations
ALEC,Alector Inc. Common Stock,$2.30,0.15,6.977%,255357930.00,United States,2019,783219,Health Care,Biotechnology: Biological Products (No Diagnostic Substances)
ALF,Centurion Acquisition Corp. Class A Ordinary Shares,$10.84,0.00,0.00%,0.00,United States,2024,306054,,
ALFUW,Centurion Acquisition Corp. Warrant,$0.1201,0.00,0.00%,0.00,United States,2024,16,Finance,Blank Checks
ALGM,Allegro MicroSystems Inc. Common Stock,$44.97,-1.00,-2.175%,8332530424.00,United States,2020,1989024,Technology,Semiconductors
ALGN,Align Technology Inc. Common Stock,$160.53,-1.22,-0.754%,11496857927.00,United States,2001,633677,Health Care,Industrial Specialties
ALGS,Aligos Therapeutics Inc. Common Stock,$6.69,0.02,0.30%,41399212.00,United States,2020,214108,Health Care,Biotechnology: Biological Products (No Diagnostic Substances)
ALGT,Allegiant Travel Company Common Stock,$80.38,5.17,6.874%,1481989370.00,United States,2006,1041717,Consumer Discretionary,Air Freight/Delivery Services
ALHC,Alignment Healthcare Inc. Common Stock,$16.56,-1.71,-9.36%,3423512109.00,United States,2021,10254318,Health Care,Medical Specialities
ALIS,Calisa Acquisition Corp Ordinary shares,$10.075,0.00,0.00%,0.00,United States,2025,6,,
ALISR,Calisa Acquisition Corp Right,$0.5127,-0.0473,-8.446%,0.00,United States,2025,368,Finance,Blank Checks
ALKS,Alkermes plc Ordinary Shares,$38.36,-0.55,-1.414%,6393683957.00,Ireland,1991,1740087,Health Care,Biotechnology: Pharmaceutical Preparations
ALKT,Alkami Technology Inc. Common Stock,$16.62,0.05,0.302%,1778658672.00,United States,2021,2815745,Technology,Computer Software: Prepackaged Software
ALLO,Allogene Therapeutics Inc. Common Stock,$2.14,-0.19,-8.155%,738630761.00,United States,2018,9164588,Health Care,Biotechnology: Biological Products (No Diagnostic Substances)
ALLR,Allarity Therapeutics Inc. Common Stock,$1.51,-0.03,-1.948%,23345693.00,United States,,178400,Health Care,Biotechnology: Pharmaceutical Preparations
ALLT,Allot Ltd. Ordinary Shares,$7.40,-0.08,-1.07%,362030933.00,Israel,2006,1230611,Telecommunications,Computer Communications Equipment
ALM,Almonty Industries Inc. Common Shares,$18.345,-1.185,-6.068%,5205244220.00,Canada,,6202977,Basic Materials,Other Metals and Minerals
ALMR,Alamar Biosciences Inc. Common Stock,$22.51,-0.50,-2.173%,1560194797.00,United States,2026,225529,Industrials,Biotechnology: Laboratory Analytical Instruments
ALMS,Alumis Inc. Common Stock,$24.63,-0.23,-0.925%,3132919572.00,United States,2024,507142,Health Care,Biotechnology: Pharmaceutical Preparations
ALMU,Aeluma Inc. Common Stock,$26.65,-4.84,-15.37%,487837178.00,United States,,5236648,Technology,Semiconductors
ALNT,Allient Inc. Common Stock,$63.53,1.02,1.632%,1079788407.00,United States,,342786,Industrials,Electrical Products
ALNY,Alnylam Pharmaceuticals Inc. Common Stock,$293.45,1.97,0.676%,39179264547.00,United States,2004,889670,Health Care,Biotechnology: Pharmaceutical Preparations
ALOT,AstroNova Inc. Common Stock,$14.63,0.08,0.55%,112546249.00,United States,1983,26176,Technology,Computer peripheral equipment
ALOVU,Aldabra 4 Liquidity Opportunity Vehicle Inc. Units,$10.0001,0.00,0.00%,0.00,United States,2026,4,Finance,Blank Checks
ALOVW,Aldabra 4 Liquidity Opportunity Vehicle Inc. Warrants,$0.41,-0.01,-2.381%,0.00,United States,2026,20675,,
ALOY,REalloys Inc. Common Stock,$8.89,0.00,0.00%,507867929.00,United States,,1269708,Technology,EDP Services
ALP,Alpha Compute Corp Common Stock,$0.33,0.0621,23.18%,7733414.00,Canada,,328978092,Energy,Oil & Gas Production
ALPS,ALPS Group Inc Ordinary Share,$0.86,0.0199,2.369%,143104280.00,Malaysia,,14579,,
ALRM,Alarm.com Holdings Inc. Common Stock,$42.35,0.01,0.024%,2094655690.00,United States,2015,495038,Technology,Computer Software: Prepackaged Software
ALRS,Alerus Financial Corporation Common Stock,$26.78,0.17,0.639%,672945140.00,United States,2019,70753,Finance,Major Banks
ALT,Altimmune Inc. Common Stock,$2.92,-0.10,-3.311%,567864530.00,United States,,2388480,Health Care,Biotechnology: Pharmaceutical Preparations
ALTI,AlTi Global Inc. Class A Common Stock,$3.49,0.23,7.055%,529146262.00,United States,2021,146008,Finance,Investment Managers
ALTO,Alto Ingredients Inc. Common Stock,$4.66,0.07,1.525%,361080813.00,United States,,1490619,Industrials,Major Chemicals
ALVO,Alvotech Ordinary Shares,$3.43,-0.24,-6.54%,1070325642.00,Luxembourg,,342358,Health Care,Biotechnology: Biological Products (No Diagnostic Substances)
ALXO,ALX Oncology Holdings Inc. Common Stock,$2.04,0.01,0.493%,274508351.00,United States,2020,406049,Health Care,Biotechnology: Pharmaceutical Preparations
ALZN,Alzamend Neuro Inc. Common Stock,$1.03,-0.01,-0.962%,3918883.00,United States,2021,25380,Health Care,Biotechnology: Pharmaceutical Preparations
AMAL,Amalgamated Financial Corp. Common Stock (DE),$40.42,0.41,1.025%,1207238166.00,United States,2018,97963,Finance,Major Banks
AMAT,Applied Materials Inc. Common Stock,$440.56,3.95,0.905%,349632763006.00,United States,1972,14936285,Technology,Semiconductors
AMBA,Ambarella Inc. Ordinary Shares,$81.04,-1.06,-1.291%,3548650754.00,United States,2012,764786,Technology,Semiconductors
AMBR,Amber International Holding Limited American Depositary Shares,$1.97,0.04,2.073%,185722244.00,Hong Kong,2017,27806,Finance,Finance: Consumer Services
AMCI,AMC Robotics Corporation Common Stock,$5.28,0.22,4.348%,119303517.00,United States,2023,82310,Consumer Discretionary,Home Furnishings
AMCX,AMC Global Media Inc. Class A Common Stock,$8.31,-0.08,-0.954%,365039287.00,United States,,508603,Telecommunications,Cable & Other Pay Television Services
AMD,Advanced Micro Devices Inc. Common Stock,$449.70,4.20,0.943%,733281107358.00,United States,,26114217,Technology,Semiconductors
AMGN,Amgen Inc. Common Stock,$336.23,-0.22,-0.065%,181466112967.00,United States,1983,2041585,Health Care,Biotechnology: Biological Products (No Diagnostic Substances)
AMIX,Autonomix Medical Inc. Common Stock,$0.3221,-0.0074,-2.246%,3674950.00,United States,2024,56201,Health Care,Medical/Dental Instruments
AMKR,Amkor Technology Inc. Common Stock,$72.09,-2.52,-3.378%,17869129823.00,United States,1998,4833396,Technology,Semiconductors
AMLX,Amylyx Pharmaceuticals Inc. Common Stock,$13.88,-0.70,-4.801%,1543266080.00,United States,2022,845956,Health Care,Biotechnology: Pharmaceutical Preparations
AMOD,Alpha Modus Holdings Inc. Class A Common Stock,$0.224,0.007,3.226%,11400549.00,United States,,2287153,Miscellaneous,Multi-Sector Companies
AMPG,Amplitech Group Inc. Common Stock,$2.87,0.39,15.726%,72722353.00,United States,,2126225,Telecommunications,Telecommunications Equipment
AMPGR,Amplitech Group Inc. Series A Right,$0.0553,0.0203,58.00%,1401236.00,United States,,6129,Telecommunications,Telecommunications Equipment
AMPGZ,Amplitech Group Inc. Series B Right,$0.12,0.02,20.00%,3040656.00,United States,,8969,Telecommunications,Telecommunications Equipment
AMPH,Amphastar Pharmaceuticals Inc. Common Stock,$17.30,-1.02,-5.568%,762807499.00,United States,2014,739095,Health Care,Biotechnology: Pharmaceutical Preparations
AMPL,Amplitude Inc. Class A Common Stock,$6.13,0.15,2.508%,812955978.00,United States,,2677593,Technology,Computer Software: Prepackaged Software
AMRN,Amarin Corporation plc,$14.78,-0.24,-1.598%,309923431.00,Ireland,,44666,Health Care,Biotechnology: Pharmaceutical Preparations
AMRX,Amneal Pharmaceuticals Inc. Class A Common Stock,$12.23,-0.16,-1.291%,3901648746.00,United States,,1880018,Health Care,Biotechnology: Pharmaceutical Preparations
AMSC,American Superconductor Corporation Common Stock,$54.70,-1.03,-1.848%,2604391990.00,United States,1991,1210989,Consumer Discretionary,Metal Fabrications
AMSF,AMERISAFE Inc. Common Stock,$30.54,0.36,1.193%,571213166.00,United States,2005,321088,Finance,Property-Casualty Insurers
AMST,Amesite Inc. Common Stock,$0.831,0.00,0.00%,4516374.00,United States,2020,79140,Technology,Computer Software: Prepackaged Software
AMTX,Aemetis Inc. (DE) Common Stock,$2.31,0.10,4.525%,162546562.00,United States,,1185664,Industrials,Major Chemicals
AMWD,American Woodmark Corporation Common Stock,$36.055,0.905,2.575%,525306748.00,United States,1986,221644,Basic Materials,Forest Products
AMZN,Amazon.com Inc. Common Stock,$267.22,-2.91,-1.077%,2874514783488.00,United States,1997,31338581,Consumer Discretionary,Catalog/Specialty Distribution
ANAB,AnaptysBio Inc. Common Stock,$62.19,-0.495,-0.79%,1809785095.00,United States,2017,469539,Health Care,Biotechnology: Pharmaceutical Preparations
ANDE,Andersons Inc. (The) Common Stock,$72.23,0.61,0.852%,2459724465.00,United States,,293976,Industrials,Farming/Seeds/Milling
ANGH,Anghami Inc. Ordinary Shares,$3.61,0.00,0.00%,32723957.00,United Arab Emirates,,1882,Consumer Discretionary,Telecommunications Equipment
ANGHW,Anghami Inc. Warrants,$0.0096,-0.0021,-17.949%,87022.00,United Arab Emirates,,8875,Consumer Discretionary,Telecommunications Equipment
ANGI,Angi Inc. Class A Common Stock,$4.84,-0.06,-1.224%,196131063.00,United States,,1752257,Consumer Discretionary,Advertising
ANGO,AngioDynamics Inc. Common Stock,$11.03,0.19,1.753%,455747632.00,United States,2004,288264,Health Care,Medical/Dental Instruments
ANIK,Anika Therapeutics Inc. Common Stock,$15.34,0.54,3.649%,204108272.00,United States,,123850,Health Care,Medical/Dental Instruments
ANIP,ANI Pharmaceuticals Inc.,$79.58,-1.30,-1.607%,1787221009.00,United States,,223780,Health Care,Biotechnology: Pharmaceutical Preparations
ANIX,Anixa Biosciences Inc. Common Stock,$2.89,-0.01,-0.345%,96895510.00,United States,,101193,Health Care,Biotechnology: Pharmaceutical Preparations
ANL,Adlai Nortye Ltd. American Depositary Shares,$13.86,-0.08,-0.574%,1009832351.00,Cayman Islands,2023,122196,Health Care,Biotechnology: Pharmaceutical Preparations
ANNA,AleAnna Inc. Class A Common Stock,$3.69,-0.13,-3.403%,245954297.00,United States,,346333,Energy,Oil & Gas Production
ANNAW,AleAnna Inc. Warrant,$0.3698,-0.0102,-2.684%,24648753.00,United States,,16941,Energy,Oil & Gas Production
ANNX,Annexon Inc. Common Stock,$5.37,-0.08,-1.468%,879834429.00,United States,2020,1588019,Health Care,Biotechnology: Pharmaceutical Preparations
ANPA,Rich Sparkle Holdings Limited Ordinary Shares,$6.13,-0.225,-3.541%,92573758.00,Hong Kong,2025,9915,Consumer Discretionary,Other Consumer Services
ANSC,Agriculture & Natural Solutions Acquisition Corporation Class A Ordinary Shares,$11.34,0.00,0.00%,0.00,United States,2024,22,,
ANSCU,Agriculture & Natural Solutions Acquisition Corporation Unit,$11.11,0.00,0.00%,0.00,United States,2023,1,,
ANSCW,Agriculture & Natural Solutions Acquisition Corporation Warrant,$0.20,0.02,11.111%,0.00,United States,2024,1801,,
ANTA,Antalpha Platform Holding Company Class A Ordinary Shares,$9.21,0.56,6.474%,220971072.00,Singapore,2025,4168,Finance,Investment Bankers/Brokers/Service
ANTX,AN2 Therapeutics Inc. Common Stock,$4.64,0.33,7.657%,167114987.00,United States,2022,295959,Health Care,Biotechnology: Pharmaceutical Preparations
ANY,Sphere 3D Corp. Common Shares,$2.43,0.30,14.085%,9154019.00,Canada,,551150,Finance,Finance: Consumer Services
AOSL,Alpha and Omega Semiconductor Limited Common Shares,$41.10,-0.49,-1.178%,1230105656.00,Bermuda,2010,594953,Technology,Semiconductors
AOUT,American Outdoor Brands Inc. Common Stock ,$9.18,0.46,5.275%,115629077.00,United States,,66598,Consumer Discretionary,Recreational Games/Products/Toys
APA,APA Corporation Common Stock,$37.11,0.14,0.379%,13117280124.00,United States,,4443969,Energy,Oil & Gas Production
APAC,StoneBridge Acquisition II Corporation Class A Ordinary Shares,$10.10,0.00,0.00%,0.00,United States,2025,2,,
APACR,StoneBridge Acquisition II Corporation Rights,$0.12,-0.03,-20.00%,0.00,United States,2025,26700,,
APC,ARKO Petroleum Corp. Class A Common Stock,$20.91,-0.05,-0.239%,262843363.00,United States,2026,83529,Energy,Oil Refining/Marketing
APEI,American Public Education Inc. Common Stock,$54.36,1.45,2.741%,997152008.00,United States,2007,354493,Real Estate,Other Consumer Services
APGE,Apogee Therapeutics Inc. Common Stock,$83.91,-0.03,-0.036%,6325922456.00,United States,2023,631426,Health Care,Biotechnology: Biological Products (No Diagnostic Substances)
API,Agora Inc. American Depositary Shares,$3.85,-0.07,-1.786%,325516672.00,China,2020,287539,Technology,Computer Software: Prepackaged Software
APLD,Applied Digital Corporation Common Stock,$46.71,1.23,2.704%,13348295167.00,United States,2022,16359260,Finance,Finance: Consumer Services
APLM,Apollomics Inc. Class A Ordinary Shares,$13.60,0.0727,0.537%,29866307.00,United States,,12031,Health Care,Biotechnology: Pharmaceutical Preparations
APLMW,Apollomics Inc. Warrant,$0.0153,-0.0014,-8.383%,33600.00,United States,,32930,Health Care,Biotechnology: Pharmaceutical Preparations
APM,Aptorum Group Limited Class A Ordinary Shares,$0.846,0.0459,5.737%,6889618.00,Hong Kong,2018,24097,Health Care,Biotechnology: Pharmaceutical Preparations
APOG,Apogee Enterprises Inc. Common Stock,$35.86,0.65,1.846%,765647039.00,United States,,114523,Consumer Discretionary,Auto Parts:O.E.M.
APP,Applovin Corporation Class A Common Stock,$485.16,31.63,6.974%,162984650400.00,United States,2021,5963596,Technology,Computer Software: Programming Data Processing
APPF,AppFolio Inc. Class A Common Stock,$150.24,-0.29,-0.193%,5312265998.00,United States,2015,223994,Technology,Computer Software: Prepackaged Software
APPN,Appian Corporation Class A Common Stock,$19.22,0.50,2.671%,1410980946.00,United States,2017,1070644,Technology,Computer Software: Prepackaged Software
APPS,Digital Turbine Inc. Common Stock,$4.21,0.09,2.184%,504778718.00,United States,,2181944,Miscellaneous,Multi-Sector Companies
APRE,Aprea Therapeutics Inc. Common stock,$0.941,0.061,6.932%,11652192.00,United States,2019,231999,Health Care,Biotechnology: Pharmaceutical Preparations
APVO,Aptevo Therapeutics Inc. Common Stock,$4.795,0.035,0.735%,5975073.00,United States,,27250,Health Care,Biotechnology: Pharmaceutical Preparations
APWC,Asia Pacific Wire & Cable Corporation Ltd. Ordinary Shares (Bermuda),$1.42,-0.01,-0.699%,58550085.00,Taiwan,,16642,Industrials,Telecommunications Equipment
APXT,Apex Treasury Corporation Class A Ordinary Share,$10.01,0.01,0.10%,0.00,United States,2025,170516,Technology,Computer Software: Prepackaged Software
APXTU,Apex Treasury Corporation Units,$10.14,0.00,0.00%,0.00,United States,2025,10,Finance,Blank Checks
APYX,Apyx Medical Corporation Common Stock,$4.36,0.52,13.542%,182570426.00,United States,,411697,Health Care,Medical/Dental Instruments
AQB,AquaBounty Technologies Inc. Common Stock,$0.9101,0.0491,5.703%,4684470.00,United States,,48257,Consumer Staples,Meat/Poultry/Fish
AQMS,Aqua Metals Inc. Common Stock,$4.62,-0.39,-7.784%,15479790.00,United States,2015,99627,Industrials,Metal Fabrications
AQST,Aquestive Therapeutics Inc. Common Stock,$4.73,0.60,14.528%,593379063.00,United States,2018,5849704,Health Care,Biotechnology: Pharmaceutical Preparations
ARAI,Arrive AI Inc. Common Stock,$0.715,0.0131,1.866%,34127945.00,United States,,1563647,Consumer Discretionary,Diversified Commercial Services
ARAY,Accuray Incorporated Common Stock,$0.2848,-0.0172,-5.695%,33880861.00,United States,2007,3465739,Health Care,Medical/Dental Instruments
ARBB,ARB IOT Group Limited Ordinary Shares,$4.89,0.02,0.411%,8632102.00,Malaysia,2023,17507,Technology,EDP Services
ARBE,Arbe Robotics Ltd. Ordinary Shares,$1.15,0.14,13.861%,125566329.00,Israel,,5353328,Technology,EDP Services
ARBEW,Arbe Robotics Ltd. Warrant,$0.065,0.0052,8.696%,7097227.00,Israel,,14585,Technology,EDP Services
ARBK,Argo Blockchain plc American Depositary Shares,$4.10,0.33,8.753%,54774655.00,United Kingdom,2021,23964,Finance,Finance: Consumer Services
ARCB,ArcBest Corporation Common Stock,$118.90,7.42,6.656%,2647163442.00,United States,,744843,Industrials,Trucking Freight/Courier Services
ARCC,Ares Capital Corporation Common Stock,$18.94,0.16,0.852%,13599352684.00,United States,2004,5036205,Finance,Finance: Consumer Services
ARCI,Archimedes Tech SPAC Partners III Co. Ordinary Share,$9.94,0.00,0.00%,0.00,United States,2026,73178,,
ARCIU,Archimedes Tech SPAC Partners III Co. Units,$10.05,0.00,0.00%,0.00,United States,2026,105,Finance,Blank Checks
ARCLU,ARC Group Acquisition I Corp Unit,$10.04,0.01,0.10%,0.00,United States,2026,222,Finance,Blank Checks
ARCT,Arcturus Therapeutics Holdings Inc. Common Stock,$7.83,-0.43,-5.206%,222552630.00,Israel,2013,522466,Health Care,Biotechnology: Pharmaceutical Preparations
ARDX,Ardelyx Inc. Common Stock,$6.46,0.08,1.254%,1595809840.00,United States,2014,2075781,Health Care,Biotechnology: Pharmaceutical Preparations
AREC,American Resources Corporation Class A Common Stock,$2.31,-0.02,-0.858%,246998642.00,United States,,1924989,Energy,Coal Mining
ARGX,argenx SE American Depositary Shares,$822.13,19.43,2.421%,51023762111.00,Netherlands,2017,197322,Health Care,Biotechnology: Biological Products (No Diagnostic Substances)
ARHS,Arhaus Inc. Class A Common Stock,$5.88,0.01,0.17%,832255576.00,United States,2021,2608016,Consumer Discretionary,Other Specialty Stores
ARKO,ARKO Corp. Common Stock,$7.13,0.19,2.738%,799884191.00,United States,,1045423,Consumer Staples,Food Chains
ARKR,Ark Restaurants Corp. Common Stock,$6.48,-0.13,-1.967%,23367897.00,United States,,1024,Consumer Discretionary,Restaurants
ARLP,Alliance Resource Partners L.P. Common Units representing Limited Partners Interests,$25.27,0.44,1.772%,3251207901.00,United States,1999,347412,Energy,Coal Mining
ARM,Arm Holdings plc American Depositary Shares,$228.50,7.29,3.296%,242041823772.00,United Kingdom,2023,8456958,Technology,Semiconductors
AROW,Arrow Financial Corporation Common Stock,$35.73,0.27,0.761%,590581849.00,United States,,70639,Finance,Major Banks
ARQ,Arq Inc. Common Stock,$2.63,0.08,3.137%,112896059.00,United States,,522317,Industrials,Major Chemicals
ARQQ,Arqit Quantum Inc. Ordinary Shares,$13.87,0.04,0.289%,217091284.00,United Kingdom,,465494,Technology,Computer Software: Prepackaged Software
ARQQW,Arqit Quantum Inc. Warrants,$0.079,-0.0069,-8.033%,1236497.00,United Kingdom,,18781,Technology,Computer Software: Prepackaged Software
ARQT,Arcutis Biotherapeutics Inc. Common Stock,$21.57,-0.12,-0.553%,2698048377.00,United States,2020,1865881,Health Care,Biotechnology: Pharmaceutical Preparations
ARRY,Array Technologies Inc. Common Stock,$8.62,-0.17,-1.934%,1325983378.00,United States,2020,3580284,Consumer Discretionary,Miscellaneous manufacturing industries
ARTC,Art Technology Acquisition Corp. Class A Ordinary Shares,$9.86,0.00,0.00%,0.00,United States,2026,29695,Finance,Blank Checks
ARTCU,Art Technology Acquisition Corp. Units,$9.94,0.01,0.101%,0.00,United States,2026,1100,,
ARTCW,Art Technology Acquisition Corp. Warrants,$0.35,0.01,2.941%,0.00,United States,2026,6017,,
ARTL,Artelo Biosciences Inc. Common Stock,$2.34,0.03,1.299%,5107144.00,United States,,85388,Health Care,Biotechnology: Pharmaceutical Preparations
ARTNA,Artesian Resources Corporation Class A Common Stock,$32.11,-0.26,-0.803%,331517704.00,United States,,27261,Utilities,Water Supply
ARTV,Artiva Biotherapeutics Inc. Common Stock,$10.68,0.18,1.714%,263974057.00,United States,2024,389716,Health Care,Biotechnology: Biological Products (No Diagnostic Substances)
ARTW,Art's-Way Manufacturing Co. Inc. Common Stock,$2.60,0.02,0.775%,13471604.00,United States,,6857,Industrials,Industrial Machinery/Components
ARVN,Arvinas Inc. Common Stock,$9.42,-0.45,-4.559%,607789685.00,United States,2018,1060016,Health Care,Biotechnology: Pharmaceutical Preparations
ARWR,Arrowhead Pharmaceuticals Inc. Common Stock,$79.69,1.81,2.324%,11224896003.00,United States,,1799476,Health Care,Biotechnology: Pharmaceutical Preparations
ARXS,Arxis Inc. Class A Common Stock,$36.10,0.70,1.977%,14700894411.00,United States,2026,685032,Industrials,Military/Government/Technical
ASBP,Aspire Biopharma Holdings Inc. Common Stock,$5.87,0.57,10.755%,983055.00,United States,2022,203471,Health Care,Biotechnology: Pharmaceutical Preparations
ASBPW,Aspire Biopharma Holdings Inc. Warrant,$0.0197,0.0006,3.141%,3299.00,United States,2022,41864,Health Care,Biotechnology: Pharmaceutical Preparations
ASLE,AerSale Corporation Common Stock,$6.46,-0.02,-0.309%,305253275.00,United States,2019,236777,Consumer Discretionary,Industrial Specialties
ASMB,Assembly Biosciences Inc. Common Stock,$30.30,-1.42,-4.477%,481546022.00,United States,2010,69476,Health Care,Biotechnology: Pharmaceutical Preparations
ASML,ASML Holding N.V. New York Registry Shares,$1584.51,2.93,0.185%,610698144369.00,Netherlands,1995,1412629,Technology,Industrial Machinery/Components
ASND,Ascendis Pharma A/S Ordinary Share,$245.49,1.91,0.784%,15214833890.00,Denmark,2015,278161,Health Care,Biotechnology: Pharmaceutical Preparations
ASO,Academy Sports and Outdoors Inc. Common Stock,$51.07,1.10,2.201%,3294430403.00,United States,2020,1455454,Consumer Discretionary,Other Specialty Stores
ASPC,A SPAC III Acquisition Corp. Class A Ordinary Shares,$11.53,0.23,2.035%,0.00,China,2025,3530,Finance,Blank Checks
ASPCU,A SPAC III Acquisition Corp. Unit,$11.20,0.09,0.81%,0.00,China,2024,268,Finance,Blank Checks
ASPI,ASP Isotopes Inc. Common Stock,$6.09,-0.23,-3.639%,766751992.00,United States,2022,4046524,Industrials,Major Chemicals
ASPS,Altisource Portfolio Solutions S.A. Common Stock,$6.46,-0.10,-1.524%,72862011.00,Luxembourg,,10120,Consumer Discretionary,Other Consumer Services
ASPSW,Altisource Portfolio Solutions S.A. Net Settle Stakeholder Warrants,$0.3952,-0.0238,-5.68%,4457441.00,Luxembourg,,19476,Consumer Discretionary,Other Consumer Services
ASPSZ,Altisource Portfolio Solutions S.A. Cash Exercise Stakeholder Warrants,$0.2085,-0.0214,-9.308%,2351661.00,Luxembourg,,14568,Consumer Discretionary,Other Consumer Services
ASRT,Assertio Holdings Inc. Common Stock,$23.32,0.00,0.00%,150698038.00,United States,,722491,Health Care,Biotechnology: Pharmaceutical Preparations
ASRV,AmeriServ Financial Inc. Common Stock,$3.87,0.12,3.20%,65651713.00,United States,,9771,Finance,Major Banks
ASST,Strive Inc. Class A Common Stock,$17.71,0.97,5.795%,1224802082.00,United States,2023,5358384,Technology,Computer Software: Prepackaged Software
ASTC,Astrotech Corporation (DE) Common Stock,$2.61,-0.08,-2.974%,4590867.00,United States,,34190,Industrials,Biotechnology: Laboratory Analytical Instruments
ASTE,Astec Industries Inc. Common Stock,$49.89,0.84,1.713%,1147102311.00,United States,1986,288866,Industrials,Construction/Ag Equipment/Trucks
ASTH,Astrana Health Inc. Common Stock,$39.16,-0.60,-1.509%,2181847175.00,United States,,367179,Consumer Discretionary,Professional Services
ASTI,Ascent Solar Technologies Inc. Common Stock,$5.00,0.07,1.42%,47309435.00,United States,,1432074,Technology,Semiconductors
ASTL,Algoma Steel Group Inc. Common Shares,$5.15,0.15,3.00%,541705098.00,Canada,,2113890,Industrials,Steel/Iron Ore
ASTLW,Algoma Steel Group Inc. Warrant,$0.0275,0.0025,10.00%,2892600.00,Canada,,100,Industrials,Steel/Iron Ore
ASTS,AST SpaceMobile Inc. Class A Common Stock,$83.01,8.20,10.961%,32218220722.00,United States,2019,27216885,Consumer Discretionary,Telecommunications Equipment
ASUR,Asure Software Inc Common Stock,$8.58,0.10,1.179%,246088411.00,United States,,108814,Technology,EDP Services
ASYS,Amtech Systems Inc. Common Stock,$22.455,1.745,8.426%,325577021.00,United States,,336237,Technology,Industrial Machinery/Components
ATAI,AtaiBeckley Inc. Common Stock,$4.04,-0.20,-4.717%,1487393363.00,Germany,2008,2885346,Health Care,Biotechnology: Pharmaceutical Preparations
ATAT,Atour Lifestyle Holdings Limited American Depositary Shares,$36.97,-0.09,-0.243%,5029516956.00,China,2022,1424393,Consumer Discretionary,Hotels/Resorts
ATCX,Atlas Critical Minerals Corporation Common Stock,$5.23,-0.15,-2.788%,26136637.00,Brazil,,24842,Basic Materials,Precious Metals
ATEC,Alphatec Holdings Inc. Common Stock,$7.57,0.02,0.265%,1164185039.00,United States,2006,2917087,Health Care,Medical/Dental Instruments
ATER,Aterian Inc. Common Stock,$1.15,0.09,8.491%,12447372.00,United States,2019,890569,Consumer Discretionary,Home Furnishings
ATEX,Anterix Inc. Common Stock,$56.62,1.33,2.405%,1060656175.00,United States,2015,252703,Telecommunications,Telecommunications Equipment
ATGL,Alpha Technology Group Limited Class A Ordinary Shares,$16.61,0.26,1.59%,273442125.00,China,2023,6591,Technology,EDP Services
ATHE,Alterity Therapeutics Limited American Depositary Shares,$4.67,0.05,1.082%,71674768.00,Australia,,27827,Health Care,Biotechnology: Pharmaceutical Preparations
ATHR,Aether Holdings Inc. Common Stock,$3.684,-0.0202,-0.545%,44641187.00,United States,2025,4007,Technology,Computer Software: Prepackaged Software
ATII,Archimedes Tech SPAC Partners II Co. Ordinary Shares,$10.90,0.045,0.415%,0.00,United States,2025,216858,,
ATIIW,Archimedes Tech SPAC Partners II Co. Warrant,$2.0298,0.0598,3.036%,0.00,United States,2025,130016,Finance,Blank Checks
ATLC,Atlanticus Holdings Corporation Common Stock,$80.27,3.95,5.176%,1213521619.00,United States,1995,49649,Finance,Finance: Consumer Services
ATLCL,Atlanticus Holdings Corporation 6.125% Senior Notes due 2026,$25.00,-0.045,-0.18%,378136225.00,United States,,3738,Finance,Finance: Consumer Services
ATLCP,Atlanticus Holdings Corporation 7.625% Series B Cumulative Perpetual Preferred Stock no par value per share,$23.90,-0.10,-0.417%,361320128.00,United States,,8292,Finance,Finance: Consumer Services
ATLCZ,Atlanticus Holdings Corporation 9.25% Senior Notes due 2029,$25.55,0.04,0.157%,386455222.00,United States,,24956,Finance,Finance: Consumer Services
ATLN,Atlantic International Corp. Common Stock,$1.54,0.02,1.316%,122211737.00,United States,2024,95768,Industrials,Biotechnology: Laboratory Analytical Instruments
ATLO,Ames National Corporation Common Stock,$27.86,0.12,0.433%,246762149.00,United States,,53809,Finance,Major Banks
ATLX,Atlas Lithium Corporation Common Stock,$4.67,-0.61,-11.553%,137722442.00,United States,,1785160,Industrials,Mining & Quarrying of Nonmetallic Minerals (No Fuels)
ATNI,ATN International Inc. Common Stock,$26.855,-0.055,-0.204%,413052807.00,United States,,62786,Telecommunications,Telecommunications Equipment
ATOM,Atomera Incorporated Common Stock,$9.63,-0.26,-2.629%,372839895.00,United States,2016,1813370,Technology,Semiconductors
ATOS,Atossa Therapeutics Inc. Common Stock,$5.15,-0.01,-0.194%,44348509.00,United States,2012,29935,Health Care,Biotechnology: Pharmaceutical Preparations
ATPC,Agape ATP Corporation Common Stock,$2.18,0.08,3.81%,2181365.00,Malaysia,,29267,Health Care,Medical/Nursing Services
ATRA,Atara Biotherapeutics Inc. Common Stock,$9.59,-0.89,-8.492%,86407549.00,United States,2014,302542,Health Care,Biotechnology: Biological Products (No Diagnostic Substances)
ATRC,AtriCure Inc. Common Stock,$28.15,1.56,5.867%,1425543306.00,United States,2005,638537,Health Care,Medical/Dental Instruments
ATRO,Astronics Corporation Common Stock,$82.71,2.62,3.271%,2964355762.00,United States,,719117,Industrials,Military/Government/Technical
ATXG,Addentax Group Corp. Common Stock,$5.00,-0.01,-0.20%,3905115.00,China,,64516,Consumer Discretionary,Professional Services
ATYR,aTyr Pharma Inc. Common Stock,$0.5599,0.164,41.425%,54898874.00,United States,2015,13902043,Health Care,Biotechnology: Biological Products (No Diagnostic Substances)
AUBN,Auburn National Bancorporation Inc. Common Stock,$23.87,0.14,0.59%,83384021.00,United States,,7632,Finance,Major Banks
AUDC,AudioCodes Ltd. Common Stock,$8.43,-0.02,-0.237%,218228287.00,Israel,1999,29417,Utilities,Telecommunications Equipment
AUGO,Aura Minerals Inc. Common Shares,$79.99,0.73,0.921%,6681925135.00,United States,,627678,,
AUID,authID Inc. Common Stock,$1.31,0.12,10.084%,21133558.00,United States,,174620,Technology,Computer Software: Prepackaged Software
AUPH,Aurinia Pharmaceuticals Inc Ordinary Shares,$15.84,-0.19,-1.185%,2058223052.00,Canada,,948118,Health Care,Biotechnology: Pharmaceutical Preparations
AUR,Aurora Innovation Inc. Class A Common Stock,$8.18,-0.22,-2.619%,16042641268.00,United States,2021,49801685,Technology,EDP Services
AURA,Aura Biosciences Inc. Common Stock,$7.98,-0.04,-0.499%,825024733.00,United States,2021,335615,Health Care,Biotechnology: Biological Products (No Diagnostic Substances)
AURE,Aurelion Inc. Class A Ordinary Shares,$2.46,0.19,8.37%,85113127.00,Hong Kong,2023,10251,Finance,Finance: Consumer Services
AUROW,Aurora Innovation Inc. Warrant,$0.78,-0.0199,-2.488%,1529738409.00,United States,2021,90993,Technology,EDP Services
AUTL,Autolus Therapeutics plc American Depositary Share,$1.59,-0.12,-7.018%,423167825.00,United Kingdom,2018,2996686,Health Care,Biotechnology: Biological Products (No Diagnostic Substances)
AUUD,Auddia Inc. Common Stock,$1.22,-0.12,-8.955%,611115.00,United States,2021,511390,Technology,EDP Services
AVAH,Aveanna Healthcare Holdings Inc. Common Stock,$7.44,0.67,9.897%,1618274742.00,United States,2021,4276622,Health Care,Medical/Nursing Services
AVAV,AeroVironment Inc. Common Stock,$165.27,4.28,2.659%,8252591023.00,United States,2007,968518,Industrials,Aerospace
AVBH,Avidbank Holdings Inc. Common stock,$29.39,0.19,0.651%,321972358.00,United States,,62887,Finance,Commercial Banks
AVBP,ArriVent BioPharma Inc. Common Stock,$28.42,-0.51,-1.763%,1323659454.00,United States,2024,274765,Health Care,Biotechnology: Pharmaceutical Preparations
AVGO,Broadcom Inc. Common Stock,$439.79,23.00,5.518%,2082259720641.00,United States,2009,19734026,Technology,Semiconductors
AVIR,Atea Pharmaceuticals Inc. Common Stock,$4.27,-0.30,-6.565%,341715713.00,United States,2020,685273,Health Care,Biotechnology: Pharmaceutical Preparations
AVLN,Avalyn Pharma Inc. Common Stock,$30.62,-0.21,-0.681%,1280284879.00,United States,2026,178239,Health Care,Biotechnology: Pharmaceutical Preparations
AVNW,Aviat Networks Inc. Common Stock,$16.37,1.02,6.645%,211819009.00,United States,,294432,Technology,Radio And Television Broadcasting And Communications Equipment
AVO,Mission Produce Inc. Common Stock,$12.36,-0.10,-0.803%,875661059.00,United States,2020,559253,Consumer Staples,Farming/Seeds/Milling
AVPT,AvePoint Inc. Class A Common Stock,$9.79,0.20,2.086%,2075648349.00,United States,2019,1856406,Technology,Computer Software: Prepackaged Software
AVR,Anteris Technologies Global Corp. Common Stock,$7.25,0.72,11.026%,705730972.00,United States,2024,1547357,Health Care,Industrial Specialties
AVT,Avnet Inc. Common Stock,$86.67,0.45,0.522%,7109027100.00,United States,,1293599,Technology,Electronic Components
AVTX,Avalo Therapeutics Inc. Common Stock,$19.01,-0.84,-4.232%,999271524.00,United States,2015,1706691,Health Care,Biotechnology: Pharmaceutical Preparations
AVX,Avax One Technology Ltd. Common Shares,$0.4853,-0.0068,-1.382%,43568401.00,Canada,2021,1799863,Finance,Finance: Consumer Services
AVXL,Anavex Life Sciences Corp. Common Stock,$3.08,0.00,0.00%,285429015.00,United States,,1250762,Health Care,Biotechnology: Biological Products (No Diagnostic Substances)
AWRE,Aware Inc. Common Stock,$1.21,-0.04,-3.20%,26173875.00,United States,1996,86589,Technology,Computer Software: Prepackaged Software
AXG,Solowin Holdings Class A Ordinary Share,$3.60,-0.01,-0.277%,680233777.00,Hong Kong,2023,74865,Finance,Investment Bankers/Brokers/Service
AXGN,Axogen Inc. Common Stock,$40.95,0.66,1.638%,2177631893.00,United States,,681978,Health Care,Biotechnology: Electromedical & Electrotherapeutic Apparatus
AXIN,Axiom Intelligence Acquisition Corp 1 Class A Ordinary Shares,$10.20,0.01,0.098%,0.00,United Kingdom,2025,33184,Finance,Blank Checks
AXINR,Axiom Intelligence Acquisition Corp 1 Right,$0.19,0.00,0.00%,0.00,United Kingdom,2025,1,Finance,Blank Checks
AXON,Axon Enterprise Inc. Common Stock,$388.19,11.37,3.017%,31288920271.00,United States,2001,893586,Industrials,Ordnance And Accessories
AXSM,Axsome Therapeutics Inc. Common Stock,$232.27,-3.05,-1.296%,11952559849.00,United States,2015,572511,Health Care,Biotechnology: Pharmaceutical Preparations
AXTI,AXT Inc Common Stock,$114.98,-6.955,-5.704%,6390453528.00,United States,1998,7281849,Technology,Semiconductors
AYA,Aya Gold & Silver Inc. Common Shares,$21.42,0.02,0.093%,3070551624.00,Canada,,514399,Basic Materials,Precious Metals
AYTU,Aytu BioPharma Inc.  Common Stock,$2.27,0.02,0.889%,24364382.00,United States,,71476,Health Care,Biotechnology: Pharmaceutical Preparations
AZ,A2Z Cust2Mate Solutions Corp. Common Shares,$6.72,0.25,3.864%,299342460.00,Canada,,805638,Industrials,Industrial Machinery/Components
AZI,Autozi Internet Technology (Global) Ltd. Class A Ordinary Shares,$1.365,0.135,10.976%,6211340.00,China,2024,73090,Consumer Discretionary,Automotive Aftermarket
AZTA,Azenta Inc.,$16.80,-0.23,-1.351%,774359107.00,United States,,1036489,Technology,Industrial Machinery/Components
BACC,Blue Acquisition Corp. Class A Ordinary Shares,$10.3501,-0.0599,-0.575%,0.00,United States,2025,5447,Finance,Blank Checks
BACCR,Blue Acquisition Corp. Right ,$0.35,-0.0015,-0.427%,0.00,United States,2025,29780,Finance,Blank Checks
BAER,Bridger Aerospace Group Holdings Inc. Common Stock,$1.73,-0.01,-0.575%,99713119.00,United States,,268426,Industrials,Aerospace
BAFN,BayFirst Financial Corp. Common Stock,$6.50,-0.29,-4.271%,26702468.00,United States,,54711,Finance,Major Banks
BAND,Bandwidth Inc. Class A Common Stock,$52.10,1.09,2.137%,1668101695.00,United States,2017,1020776,Technology,Computer Software: Prepackaged Software
BANF,BancFirst Corporation Common Stock,$108.88,0.48,0.443%,3656885817.00,United States,1993,142680,Finance,Major Banks
BANFP,BancFirst Corporation - BFC Capital Trust II Cumulative Trust Preferred Securities,$26.21,-0.2499,-0.944%,880299203.00,United States,,103,Finance,Major Banks
BANL,CBL International Limited Class B Ordinary Shares,$0.468,-0.0001,-0.021%,12870153.00,Malaysia,2023,74438,Energy,Oil Refining/Marketing
BANR,Banner Corporation Common Stock,$63.72,0.46,0.727%,2164437328.00,United States,,208070,Finance,Major Banks
BANX,ArrowMark Financial Corp. Common Stock,$19.66,0.04,0.204%,139637627.00,United States,,23054,Finance,Trusts Except Educational Religious and Charitable
BAOS,Baosheng Media Group Holdings Limited Ordinary shares,$3.02,0.0001,0.003%,4634151.00,China,2021,16334,Real Estate,Real Estate
BATRA,Atlanta Braves Holdings Inc. Series A Common Stock,$54.48,0.08,0.147%,3494555368.00,United States,,38219,Consumer Discretionary,Services-Misc. Amusement & Recreation
BATRK,Atlanta Braves Holdings Inc. Series C Common Stock,$50.88,0.10,0.197%,3263637612.00,United States,,294134,Consumer Discretionary,Services-Misc. Amusement & Recreation
BAYA,Bayview Acquisition Corp Ordinary Shares,$12.03,0.07,0.585%,0.00,United States,2023,983,,
BBCP,Concrete Pumping Holdings Inc. Common Stock,$7.27,-0.03,-0.411%,367211379.00,United States,2017,183926,Consumer Discretionary,Engineering & Construction
BBCQ,Bleichroeder Acquisition Corp. II Class A Ordinary Shares,$10.34,-0.02,-0.193%,0.00,United States,2026,888241,,
BBCQW,Bleichroeder Acquisition Corp. II Warrants,$1.60,0.04,2.564%,0.00,United States,2026,10726,,
BBGI,Beasley Broadcast Group Inc. Class A Common Stock,$15.27,-1.53,-9.107%,27582308.00,United States,2000,44955,Consumer Discretionary,Broadcasting
BBIO,BridgeBio Pharma Inc. Common Stock,$69.66,1.05,1.53%,13632998521.00,United States,2019,2237003,Health Care,Biotechnology: Pharmaceutical Preparations
BBLG,Bone Biologics Corp Common Stock,$1.27,-0.0295,-2.27%,2279980.00,United States,,13581,Health Care,Industrial Specialties
BBLGW,Bone Biologics Corp Warrants,$19.90,0.00,0.00%,35725674.00,United States,,2,Health Care,Industrial Specialties
BBNX,Beta Bionics Inc. Common Stock,$9.20,-0.43,-4.465%,409967594.00,United States,2025,611279,Health Care,Medical/Dental Instruments
BBOT,BridgeBio Oncology Therapeutics Inc. Common Stock  ,$8.51,0.43,5.322%,681711455.00,United States,2024,343237,Health Care,Biotechnology: Pharmaceutical Preparations
BBSI,Barrett Business Services Inc. Common Stock,$29.21,0.44,1.529%,717387347.00,United States,1993,277371,Consumer Discretionary,Professional Services
BCAB,BioAtla Inc. Common Stock,$4.37,-0.03,-0.682%,7240767.00,United States,2020,9971,Health Care,Biotechnology: Biological Products (No Diagnostic Substances)
BCAL,California BanCorp Common Stock,$18.64,0.04,0.215%,599552319.00,United States,,135177,Finance,Major Banks
BCAR,D. Boral ARC Acquisition I Corp. Class A Ordinary Shares,$10.47,0.09,0.867%,0.00,United States,2025,889087,Finance,Blank Checks
BCARU,D. Boral ARC Acquisition I Corp. Units,$11.25,-0.10,-0.881%,0.00,United States,2025,1056,Finance,Blank Checks
BCARW,D. Boral ARC Acquisition I Corp. Warrant,$1.58,0.20,14.493%,0.00,United States,2025,533107,Finance,Blank Checks
BCAX,Bicara Therapeutics Inc. Common Stock,$20.65,-0.34,-1.62%,1356784833.00,United States,2024,1294921,Health Care,Biotechnology: Pharmaceutical Preparations
BCBP,BCB Bancorp Inc. (NJ) Common Stock,$9.81,0.19,1.975%,170332570.00,United States,2005,73563,Finance,Savings Institutions
BCDA,BioCardia Inc. Common Stock,$1.09,0.02,1.869%,11925005.00,United States,,150871,Health Care,Biotechnology: Biological Products (No Diagnostic Substances)
BCG,Binah Capital Group Inc. Common Stock,$1.93,0.03,1.579%,32042748.00,United States,,42830,Finance,Finance: Consumer Services
BCIC,BCP Investment Corporation Common Stock,$7.87,-0.09,-1.131%,97410775.00,United States,2006,74873,Finance,Finance: Consumer Services
BCML,BayCom Corp Common Stock,$30.42,0.06,0.198%,331861423.00,United States,2018,54627,Finance,Major Banks
BCPC,Balchem Corporation Common Stock,$161.09,0.44,0.274%,5175795281.00,United States,,142086,Industrials,Major Chemicals
BCRX,BioCryst Pharmaceuticals Inc. Common Stock,$9.57,-0.03,-0.313%,2432336656.00,United States,1994,5326954,Health Care,Biotechnology: Biological Products (No Diagnostic Substances)
BCTX,BriaCell Therapeutics Corp. Common Shares,$4.05,-0.13,-3.11%,29364472.00,Canada,,285207,Health Care,Biotechnology: Pharmaceutical Preparations
BCTXL,BriaCell Therapeutics Corp. Warrant expiring 2031,$1.11,0.06,5.714%,8048041.00,Canada,,20566,,
BCTXZ,BriaCell Therapeutics Corp. Warrant expiring 2030,$0.0894,0.0009,1.017%,648194.00,Canada,,75139,Health Care,Biotechnology: Pharmaceutical Preparations
BCYC,Bicycle Therapeutics plc American Depositary Shares,$4.67,-0.07,-1.477%,326018421.00,United Kingdom,2019,252288,Health Care,Biotechnology: Pharmaceutical Preparations
BDCI,BTC Development Corp. Class A Ordinary Shares,$10.03,0.00,0.00%,0.00,United States,2025,150,Finance,Blank Checks
BDCIW,BTC Development Corp. Warrant,$0.45,0.00,0.00%,0.00,United States,2025,14691,Finance,Blank Checks
BDMD,Baird Medical Investment Holdings Ltd Ordinary Share,$1.69,-0.01,-0.588%,69255156.00,China,,166386,Health Care,Medical/Dental Instruments
BDRX,Biodexa Pharmaceuticals plc American Depositary Shs,$3.40,-0.315,-8.479%,2204268.00,United Kingdom,,22055,Health Care,Biotechnology: Pharmaceutical Preparations
BDSX,Biodesix Inc. Common Stock,$14.76,0.12,0.82%,149202641.00,United States,2020,30560,Health Care,Medical Specialities
BDTX,Black Diamond Therapeutics Inc. Common Stock,$2.86,0.00,0.00%,163883074.00,United States,2020,578135,Health Care,Biotechnology: Biological Products (No Diagnostic Substances)
BEAG,Bold Eagle Acquisition Corp. Class A Ordinary Shares,$10.54,-0.0009,-0.009%,0.00,United States,2024,30424,,
BEAGR,Bold Eagle Acquisition Corp. Right,$0.23,0.0089,4.025%,0.00,United States,2024,21700,,
BEAM,Beam Therapeutics Inc. Common Stock,$29.53,-2.32,-7.284%,3038023189.00,United States,2020,2424431,Health Care,Biotechnology: Biological Products (No Diagnostic Substances)
BEAT,Heartbeam Inc. Common Stock,$1.04,0.03,2.97%,57727108.00,United States,2021,1493471,Health Care,Medical/Dental Instruments
BEATW,Heartbeam Inc. Warrant,$0.085,0.0097,12.882%,4718081.00,United States,2021,7600,Health Care,Medical/Dental Instruments
BEEM,Beam Global Common Stock,$1.85,0.00,0.00%,39103419.00,United States,,397988,Technology,Semiconductors
BEEP,Mobile Infrastructure Corporation Common Stock,$1.82,-0.115,-5.943%,74984000.00,United States,,56529,Finance,Blank Checks
BELFA,Bel Fuse Inc. Class A Common Stock,$242.20,2.28,0.95%,3081439635.00,United States,,16802,,
BELFB,Bel Fuse Inc. Class B Common Stock,$268.73,1.81,0.678%,3418973052.00,United States,,1064878,,
BENF,Beneficient Class A Common Stock,$3.31,0.10,3.115%,47047446.00,United States,,8749,Finance,Finance: Consumer Services
BENFW,Beneficient Warrant,$0.0105,0.0004,3.96%,149244.00,United States,,300,Finance,Finance: Consumer Services
BETR,Better Home & Finance Holding Company Class A Common Stock,$29.10,0.10,0.345%,549111849.00,United Kingdom,2021,782519,Finance,Finance: Consumer Services
BETRW,Better Home & Finance Holding Company Warrant,$0.2551,0.0501,24.439%,4813692.00,United Kingdom,2021,103,Finance,Finance: Consumer Services
BFC,Bank First Corporation Common Stock,$143.77,0.23,0.16%,1604928807.00,United States,,45347,Finance,Major Banks
BFRG,Bullfrog AI Holdings Inc. Common Stock,$0.6159,-0.0141,-2.238%,11413160.00,United States,2023,297037,Health Care,Biotechnology: Pharmaceutical Preparations
BFRGW,Bullfrog AI Holdings Inc. Warrants,$0.2077,-0.0173,-7.689%,3848861.00,United States,2023,1129,Health Care,Biotechnology: Pharmaceutical Preparations
BFRI,Biofrontera Inc. Common Stock,$0.9886,0.0288,3.001%,11870672.00,United States,2021,407194,Health Care,Biotechnology: Pharmaceutical Preparations
BFRIW,Biofrontera Inc. Warrants,$0.0221,-0.0082,-27.063%,265367.00,United States,2021,15198,Health Care,Biotechnology: Pharmaceutical Preparations
BFST,Business First Bancshares Inc. Common Stock,$27.14,0.10,0.37%,886880052.00,United States,,129454,Finance,Major Banks
BGC,BGC Group Inc. Class A Common Stock,$11.42,0.26,2.33%,5470826795.00,United States,,3119664,Finance,Investment Bankers/Brokers/Service
BGDE,Big Digital Energy Inc. Common Stock,$6.30,0.30,5.00%,34566399.00,Australia,,135825,Finance,Finance: Consumer Services
BGIN,Bgin Blockchain Limited Class A Ordinary Shares,$3.59,0.09,2.571%,406158028.00,China,2025,23319,Finance,Finance: Consumer Services
BGL,Blue Gold Limited Class A Ordinary Shares,$1.02,0.00,0.00%,41654528.00,United Kingdom,,262451,Basic Materials,Metal Mining
BGLC,BioNexus Gene Lab Corp Common stock,$1.98,0.005,0.253%,4786282.00,Malaysia,,13331,Health Care,Medical Specialities
BGLWW,Blue Gold Limited Warrant,$0.28,0.00,0.00%,11434576.00,United Kingdom,,420,Basic Materials,Metal Mining
BGM,BGM Group Ltd. Class A Ordinary Shares,$0.299,0.0369,14.079%,55004019.00,China,2021,192805,Health Care,Biotechnology: Pharmaceutical Preparations
BGMS,Bio Green Med Solution Inc. Common Stock,$1.05,0.05,5.00%,0.00,United States,,11839,,
BHAV,BHAV Acquisition Corp Class A Ordinary Shares,$9.89,-0.01,-0.101%,0.00,United States,2026,303974,,
BHAVR,BHAV Acquisition Corp Rights,$0.2101,-0.0099,-4.50%,0.00,United States,2026,1400,Finance,Blank Checks
BHAVU,BHAV Acquisition Corp Units,$10.10,-0.005,-0.049%,0.00,United States,2026,4011,,
BHF,Brighthouse Financial Inc. Common Stock,$61.42,0.13,0.212%,3528320115.00,United States,,323290,Finance,Life Insurance
BHFAL,Brighthouse Financial Inc. 6.25% Junior Subordinated Debentures due 2058,$16.85,0.00,0.00%,967961477.00,United States,,10213,Finance,Life Insurance
BHFAM,Brighthouse Financial Inc. Depositary shares each representing a 1/1000th Interest in a Share of 4.625% Non-Cumulative Preferred Stock Series D,$11.6199,0.0799,0.692%,667514277.00,United States,,7259,Finance,Life Insurance
BHFAN,Brighthouse Financial Inc. Depositary shares each representing a 1/1000th interest in a share of 5.375% Non-Cumulative Preferred Stock Series C,$13.115,0.065,0.498%,753401470.00,United States,,18822,Finance,Life Insurance
BHFAO,Brighthouse Financial Inc. Depositary Shares 6.75% Non-Cumulative Preferred Stock Series B,$16.68,0.13,0.785%,958195694.00,United States,,15802,Finance,Life Insurance
BHFAP,Brighthouse Financial Inc. Depositary Shares 6.6% Non-Cumulative Preferred Stock Series A,$15.99,0.08,0.503%,918558102.00,United States,,11636,Finance,Life Insurance
BHRB,Burke & Herbert Financial Services Corp. Common Stock,$62.325,0.285,0.459%,1255836659.00,United States,,98310,Finance,Major Banks
BHST,BioHarvest Sciences Inc. Common Stock,$4.16,0.155,3.87%,94241842.00,Canada,,18501,,
BIAF,bioAffinity Technologies Inc. Common Stock,$1.99,0.10,5.291%,9024463.00,United States,2022,163646,Health Care,Biotechnology: Commercial Physical & Biological Resarch
BIAFW,bioAffinity Technologies Inc. Warrant,$0.2648,0.0248,10.333%,1200843.00,United States,2022,198,Health Care,Biotechnology: Commercial Physical & Biological Resarch
BIDU,Baidu Inc. ADS,$143.29,-7.21,-4.791%,48754803508.00,China,2005,2989238,Technology,Computer Software: Programming Data Processing
BIIB,Biogen Inc. Common Stock,$191.37,-13.16,-6.434%,28253315080.00,United States,,2812933,Health Care,Biotechnology: Biological Products (No Diagnostic Substances)
BILI,Bilibili Inc. American Depositary Shares,$20.32,-2.02,-9.042%,8465792507.00,China,2018,5877671,Technology,EDP Services
BIOA,BioAge Labs Inc. Common Stock,$18.715,-0.425,-2.22%,831932917.00,United States,2024,340843,Health Care,Biotechnology: Pharmaceutical Preparations
BIOX,Bioceres Crop Solutions Corp. Ordinary Shares,$0.4494,0.0405,9.905%,28414771.00,Argentina,,279986,Industrials,Agricultural Chemicals
BIRD,Allbirds Inc. Class A Common Stock,$4.51,-0.12,-2.592%,39273680.00,United States,2021,608925,Consumer Discretionary,Apparel
BIVI,BioVie Inc. Class A Common Stock,$1.38,0.07,5.344%,10407738.00,United States,,59241,Health Care,Biotechnology: Pharmaceutical Preparations
BIXI,Bitcoin Infrastructure Acquisition Corp Ltd. Class A Ordinary Shares,$9.97,0.00,0.00%,0.00,United States,2025,24,,
BIXIU,Bitcoin Infrastructure Acquisition Corp Ltd. Unit ,$10.08,0.00,0.00%,0.00,United States,2025,1,Finance,Blank Checks
BIXIW,Bitcoin Infrastructure Acquisition Corp Ltd. Warrant,$0.3064,0.0464,17.846%,0.00,United States,2025,300,,
BIYA,Baiya International Group Inc. Ordinary Shares,$0.7727,-0.0372,-4.593%,1767105.00,China,2025,13085640,Consumer Discretionary,Diversified Commercial Services
BJDX,Bluejay Diagnostics Inc. Common Stock,$1.745,-0.035,-1.966%,1805578.00,United States,2021,4829,Health Care,Medical/Dental Instruments
BJRI,BJ's Restaurants Inc. Common Stock,$41.72,0.38,0.919%,876826069.00,United States,,276380,Consumer Discretionary,Restaurants
BKHA,Black Hawk Acquisition Corporation Class A Ordinary Shares,$11.72,0.01,0.085%,0.00,United States,2024,1005,Health Care,Biotechnology: Biological Products (No Diagnostic Substances)
BKHAR,Black Hawk Acquisition Corporation Rights,$1.34,-0.02,-1.471%,0.00,United States,2024,5700,Health Care,Biotechnology: Biological Products (No Diagnostic Substances)
BKHAU,Black Hawk Acquisition Corporation Units,$11.90,0.30,2.586%,0.00,United States,2024,1001,,
BKNG,Booking Holdings Inc. Common Stock,$154.48,-0.55,-0.355%,119703220793.00,United States,,5678558,Consumer Discretionary,Transportation Services
BKR,Baker Hughes Company Class A Common Stock,$64.61,-0.80,-1.223%,64097558513.00,United States,,5912899,Consumer Discretionary,Oil and Gas Field Machinery
BL,BlackLine Inc. Common Stock,$26.84,1.61,6.381%,1574459012.00,United States,2016,1955675,Technology,Computer Software: Prepackaged Software
BLBD,Blue Bird Corporation Common Stock,$72.45,1.45,2.042%,2292795373.00,United States,2014,621353,Consumer Discretionary,Construction/Ag Equipment/Trucks
BLDP,Ballard Power Systems Inc. Common Shares,$4.13,-0.01,-0.242%,1245095256.00,Canada,,9439424,Energy,Industrial Machinery/Components
BLFS,BioLife Solutions Inc. Common Stock,$21.06,-0.11,-0.52%,1028937160.00,United States,,262106,Health Care,Biotechnology: Electromedical & Electrotherapeutic Apparatus
BLIN,Bridgeline Digital Inc. Common Stock,$0.9895,0.1093,12.418%,12467580.00,United States,2007,31020,Technology,Computer Software: Prepackaged Software
BLIV,BeLive Holdings Ordinary Share,$2.33,-0.10,-4.115%,25314989.00,Singapore,2025,490,Technology,EDP Services
BLKB,Blackbaud Inc. Common Stock,$31.21,-0.13,-0.415%,1433541028.00,United States,2004,631869,Technology,Computer Software: Prepackaged Software
BLLN,BillionToOne Inc. Class A Common Stock,$87.94,-2.65,-2.925%,4044842863.00,United States,2025,502024,Health Care,Medical Specialities
BLMN,Bloomin' Brands Inc. Common Stock,$8.14,-0.14,-1.691%,696900296.00,United States,2012,2135868,Consumer Discretionary,Restaurants
BLNE,Beeline Holdings Inc. Common Stock,$1.75,0.00,0.00%,53632896.00,United States,,517147,Finance,Finance: Consumer Services
BLNK,Blink Charging Co. Common Stock,$0.8749,-0.0349,-3.836%,125707608.00,United States,,3030401,Consumer Discretionary,Industrial Specialties
BLRK,Bluerock Acquisition Corp. Class A Ordinary Shares,$9.94,0.00,0.00%,0.00,United States,2026,137,,
BLRKU,Bluerock Acquisition Corp. Unit,$10.03,0.01,0.10%,0.00,United States,2025,100,,
BLRX,BioLineRx Ltd. American Depositary Shares,$3.06,-0.07,-2.236%,13315152.00,Israel,,12709,Health Care,Biotechnology: Pharmaceutical Preparations
BLTE,Belite Bio Inc American Depositary Shares,$149.95,-3.57,-2.325%,5899027002.00,United States,2022,164584,Health Care,Biotechnology: Pharmaceutical Preparations
BLUW,Blue Water Acquisition Corp. III Class A Ordinary Shares,$10.25,0.00,0.00%,74261250.00,United States,2025,14712,,
BLUWW,Blue Water Acquisition Corp. III Warrant.,$0.43,0.01,2.381%,3115350.00,United States,2025,15903,,
BLZE,Backblaze Inc. Class A Common Stock,$7.27,-0.10,-1.357%,436200000.00,United States,2021,1384048,Technology,Computer Software: Prepackaged Software
BLZR,Trailblazer Acquisition Corp. Class A Ordinary Shares,$10.10,0.00,0.00%,0.00,United States,2025,314295,Finance,Blank Checks
BLZRU,Trailblazer Acquisition Corp. Unit,$10.25,0.03,0.294%,0.00,United States,2025,210,,
BLZRW,Trailblazer Acquisition Corp. Warrant,$0.47,0.03,6.818%,0.00,United States,2025,1167,Finance,Blank Checks
BMBL,Bumble Inc. Class A Common Stock,$3.26,-0.14,-4.118%,425205608.00,United States,2021,2237723,Technology,Computer Software: Programming Data Processing
BMEA,Biomea Fusion Inc. Common Stock,$1.43,-0.05,-3.378%,103388199.00,United States,2021,1243479,Health Care,Biotechnology: Pharmaceutical Preparations
BMGL,Basel Medical Group Ltd Ordinary Shares,$0.70,-0.0232,-3.208%,13150025.00,Singapore,2025,14980,Health Care,Medical/Nursing Services
BMHL,Bluemount Holdings Limited Class B Ordinary Shares,$3.93,-0.02,-0.506%,94340228.00,Hong Kong,2025,10137,Finance,Finance: Consumer Services
BMM,Blue Moon Metals Inc. Common Shares,$7.29,-0.04,-0.546%,645200539.00,Canada,,86940,,
BMR,Beamr Imaging Ltd. Ordinary Share,$1.89,0.05,2.717%,29351424.00,Israel,2023,81715,Technology,Computer Software: Prepackaged Software
BMRA,Biomerica Inc. Common Stock,$2.41,0.16,7.111%,7447548.00,United States,,108688,Health Care,Biotechnology: In Vitro & In Vivo Diagnostic Substances
BMRC,Bank of Marin Bancorp Common Stock,$25.61,0.02,0.078%,414618396.00,United States,,107558,Finance,Major Banks
BMRN,BioMarin Pharmaceutical Inc. Common Stock,$53.24,-0.31,-0.579%,10290463479.00,United States,1999,1158940,Health Care,Biotechnology: Pharmaceutical Preparations
BNAI,Brand Engagement Network Inc. Common Stock,$23.16,-1.71,-6.876%,135670238.00,United States,2021,159884,Technology,EDP Services
BNAIW,Brand Engagement Network Inc. Warrant,$0.157,-0.003,-1.875%,919699.00,United States,2021,23217,Technology,EDP Services
BNBX,BNB Plus Corp. Common Stock,$0.47,-0.011,-2.287%,2560310.00,United States,,37850,Consumer Discretionary,Other Consumer Services
BNC,CEA Industries Inc. Common Stock,$3.09,0.03,0.98%,132548149.00,United States,,361852,Industrials,Industrial Machinery/Components
BNCWW,CEA Industries Inc. Warrant,$0.0205,0.00,0.00%,0.00,United States,,20,,
BNCWZ,CEA Industries Inc. Warrant,$0.30,-0.05,-14.286%,12868752.00,United States,,519,Industrials,Industrial Machinery/Components
BNGO,Bionano Genomics Inc. Common Stock,$1.19,-0.06,-4.80%,13655250.00,United States,2018,287981,Industrials,Biotechnology: Laboratory Analytical Instruments
BNKK,Bonk Inc. Common Stock,$2.18,-0.02,-0.909%,17442049.00,United States,2020,5956924,Consumer Discretionary,Package Goods/Cosmetics
BNR,Burning Rock Biotech Limited American Depositary Shares,$18.56,1.80,10.74%,195740126.00,China,2020,4202,Health Care,Medical Specialities
BNRG,Brenmiller Energy Ltd Ordinary Shares,$2.11,-0.18,-7.86%,1140531.00,Israel,,10373820,Industrials,Building Products
BNTC,Benitec Biopharma Inc. Common Stock,$11.85,0.20,1.717%,407098858.00,United States,2015,64017,Health Care,Biotechnology: Pharmaceutical Preparations
BNTX,BioNTech SE American Depositary Share,$91.99,-0.24,-0.26%,23119418027.00,Germany,2019,646503,Health Care,Biotechnology: Biological Products (No Diagnostic Substances)
BNZI,Banzai International Inc. Class A Common Stock,$6.53,1.48,29.307%,7701293.00,United States,2021,345474,Technology,Computer Software: Prepackaged Software
BNZIW,Banzai International Inc. Warrant,$0.0102,0.00,0.00%,12030.00,United States,2021,39145,Technology,Computer Software: Prepackaged Software
BODI,The Beachbody Company Inc. Class A Common Stock,$12.64,0.03,0.238%,91535897.00,United States,,97245,Consumer Discretionary,Other Consumer Services
BOF,BranchOut Food Inc. Common Stock,$3.88,0.65,20.124%,56579774.00,United States,2023,278769,Consumer Staples,Packaged Foods
BOKF,BOK Financial Corporation Common Stock,$127.31,0.38,0.299%,7735490549.00,United States,,229308,Finance,Major Banks
BOLD,Boundless Bio Inc. Common Stock,$1.55,0.01,0.649%,34819372.00,United States,2024,282893,Health Care,Biotechnology: Pharmaceutical Preparations
BOLT,Bolt Biotherapeutics Inc. Common Stock,$5.00,0.17,3.52%,9607835.00,United States,2021,25686,Health Care,Biotechnology: Pharmaceutical Preparations
BON,Bon Natural Life Limited Class A Ordinary Shares,$1.22,0.00,0.00%,9917148.00,China,2021,16742,Health Care, Medicinal Chemicals and Botanical Products 
BOOM,DMC Global Inc. Common Stock,$7.37,-0.01,-0.136%,150855108.00,United States,,149127,Industrials,Industrial Specialties
BOSC,B.O.S. Better Online Solutions Common Stock,$4.59,0.00,0.00%,32358628.00,Israel,,34163,Telecommunications,Computer Communications Equipment
BOT,RoboStrategy Inc. Common Stock,$27.10,6.09,28.986%,0.00,Puerto Rico,,816574,,
BOTJ,Bank of the James Financial Group Inc. Common Stock,$22.95,-0.07,-0.304%,104269607.00,United States,,4867,Finance,Major Banks
BOXL,Boxlight Corporation Class A Common Stock,$0.871,0.1147,15.166%,3485487.00,United States,2017,257087,Real Estate,Other Consumer Services
BPACR,Blueport Acquisition Ltd Rights,$0.195,0.0149,8.273%,0.00,United States,2026,200,,
BPOP,Popular Inc. Common Stock,$144.84,1.78,1.244%,9347641772.00,United States,,409679,Finance,Major Banks
BPOPM,Popular Inc. Popular Capital Trust II - 6.125% Cumulative Monthly Income Trust Preferred Securities,$25.3895,0.0595,0.235%,1638580163.00,United States,,1191,Finance,Major Banks
BPRN,Princeton Bancorp Inc. Common Stock (PA),$35.01,0.41,1.185%,238458362.00,United States,,5567,Finance,Major Banks
BPYPM,Brookfield Property Partners L.P. 6.25% Class A Cumulative Redeemable Preferred Units Series 1,$17.00,0.01,0.059%,17672867650.00,Bermuda,,6869,Finance,Real Estate
BPYPN,Brookfield Property Partners L.P. 5.750% Class A Cumulative Redeemable Perpetual Preferred Units Series 3,$13.97,0.00,0.00%,14522938887.00,Bermuda,,6847,Finance,Real Estate
BPYPO,Brookfield Property Partners L.P. 6.375% Class A Cumulative Redeemable Perpetual Preferred Units Series 2,$15.30,0.0601,0.394%,15905580885.00,Bermuda,,6487,Finance,Real Estate
BPYPP,Brookfield Property Partners L.P. 6.50% Class A Cumulative Redeemable Perpetual Preferred Units,$15.85,-0.07,-0.44%,16477350133.00,Bermuda,,13263,Finance,Real Estate
BRAG,Bragg Gaming Group Inc. Common Shares,$1.81,-0.31,-14.623%,46251460.00,Canada,,195734,Technology,Office Equipment/Supplies/Services
BRAI,Braiin Limited Common Stock,$7.26,0.1617,2.278%,1496200535.00,Australia,,10742,Technology,EDP Services
BRBI,BRBI BR Partners S.A. ADSs,$13.80,0.00,0.00%,691884335.00,Brazil,,218,Finance,Finance: Consumer Services
BRCB,Black Rock Coffee Bar Inc. Class A Common Stock,$7.16,-0.49,-6.405%,358399578.00,United States,2025,2055560,Consumer Discretionary,Restaurants
BREZU,Breeze Acquisition Corp. II Units,$9.99,-0.005,-0.05%,0.00,United States,2026,1022299,Finance,Blank Checks
BRFH,Barfresh Food Group Inc. Common Stock,$2.41,0.10,4.329%,38905837.00,United States,,8376,Consumer Staples,Packaged Foods
BRID,Bridgford Foods Corporation Common Stock,$7.70,0.24,3.217%,69891606.00,United States,,2085,Consumer Staples,Specialty Foods
BRKR,Bruker Corporation Common Stock,$44.16,0.31,0.707%,6844165156.00,United States,,1912996,Industrials,Biotechnology: Laboratory Analytical Instruments
BRKRP,Bruker Corporation 6.375% Mandatory Convertible Preferred Stock Series A,$344.93,4.305,1.264%,53459191286.00,United States,,11776,Industrials,Biotechnology: Laboratory Analytical Instruments
BRLS,Borealis Foods Inc. Class A Common Shares,$1.35,0.02,1.504%,28975463.00,Canada,2021,18533,Consumer Staples,Packaged Foods
BRLT,Brilliant Earth Group Inc. Class A Common Stock,$1.26,0.03,2.439%,127513512.00,United States,2021,40086,Consumer Discretionary,Consumer Specialties
BRNS,Barinthus Biotherapeutics plc American Depositary Shares,$0.711,0.0309,4.543%,29043563.00,United Kingdom,2021,35263,Health Care,Biotechnology: Pharmaceutical Preparations
BRR,ProCap Financial Inc. Common Stock,$1.95,0.03,1.563%,159237296.00,United States,2025,947734,Finance,Finance: Consumer Services
BRRWW,ProCap Financial Inc. Warrant,$0.2801,0.00,0.00%,22873009.00,United States,2025,56,Finance,Finance: Consumer Services
BRTX,BioRestorative Therapies Inc. Common Stock (NV),$0.1889,0.0029,1.559%,4812826.00,United States,,562006,Health Care,Managed Health Care
BRUN,Boost Run Inc. Class A Common Stock,$26.04,5.04,24.00%,2103365272.00,United States,,3099938,Technology,EDP Services
BRUNW,Boost Run Inc. Warrant,$14.06,4.15,41.877%,0.00,United States,,290225,Technology,EDP Services
BRZE,Braze Inc. Class A Common Stock,$19.87,0.44,2.265%,2418811899.00,United States,2021,1710181,Technology,Computer Software: Prepackaged Software
BSAA,BEST SPAC I Acquisition Corp. Class A Ordinary Shares,$10.32,-0.01,-0.097%,,Hong Kong,2025,3311,Finance,Blank Checks
BSBK,Bogota Financial Corp. Common Stock,$8.57,0.09,1.061%,110162208.00,United States,2020,28034,Finance,Banks
BSET,Bassett Furniture Industries Incorporated Common Stock,$14.42,0.16,1.122%,124693114.00,United States,,43348,Consumer Discretionary,Home Furnishings
BSRR,Sierra Bancorp Common Stock,$37.46,0.52,1.408%,489946233.00,United States,,50508,Finance,Major Banks
BSVN,Bank7 Corp. Common stock,$42.27,0.49,1.173%,402382290.00,United States,2018,7543,Finance,Major Banks
BSY,Bentley Systems Incorporated Class B Common Stock,$31.74,0.49,1.568%,9642506433.00,United States,2020,3159450,Technology,Computer Software: Prepackaged Software
BTAI,BioXcel Therapeutics Inc. Common Stock,$1.21,0.02,1.681%,32760249.00,United States,2018,292223,Health Care,Biotechnology: Pharmaceutical Preparations
BTBD,BT Brands Inc. Common Stock,$1.11,0.00,0.00%,6831744.00,United States,2021,53174,Consumer Discretionary,Restaurants
BTBDW,BT Brands Inc. Warrant,$0.0505,0.00,0.00%,310814.00,United States,2021,92,Consumer Discretionary,Restaurants
BTBT,Bit Digital Inc. Ordinary Shares,$2.13,0.10,4.926%,695609476.00,United States,2018,49866902,Finance,Finance: Consumer Services
BTCS,BTCS Inc. Common Stock,$2.12,0.06,2.913%,105523787.00,United States,,670410,Finance,Finance: Consumer Services
BTCT,BTC Digital Ltd. Ordinary Shares,$1.17,0.04,3.54%,11134861.00,China,,57871,Real Estate,Other Consumer Services
BTDR,Bitdeer Technologies Group Class A Ordinary Shares,$14.75,1.53,11.573%,3588876382.00,Singapore,,14133092,Finance,Finance: Consumer Services
BTM,Bitcoin Depot Inc. Class A Common Stock,$2.78,0.16,6.107%,31548991.00,United States,2022,815367,Finance,Finance: Consumer Services
BTMD,Biote Corp. Class A Common Stock,$1.95,-0.08,-3.941%,73283543.00,United States,,159868,Health Care, Medicinal Chemicals and Botanical Products 
BTMWW,Bitcoin Depot Inc. Warrant,$0.016,-0.0035,-17.949%,181577.00,United States,2022,285373,Finance,Finance: Consumer Services
BTOC,Armlogi Holding Corp. Common Stock,$0.2822,-0.0298,-9.551%,12824037.00,United States,2024,292121,Consumer Discretionary,Office Equipment/Supplies/Services
BTOG,Bit Origin Limited Class A Ordinary Shares,$1.88,0.17,9.942%,2776463.00,United States,2019,258757,Finance,Finance: Consumer Services
BTQ,BTQ Technologies Corp. Common Stock,$3.23,0.09,2.866%,456434304.00,Canada,,2023867,,
BTSG,BrightSpring Health Services Inc. Common Stock,$58.40,1.90,3.363%,11324834443.00,United States,2024,1852714,Health Care,Medical/Nursing Services
BTSGU,BrightSpring Health Services Inc. Tangible Equity Unit,$186.42,0.00,0.00%,36150267755.00,United States,2024,440,Health Care,Medical/Nursing Services
BTTC,Black Titan Corporation Ordinary Shares,$1.28,0.01,0.787%,1702700.00,Malaysia,,29067,Health Care,Biotechnology: Biological Products (No Diagnostic Substances)
BULL,Webull Corporation Class A Ordinary Shares,$7.30,0.22,3.107%,3882276255.00,United States,,11705166,Finance,Investment Bankers/Brokers/Service
BULLW,Webull Corporation Warrants,$2.3799,0.1499,6.722%,1265675241.00,United States,,2946,Finance,Investment Bankers/Brokers/Service
BUSE,First Busey Corporation Class A Common Stock,$26.15,0.22,0.848%,2211692734.00,United States,,525001,Finance,Major Banks
BUSEP,First Busey Corporation Depositary Shares Each Representing a 1/40thInterest in a Share of 8.25% Fixed-Rate Series B Non-Cumulative Perpetual Preferred Stock $0.001 par value,$25.98,-0.02,-0.077%,2197314617.00,United States,,40769,Finance,Major Banks
BUUU,BUUU Group Limited Class A Ordinary Share,$20.82,0.39,1.909%,347173500.00,Hong Kong,2025,11686,Consumer Discretionary,Services-Misc. Amusement & Recreation
BVC,BitVentures Limited Ordinary Shares,$9.30,0.00,0.00%,1562400000.00,China,2021,374,,
BVFL,BV Financial Inc. Common Stock,$19.96,0.14,0.706%,172443043.00,United States,2023,8974,Finance,Savings Institutions
BVS,Bioventus Inc. Class A Common Stock,$10.61,0.21,2.019%,886304069.00,United States,2021,401328,Health Care,Medical/Dental Instruments
BWAY,BrainsWay Ltd. American Depositary Shares,$16.32,0.01,0.061%,653338984.00,Israel,2019,232961,Health Care,Medical/Dental Instruments
BWB,Bridgewater Bancshares Inc. Common Stock,$18.19,0.06,0.331%,507198446.00,United States,2018,45967,Finance,Major Banks
BWBBP,Bridgewater Bancshares Inc. Depositary Shares Each Representing a 1/100th Interest in a Share of 5.875% Non-Cumulative Perpetual Preferred Stock Series A,$20.2499,0.2299,1.148%,564635393.00,United States,,1032,Finance,Major Banks
BWEN,Broadwind Inc. Common Stock,$3.82,-0.03,-0.779%,89403723.00,United States,,1232313,Telecommunications,Metal Fabrications
BWFG,Bankwell Financial Group Inc. Common Stock,$51.04,0.55,1.089%,406951107.00,United States,2014,33470,Finance,Major Banks
BWIN,The Baldwin Insurance Group Inc. Class A Common Stock,$19.81,-0.33,-1.639%,2824264651.00,United States,2019,1534475,Finance,Specialty Insurers
BWMN,Bowman Consulting Group Ltd. Common Stock,$32.88,0.13,0.397%,575654294.00,United States,2021,163627,Consumer Discretionary,Professional Services
BYAH,Park Ha Biological Technology Co. Ltd. Class A Ordinary Shares,$1.28,-0.19,-12.925%,6261051.00,China,2024,44942,Consumer Discretionary,Package Goods/Cosmetics
BYFC,Broadway Financial Corporation Class A Common Stock,$10.26,0.30,3.012%,95407217.00,United States,,289,Finance,Savings Institutions
BYND,Beyond Meat Inc. Common Stock,$0.8044,0.024,3.075%,414541420.00,United States,2019,36587474,Consumer Staples,Packaged Foods
BYRN,Byrna Technologies Inc. Common Stock,$5.18,0.18,3.60%,117511688.00,United States,,448177,Miscellaneous,Industrial Machinery/Components
BYSI,BeyondSpring Inc. Ordinary Shares,$1.47,0.02,1.379%,60446135.00,United States,2017,9176,Health Care,Biotechnology: Pharmaceutical Preparations
BZ,KANZHUN LIMITED American Depository Shares,$14.34,-0.40,-2.714%,6636633781.00,China,2021,4770786,Technology,Computer Software: Programming Data Processing
BZAI,Blaize Holdings Inc. Common Stock,$1.77,0.095,5.672%,218253427.00,United States,2025,14235703,Finance,Blank Checks
BZAIW,Blaize Holdings Inc. Warrants,$0.43,0.0699,19.411%,53022019.00,United States,2025,165327,Finance,Blank Checks
BZFD,BuzzFeed Inc. Class A Common Stock,$1.33,0.02,1.527%,50059507.00,United States,2021,4662324,Consumer Discretionary,Telecommunications Equipment
BZFDW,BuzzFeed Inc. Warrant,$0.0302,0.0001,0.332%,1136690.00,United States,2021,96281,Consumer Discretionary,Telecommunications Equipment
BZUN,Baozun Inc. American Depositary Shares,$2.70,-0.06,-2.174%,156946650.00,China,2015,214149,Consumer Discretionary,Catalog/Specialty Distribution
CAAS,China Automotive Systems Inc. Ordinary Share,$4.67,0.02,0.43%,140897178.00,China,,18691,Consumer Discretionary,Auto Parts:O.E.M.
CABA,Cabaletta Bio Inc. Common Stock,$3.61,0.02,0.557%,549457606.00,United States,2019,3280964,Health Care,Biotechnology: Biological Products (No Diagnostic Substances)
CABR,Caring Brands Inc. Common Stock,$0.9801,-0.0799,-7.538%,8910585.00,United States,,73753,Consumer Discretionary,Package Goods/Cosmetics
CAC,Camden National Corporation Common Stock,$47.53,0.01,0.021%,803954740.00,United States,,83767,Finance,Major Banks
CACC,Credit Acceptance Corporation Common Stock,$546.66,21.66,4.126%,5718102413.00,United States,1992,218497,Finance,Finance: Consumer Services
CADL,Candel Therapeutics Inc. Common Stock,$8.91,-0.03,-0.336%,652837829.00,United States,2021,3024859,Health Care,Biotechnology: Biological Products (No Diagnostic Substances)
CAEP,Cantor Equity Partners III Inc. Class A Ordinary Shares,$12.49,0.51,4.257%,0.00,United States,2025,6198,,
CAI,Caris Life Sciences Inc. Common Stock,$15.25,0.56,3.812%,4310880599.00,United States,2025,3809965,Health Care,Medical Specialities
CAIIU,Collective Acquisition Corp. II Units,$9.97,0.00,0.00%,0.00,United States,2026,25020,,
CAKE,Cheesecake Factory Incorporated (The) Common Stock,$58.28,1.75,3.096%,2895662956.00,United States,1992,1300505,Consumer Discretionary,Restaurants
CALC,CalciMedica Inc. Common Stock,$0.68,-0.0099,-1.435%,10742661.00,United States,2023,81483,Health Care,Biotechnology: Pharmaceutical Preparations
CALM,Cal-Maine Foods Inc. Common Stock,$78.01,-1.50,-1.887%,3695847630.00,United States,1996,696230,Consumer Staples,Farming/Seeds/Milling
CAMP,CAMP4 Therapeutics Corporation Common Stock,$4.38,-0.12,-2.667%,227435004.00,United States,2024,37196,,
CAMT,Camtek Ltd. Ordinary Shares,$171.36,2.48,1.468%,7976569296.00,Israel,2000,511606,Technology,Electronic Components
CAN,Canaan Inc. American Depositary Shares,$0.5274,0.0204,4.024%,406082084.00,China,2019,7481262,Technology,Semiconductors
CAPR,Capricor Therapeutics Inc. Common Stock,$29.81,-0.52,-1.714%,1726353530.00,United States,,865133,Health Care,Biotechnology: Pharmaceutical Preparations
CAPS,Capstone Holding Corp. Common Stock,$0.2959,-0.0172,-5.493%,4271584.00,United States,,647367,Consumer Discretionary,RETAIL: Building Materials
CAQ,Cambridge Acquisition Corp. Class A Ordinary Shares,$9.86,0.00,0.00%,0.00,United States,2026,39,,
CAQUU,Cambridge Acquisition Corp. Unit,$9.965,0.00,0.00%,0.00,United States,2026,33,,
CAR,Avis Budget Group Inc. Common Stock,$148.76,-0.08,-0.054%,5254944917.00,United States,,789420,Consumer Discretionary,Rental/Leasing Companies
CARE,Carter Bankshares Inc. Common Stock,$27.07,0.47,1.767%,601549811.00,United States,,283237,Finance,Major Banks
CARG,CarGurus Inc. Class A Common Stock ,$30.04,-1.18,-3.78%,2709220424.00,United States,2017,1694527,Technology,EDP Services
CARL,Carlsmed Inc. Common Stock,$10.76,0.53,5.181%,292509879.00,United States,2025,271616,Health Care,Medical/Dental Instruments
CART,Maplebear Inc. Common Stock,$38.47,-1.48,-3.705%,9041596945.00,United States,2023,4668360,Real Estate,Real Estate
CASH,Pathward Financial Inc. Common Stock,$81.23,1.30,1.626%,1714768062.00,United States,1993,198619,Finance,Major Banks
CASS,Cass Information Systems Inc Common Stock,$45.77,0.06,0.131%,589112490.00,United States,,57056,Real Estate,Real Estate
CAST,FreeCast Inc. Class A Common Stock,$1.86,0.44,30.986%,75935951.00,United States,,532949,Technology,EDP Services
CASY,Casey's General Stores Inc. Common Stock,$877.48,-10.88,-1.225%,32430809644.00,United States,1983,447438,Consumer Discretionary,Retail-Auto Dealers and Gas Stations
CATY,Cathay General Bancorp Common Stock,$56.27,0.45,0.806%,3772086178.00,United States,,304757,Finance,Major Banks
CBAT,CBAK Energy Technology Inc. Common Stock,$0.7871,-0.0065,-0.819%,69773138.00,China,,48307,Miscellaneous,Industrial Machinery/Components
CBC,Central Bancompany Inc. Class A Common Stock,$26.87,-0.33,-1.213%,6456675704.00,United States,,376281,,
CBFV,CB Financial Services Inc. Common Stock,$34.92,-0.22,-0.626%,177135576.00,United States,,2954,Finance,Major Banks
CBIO,Crescent Biopharma Inc. Common Stock,$21.23,1.62,8.261%,585352180.00,United States,2014,172011,Health Care,Biotechnology: Pharmaceutical Preparations
CBK,Commercial Bancgroup Inc. Common Stock,$28.14,-0.19,-0.671%,385553710.00,United States,2025,21807,Finance,Major Banks
CBLL,CeriBell Inc. Common Stock,$16.46,-1.45,-8.096%,624536842.00,United States,2024,474515,Health Care,Biotechnology: Electromedical & Electrotherapeutic Apparatus
CBNK,Capital Bancorp Inc. Common Stock,$30.33,0.23,0.764%,494016708.00,United States,2018,37979,Finance,Major Banks
CBRL,Cracker Barrel Old Country Store Inc Common Stock,$29.17,0.22,0.76%,651979341.00,United States,1981,905708,Consumer Discretionary,Restaurants
CBRS,Cerebras Systems Inc. Class A Common Stock,$311.07,126.07,68.146%,66951142249.00,United States,2026,33508397,Technology,Semiconductors
CBSH,Commerce Bancshares Inc. Common Stock,$51.04,0.72,1.431%,7440466144.00,United States,,990624,Finance,Major Banks
CBUS,Cibus Inc. Class A Common Stock,$1.41,-0.045,-3.093%,107647488.00,United States,2017,224252,Industrials,Agricultural Chemicals
CCAP,Crescent Capital BDC Inc. Common stock,$11.99,-1.08,-8.263%,441782964.00,United States,,655676,Finance,Finance: Consumer Services
CCB,Coastal Financial Corporation Common Stock,$69.71,1.485,2.177%,1062994406.00,United States,2018,169114,Finance,Major Banks
CCBG,Capital City Bank Group Common Stock,$46.14,0.31,0.676%,789059011.00,United States,,55041,Finance,Major Banks
CCC,CCC Intelligent Solutions Holdings Inc. Common Stock,$4.24,0.02,0.474%,2488627873.00,United States,,12551454,Technology,Computer Software: Prepackaged Software
CCCC,C4 Therapeutics Inc. Common Stock,$3.63,-0.05,-1.359%,401359016.00,United States,2020,2822859,Health Care,Biotechnology: Biological Products (No Diagnostic Substances)
CCD,Calamos Dynamic Convertible & Income Fund Common Stock,$24.99,0.14,0.563%,0.00,United States,,73675,Finance,Trusts Except Educational Religious and Charitable
CCEC,Capital Clean Energy Carriers Corp. Common Share,$21.19,0.82,4.026%,1260547605.00,Greece,2007,5811,Consumer Discretionary,Marine Transportation
CCEP,Coca-Cola Europacific Partners plc Ordinary Shares,$90.83,-0.59,-0.645%,41235224389.00,United Kingdom,,1021960,Consumer Staples,Beverages (Production/Distribution)
CCG,Cheche Group Inc. Class A Ordinary Shares,$0.675,-0.0072,-1.055%,56038541.00,China,,50105,Finance,Specialty Insurers
CCHH,CCH Holdings Ltd Class A Ordinary Shares,$0.4076,0.0221,5.733%,7846300.00,Malaysia,2025,62608,Consumer Discretionary,Restaurants
CCII,Cohen Circle Acquisition Corp. II Class A Ordinary Shares,$10.22,-0.01,-0.098%,0.00,United States,2025,148769,,
CCIIU,Cohen Circle Acquisition Corp. II Unit,$10.38,0.00,0.00%,0.00,United States,2025,5,,
CCIIW,Cohen Circle Acquisition Corp. II Warrant,$0.7601,0.01,1.333%,0.00,United States,2025,1307,,
CCIX,Churchill Capital Corp IX Ordinary Shares,$10.77,-0.01,-0.093%,0.00,United States,2024,4388,Technology,EDP Services
CCIXW,Churchill Capital Corp IX Warrant,$0.351,-0.049,-12.25%,0.00,United States,2024,21977,Technology,EDP Services
CCLD,CareCloud Inc. Common Stock,$2.14,0.02,0.943%,90934911.00,United States,2014,498896,Technology,Computer Software: Prepackaged Software
CCNE,CNB Financial Corporation Common Stock,$30.39,0.08,0.264%,900425705.00,United States,,97357,Finance,Major Banks
CCNEP,CNB Financial Corporation Depositary Shares each representing a 1/40th ownership interest in a share of 7.125% Series A Fixed-Rate Non-Cumulative Perpetual Preferred Stock,$25.24,0.19,0.758%,747836288.00,United States,,387,Finance,Major Banks
CCOI,Cogent Communications Holdings Inc.,$16.11,0.34,2.156%,806751151.00,United States,,812748,Consumer Discretionary,Telecommunications Equipment
CCRN,Cross Country Healthcare Inc. Common Stock $0.0001 Par Value,$13.13,0.01,0.076%,424527839.00,United States,2001,1182898,Consumer Discretionary,Professional Services
CCSI,Consensus Cloud Solutions Inc. Common Stock,$28.98,0.41,1.435%,533172591.00,United States,,169671,Technology,Computer Software: Prepackaged Software
CCTG,CCSC Technology International Holdings Limited Class A Ordinary Shares,$0.5075,0.0385,8.209%,1986099.00,Hong Kong,2024,98242,Consumer Discretionary,Building Products
CCXI,Churchill Capital Corp XI Class A Ordinary Shares,$10.24,0.00,0.00%,0.00,United States,2026,6428,,
CCXIU,Churchill Capital Corp XI Units,$10.26,-0.02,-0.195%,0.00,United States,2025,1627,Finance,Blank Checks
CD,Chaince Digital Holdings Inc. Ordinary Shares,$7.57,1.40,22.69%,601132186.00,China,2015,175209,Finance,Finance: Consumer Services
CDIO,Cardio Diagnostics Holdings Inc. Common stock,$1.68,-0.11,-6.145%,4971908.00,United States,2022,83342,Health Care,Biotechnology: In Vitro & In Vivo Diagnostic Substances
CDLX,Cardlytics Inc. Common Stock,$0.647,-0.018,-2.707%,37270873.00,United States,2018,478123,Technology,Computer Software: Programming Data Processing
CDNA,CareDx Inc. Common Stock,$20.49,-0.12,-0.582%,1058502766.00,United States,2014,470321,Health Care,Medical Specialities
CDNL,Cardinal Infrastructure Group Inc. Class A Common Stock,$54.54,-0.355,-0.647%,2337958490.00,United States,2025,598106,Industrials,Military/Government/Technical
CDNS,Cadence Design Systems Inc. Common Stock,$352.84,-1.71,-0.482%,97318917440.00,United States,,1476334,Technology,Computer Software: Prepackaged Software
CDRO,Codere Online Luxembourg S.A. Ordinary Shares,$9.17,-0.10,-1.079%,416237111.00,Luxembourg,,12799,Consumer Discretionary,Services-Misc. Amusement & Recreation
CDROW,Codere Online Luxembourg S.A. Warrants,$0.7498,0.0001,0.013%,34034306.00,Luxembourg,,1500,Consumer Discretionary,Services-Misc. Amusement & Recreation
CDT,CDT Equity Inc. Common Stock,$1.86,-0.26,-12.264%,9036531.00,United States,2022,62378,Health Care,Biotechnology: Pharmaceutical Preparations
CDTG,CDT Environmental Technology Investment Holdings Limited ordinary shares,$0.3495,-0.0072,-2.019%,4726988.00,China,2024,23801,Industrials,Miscellaneous
CDTTW,CDT Equity Inc. Warrant,$0.0097,-0.0025,-20.492%,47126.00,United States,2022,47091,Health Care,Biotechnology: Pharmaceutical Preparations
CDW,CDW Corporation Common Stock,$102.16,1.76,1.753%,13051292554.00,United States,2013,2753443,Technology,Retail: Computer Software & Peripheral Equipment
CDXS,Codexis Inc. Common Stock,$2.57,0.07,2.80%,233604177.00,United States,2010,794952,Industrials,Major Chemicals
CDZI,CADIZ Inc. Common Stock,$4.64,-0.05,-1.066%,388373967.00,United States,,539491,Utilities,Water Supply
CDZIP,Cadiz Inc. Depositary Shares,$20.14,0.00,0.00%,1685743900.00,United States,,1640,Utilities,Water Supply
CECO,CECO Environmental Corp. Common Stock,$86.08,2.94,3.536%,3087950508.00,United States,1998,670570,Industrials,Pollution Control Equipment
CEG,Constellation Energy Corporation Common Stock ,$275.26,0.37,0.135%,99421176741.00,United States,,3655497,Utilities,Electric Utilities: Central
CELC,Celcuity Inc. Common Stock,$134.72,10.25,8.235%,6511916856.00,United States,2017,2426318,Health Care,Medical Specialities
CELH,Celsius Holdings Inc. Common Stock,$29.01,1.15,4.128%,7416126844.00,United States,,8807270,Consumer Staples,Beverages (Production/Distribution)
CELU,Celularity Inc. Class A Common Stock,$0.8114,0.0248,3.153%,23486753.00,United States,2019,158864,Health Care,Biotechnology: Pharmaceutical Preparations
CELUW,Celularity Inc. Warrant,$0.0066,0.00,0.00%,191043.00,United States,2019,167,Health Care,Biotechnology: Pharmaceutical Preparations
CELZ,Creative Medical Technology Holdings Inc. Common Stock,$2.24,0.03,1.357%,8280536.00,United States,,38321,Finance,Finance: Consumer Services
CENN,Cenntro Inc. Common Stock,$4.14,0.22,5.612%,6065986.00,New Zealand,,16343,Industrials,Auto Manufacturing
CENT,Central Garden & Pet Company Common Stock,$37.89,-0.34,-0.889%,2370806816.00,United States,1993,56545,Consumer Discretionary,Consumer Specialties
CENTA,Central Garden & Pet Company Class A Common Stock Nonvoting,$34.00,-0.36,-1.048%,2127406486.00,United States,,266261,Consumer Discretionary,Consumer Specialties
CENX,Century Aluminum Company Common Stock,$61.44,-2.90,-4.507%,6080965448.00,United States,1996,1488209,Industrials,Aluminum
CEPF,Cantor Equity Partners IV Inc. Class A Ordinary Shares,$10.31,0.02,0.194%,0.00,United States,2025,1088,Finance,Blank Checks
CEPO,Cantor Equity Partners I Inc. Class A Ordinary Shares,$10.58,0.0058,0.055%,0.00,United States,2025,11891,Finance,Blank Checks
CEPS,Cantor Equity Partners VI Inc. Class A Ordinary Shares,$10.17,0.00,0.00%,0.00,United States,2026,28508,Finance,Blank Checks
CEPT,Cantor Equity Partners II Inc. Class A Ordinary Share,$12.43,0.12,0.975%,0.00,United States,2025,257617,Finance,Blank Checks
CEPV,Cantor Equity Partners V Inc. Class A Ordinary Shares,$10.26,0.035,0.342%,0.00,United States,2025,27243,,
CERS,Cerus Corporation Common Stock,$2.51,-0.09,-3.462%,502926125.00,United States,1997,2352701,Technology,EDP Services
CERT,Certara Inc. Common Stock,$4.61,-0.18,-3.758%,717152843.00,United States,2020,5552012,Technology,Computer Software: Prepackaged Software
CETX,Cemtrex Inc. Common Stock,$0.8148,0.0598,7.921%,8211627.00,United States,,277764,Technology,Electrical Products
CETY,Clean Energy Technologies Inc. Common Stock,$0.75,-0.01,-1.316%,9124580.00,United States,,66037,Consumer Discretionary,Metal Fabrications
CEVA,CEVA Inc. Common Stock,$37.99,-0.16,-0.419%,1058377428.00,United States,,763743,Technology,Computer Software: Programming Data Processing
CFBK,CF Bankshares Inc. Common Stock,$27.13,0.34,1.269%,174212962.00,United States,,20161,Finance,Major Banks
CFFI,C&F Financial Corporation Common Stock,$75.48,0.74,0.99%,245639244.00,United States,,2828,Finance,Major Banks
CFFN,Capitol Federal Financial Inc. Common Stock,$7.64,0.06,0.792%,968521478.00,United States,,542020,Finance,Savings Institutions
CG,The Carlyle Group Inc. Common Stock,$50.04,0.88,1.79%,18013120327.00,United States,2012,2793988,Finance,Investment Managers
CGABL,The Carlyle Group Inc. 4.625% Subordinated Notes due 2061,$16.93,0.05,0.296%,6123664076.00,United States,,17815,Finance,Investment Managers
CGBD,Carlyle Secured Lending Inc. Common Stock,$11.21,0.09,0.809%,786111821.00,United States,2017,457837,Finance,Finance: Consumer Services
CGC,Canopy Growth Corporation Common Shares,$1.07,-0.02,-1.835%,459694380.00,Canada,,6776455,Health Care, Medicinal Chemicals and Botanical Products 
CGCT,Cartesian Growth Corporation III Class A Ordinary Shares,$10.39,0.01,0.096%,0.00,United States,2025,123682,Finance,Blank Checks
CGCTU,Cartesian Growth Corporation III Unit,$11.10,0.00,0.00%,0.00,United States,2025,44,Finance,Blank Checks
CGCTW,Cartesian Growth Corporation III Warrant,$1.20,0.03,2.564%,0.00,United States,2025,79040,Finance,Blank Checks
CGEM,Cullinan Therapeutics Inc. Common Stock,$16.15,-0.18,-1.102%,992547443.00,United States,2021,771808,Health Care,Biotechnology: Biological Products (No Diagnostic Substances)
CGEN,Compugen Ltd. Ordinary Shares,$3.03,0.18,6.316%,286499005.00,Israel,2000,772916,Health Care,Biotechnology: Biological Products (No Diagnostic Substances)
CGNT,Cognyte Software Ltd. Ordinary Shares,$9.66,-0.04,-0.412%,702049725.00,Israel,,1854662,Technology,Computer Software: Prepackaged Software
CGNX,Cognex Corporation Common Stock,$66.09,2.45,3.85%,10998661517.00,United States,1989,2687426,Industrials,Industrial Machinery/Components
CGO,Calamos Global Total Return Fund Common Stock,$13.74,0.17,1.253%,0.00,United States,2005,36087,Finance,Investment Managers
CGON,CG Oncology Inc. Common stock,$69.535,-4.465,-6.034%,6133158960.00,United States,2024,1250563,Health Care,Biotechnology: Biological Products (No Diagnostic Substances)
CGTL,Creative Global Technology Holdings Limited Class A Ordinary Shares,$0.651,-0.049,-7.00%,16746975.00,China,2024,426920,Technology,Retail: Computer Software & Peripheral Equipment
CGTX,Cognition Therapeutics Inc. Common Stock,$1.20,0.00,0.00%,107397618.00,United States,2021,850927,Health Care,Biotechnology: Biological Products (No Diagnostic Substances)
CHA,Chagee Holdings Limited American Depositary Shares,$10.04,-0.42,-4.015%,1915263793.00,China,2025,585345,Consumer Discretionary,Restaurants
CHAI,Core AI Holdings Inc. Common Shares,$1.1899,-0.0001,-0.008%,23705691.00,Canada,2020,44479,Telecommunications,Telecommunications Equipment
CHAR,Charlton Aria Acquisition Corporation Class A Ordinary Shares,$10.74,0.00,0.00%,0.00,United States,2024,125,,
CHARR,Charlton Aria Acquisition Corporation Rights,$0.0801,-0.0487,-37.811%,0.00,United States,2024,1705,,
CHCI,Comstock Holding Companies Inc. Class A Common Stock,$17.43,0.41,2.409%,178818344.00,United States,2004,3180,Finance,Real Estate
CHCO,City Holding Company Common Stock,$122.11,0.57,0.469%,1723114480.00,United States,,80656,Finance,Major Banks
CHDN,Churchill Downs Incorporated Common Stock,$85.76,0.205,0.24%,5977206830.00,United States,,750507,Consumer Discretionary,Services-Misc. Amusement & Recreation
CHEC,Chenghe Acquisition III Co. Class A Ordinary Share,$10.11,0.00,0.00%,0.00,Singapore,2025,1,,
CHECU,Chenghe Acquisition III Co. Units,$10.19,0.04,0.394%,0.00,Singapore,2025,100,Finance,Blank Checks
CHEF,The Chefs' Warehouse Inc. Common Stock,$81.18,0.68,0.845%,3310327922.00,United States,2011,469323,Consumer Discretionary,Food Distributors
CHI,Calamos Convertible Opportunities and Income Fund Common Stock,$12.45,-0.025,-0.20%,0.00,United States,2002,214781,Finance,Investment Managers
CHKP,Check Point Software Technologies Ltd. Ordinary Shares,$120.25,5.08,4.411%,12697923209.00,Israel,1996,1586007,Technology,Computer Software: Prepackaged Software
CHMG,Chemung Financial Corp Common Stock,$66.80,0.42,0.633%,321963976.00,United States,,58253,Finance,Major Banks
CHNR,China Natural Resources Inc. Common Stock,$4.39,0.47,11.99%,5413840.00,Hong Kong,,174955,Basic Materials,Precious Metals
CHPG,ChampionsGate Acquisition Corporation Class A Ordinary Share,$10.34,0.01,0.097%,0.00,United States,2025,477,,
CHR,Cheer Holding Inc. Class A Ordinary Share,$1.94,0.395,25.566%,4000441.00,China,2018,294458,Technology,EDP Services
CHRD,Chord Energy Corporation Common Stock,$142.54,0.51,0.359%,8024885545.00,United States,,429851,Energy,Oil & Gas Production
CHRN,ChronoScale Corporation Common Stock,$17.92,1.29,7.757%,63855788.00,United States,,619351,Industrials,Industrial Machinery/Components
CHRS,Coherus Oncology Inc. Common Stock,$1.63,-0.075,-4.399%,251427337.00,United States,2014,1982430,Health Care,Biotechnology: Biological Products (No Diagnostic Substances)
CHRW,C.H. Robinson Worldwide Inc. Common Stock,$159.78,-3.48,-2.132%,18833754651.00,United States,1997,5016255,Industrials,Integrated Freight & Logistics
CHSCL,CHS Inc Class B Cumulative Redeemable Preferred Stock Series 4,$25.72,-0.06,-0.233%,315635917.00,United States,,18745,Industrials,Farming/Seeds/Milling
CHSCM,CHS Inc Class B Reset Rate Cumulative Redeemable Preferred Stock Series 3,$25.157,0.037,0.147%,308726779.00,United States,,6761,Industrials,Farming/Seeds/Milling
CHSCN,CHS Inc Preferred Class B Series 2 Reset Rate,$25.30,-0.0128,-0.051%,310481676.00,United States,,18610,Industrials,Farming/Seeds/Milling
CHSCO,CHS Inc. Class B Cumulative Redeemable Preferred Stock,$26.34,-0.01,-0.038%,323244559.00,United States,,4992,Industrials,Farming/Seeds/Milling
CHSCP,CHS Inc. 8%  Cumulative Redeemable Preferred Stock,$27.99,0.10,0.359%,343493364.00,United States,,5639,Industrials,Farming/Seeds/Milling
CHSN,Chanson International Holding Class A Ordinary Shares,$1.39,-0.14,-9.15%,5059304.00,China,2023,282060,Consumer Staples,Packaged Foods
CHTR,Charter Communications Inc. Class A Common Stock New,$148.00,4.94,3.453%,20569711476.00,United States,,3752529,Telecommunications,Cable & Other Pay Television Services
CHW,Calamos Global Dynamic Income Fund Common Stock,$8.90,0.15,1.714%,0.00,United States,2007,141639,Finance,Investment Managers
CHY,Calamos Convertible and High Income Fund Common Stock,$12.96,-0.01,-0.077%,0.00,United States,2003,193423,Finance,Investment Managers
CHYM,Chime Financial Inc. Class A Common Stock,$17.88,0.49,2.818%,6812622205.00,United States,2025,4040958,Finance,Finance: Consumer Services
CIFR,Cipher Digital Inc. Common Stock,$22.29,1.05,4.944%,9117706601.00,United States,2020,27530741,Finance,Finance: Consumer Services
CIGI,Colliers International Group Inc. Subordinate Voting Shares,$93.72,-5.00,-5.065%,4789450104.00,Canada,,475974,Finance,Real Estate
CIIT,Tianci International Inc. Common Stock,$1.26,-0.02,-1.563%,4559823.00,Hong Kong,,19533,Energy,Oil & Gas Production
CINF,Cincinnati Financial Corporation Common Stock,$165.31,2.05,1.256%,25571265320.00,United States,,630715,Finance,Property-Casualty Insurers
CING,Cingulate Inc. Common Stock,$4.39,-0.53,-10.772%,53779976.00,United States,2021,989065,Health Care,Biotechnology: Pharmaceutical Preparations
CINGW,Cingulate Inc. Warrants,$0.016,-0.002,-11.111%,196009.00,United States,2021,18310,Health Care,Biotechnology: Pharmaceutical Preparations
CISO,CISO Global Inc. Common Stock,$0.319,0.0292,10.076%,14454955.00,United States,,411334,Consumer Discretionary,Professional Services
CISS,C3is Inc. Common Stock,$3.19,-0.04,-1.238%,1685293.00,Greece,,11940,Consumer Discretionary,Marine Transportation
CIVB,Civista Bancshares Inc. Common Stock,$24.52,0.07,0.286%,509607693.00,United States,,54792,Finance,Major Banks
CJMB,Callan JMB Inc. Common Stock,$0.9996,-0.0004,-0.04%,5625117.00,United States,2025,61003,Real Estate,Real Estate
CLAR,Clarus Corporation Common Stock,$2.70,0.17,6.719%,103792012.00,United States,,377451,Consumer Discretionary,Recreational Games/Products/Toys
CLBK,Columbia Financial Inc. Common Stock,$19.70,0.40,2.073%,2049735139.00,United States,2018,484442,Finance,Savings Institutions
CLBT,Cellebrite DI Ltd. Ordinary Shares,$13.12,1.02,8.43%,3272650399.00,Israel,,6625121,Technology,Computer Software: Prepackaged Software
CLDX,Celldex Therapeutics Inc.,$32.45,-0.06,-0.185%,2547067736.00,United States,,576714,Health Care,Biotechnology: In Vitro & In Vivo Diagnostic Substances
CLFD,Clearfield Inc. Common Stock,$44.57,2.06,4.846%,605682232.00,United States,,573179,Utilities,Telecommunications Equipment
CLGN,CollPlant Biotechnologies Ltd Ordinary Shares,$0.4197,0.001,0.239%,6050029.00,Israel,,58023,Health Care,Industrial Specialties
CLIK,Click Holdings Limited Class A Ordinary Share,$1.49,-0.19,-11.31%,4861919.00,Hong Kong,2024,304237,Consumer Discretionary,Diversified Commercial Services
CLIR,ClearSign Technologies Corporation Common Stock (DE),$5.205,0.755,16.966%,28154537.00,United States,2012,29325,Industrials,Industrial Machinery/Components
CLLS,Cellectis S.A. American Depositary Shares,$4.07,0.09,2.261%,295445346.00,France,2015,23587,Health Care,Biotechnology: Pharmaceutical Preparations
CLMB,Climb Global Solutions Inc. Common Stock,$19.62,0.45,2.347%,364877064.00,United States,,83478,Technology,Retail: Computer Software & Peripheral Equipment
CLMT,Calumet Inc. Common Stock,$31.33,-0.10,-0.318%,2730320116.00,United States,2006,570148,Energy,Integrated oil Companies
CLNE,Clean Energy Fuels Corp. Common Stock,$2.05,0.00,0.00%,451460500.00,United States,2007,1007573,Utilities,Natural Gas Distribution
CLNN,Clene Inc. Common Stock,$7.05,0.55,8.462%,83037064.00,United States,,272184,Health Care,Biotechnology: Pharmaceutical Preparations
CLOV,Clover Health Investments Corp. Class A Common Stock,$3.49,-0.06,-1.69%,1838128291.00,United States,,11486315,Health Care,Medical Specialities
CLPS,CLPS Incorporation Common Stock,$0.87,-0.1299,-12.991%,25876803.00,China,2018,82639,Technology,Computer Software: Prepackaged Software
CLPT,ClearPoint Neuro Inc. Common Stock,$12.77,0.58,4.758%,382966720.00,United States,,1096448,Health Care,Medical/Dental Instruments
CLRB,Cellectar Biosciences Inc.  Common Stock,$3.20,0.26,8.844%,13469302.00,United States,,412645,Health Care,Biotechnology: Pharmaceutical Preparations
CLRO,ClearOne Inc. Common Stock,$3.325,0.025,0.758%,8895745.00,United States,,1415,Utilities,Telecommunications Equipment
CLSK,CleanSpark Inc. Common Stock,$13.98,0.68,5.113%,3587388312.00,United States,,16586275,Finance,Finance: Consumer Services
CLSKW,CleanSpark Inc. Warrant,$0.276,-0.001,-0.361%,70823975.00,United States,,74280,Finance,Finance: Consumer Services
CLST,Catalyst Bancorp Inc. Common Stock,$15.90,0.04,0.252%,64526922.00,United States,2021,23632,Finance,Savings Institutions
CLWT,Euro Tech Holdings Company Limited Common Stock,$1.1601,-0.02,-1.695%,8598039.00,Hong Kong,1997,956,Consumer Discretionary,Professional and commerical equipment
CLYM,Climb Bio Inc. Common Stock,$11.33,-0.08,-0.701%,648761726.00,United States,2021,435851,Health Care,Biotechnology: Pharmaceutical Preparations
CMCO,Columbus McKinnon Corporation Common Stock,$15.01,-0.01,-0.067%,431377884.00,United States,1996,316020,Industrials,Construction/Ag Equipment/Trucks
CMCSA,Comcast Corporation Class A Common Stock,$25.17,0.23,0.922%,89953086400.00,United States,,31812260,Telecommunications,Cable & Other Pay Television Services
CMCT,Creative Media & Community Trust Corporation Common stock,$5.32,-0.42,-7.317%,14040321.00,United States,,45587,Real Estate,Real Estate Investment Trusts
CME,CME Group Inc. Class A Common Stock,$297.70,0.57,0.192%,107874377602.00,United States,2002,1576894,Finance,Investment Bankers/Brokers/Service
CMII,Columbus Circle Capital Corp II Class A Ordinary Shares,$9.89,-0.0142,-0.143%,0.00,United States,2026,90000,Finance,Blank Checks
CMMB,Chemomab Therapeutics Ltd. American Depositary Share,$1.70,-0.04,-2.299%,12226854.00,Israel,2019,45049,Health Care,Biotechnology: Pharmaceutical Preparations
CMND,Clearmind Medicine Inc. Common Shares,$0.5286,0.0086,1.654%,1104143.00,Canada,,246983,Health Care,Biotechnology: Pharmaceutical Preparations
CMPR,Cimpress plc Ordinary Shares (Ireland),$93.25,3.97,4.447%,2259642393.00,Netherlands,2005,229076,Consumer Discretionary,Publishing
CMPS,COMPASS Pathways Plc American Depository Shares,$10.62,-0.34,-3.102%,1433161778.00,United Kingdom,2020,4483027,Health Care,Biotechnology: Pharmaceutical Preparations
CMPX,Compass Therapeutics Inc. Common Stock,$1.98,0.01,0.508%,356574072.00,United States,,5574915,Health Care,Biotechnology: Biological Products (No Diagnostic Substances)
CMRC,Commerce.com Inc. Series 1 Common Stock,$2.74,-0.03,-1.083%,226083549.00,United States,2020,615485,Technology,Computer Software: Prepackaged Software
CMTL,Comtech Telecommunications Corp. Common Stock,$3.91,0.18,4.826%,116260405.00,United States,,133839,Technology,Radio And Television Broadcasting And Communications Equipment
CMTV,Community Bancorp. Common Stock,$39.00,0.54,1.404%,217645272.00,United States,,6490,Finance,Major Banks
CNCK,Coincheck Group N.V. Ordinary Shares,$2.18,0.24,12.371%,296321126.00,Netherlands,,607919,Finance,Finance: Consumer Services
CNCKW,Coincheck Group N.V. Warrants,$0.2513,-0.0188,-6.96%,34158486.00,Netherlands,,32027,Finance,Finance: Consumer Services
CNDT,Conduent Incorporated Common Stock ,$1.44,0.00,0.00%,223339412.00,United States,,1611571,Real Estate,Real Estate
CNET,ZW Data Action Technologies Inc. Common Stock,$0.755,-0.0038,-0.501%,2467664.00,China,,9969,Technology,Computer Software: Programming Data Processing
CNEY,CN Energy Group Inc. Class A Ordinary Shares,$0.7799,0.027,3.586%,6397759.00,China,2021,156739,Industrials,Major Chemicals
CNOB,ConnectOne Bancorp Inc. Common Stock,$29.59,0.32,1.093%,1488036537.00,United States,,279957,Finance,Major Banks
CNOBP,ConnectOne Bancorp Inc. Depositary Shares each representing a 1/40th interest in a share of 5.25% Fixed-Rate Reset Non-Cumulative Perpetual Preferred Stock Series A,$25.00,0.00,0.00%,1257212350.00,United States,,11170,Finance,Major Banks
CNSP,CNS Pharmaceuticals Inc. Common Stock,$5.01,-0.51,-9.239%,4065359.00,United States,2019,58466,Health Care,Biotechnology: Pharmaceutical Preparations
CNTA,Centessa Pharmaceuticals plc American Depositary Shares,$39.60,0.02,0.051%,6127267054.00,United Kingdom,2021,1621907,Health Care,Biotechnology: Pharmaceutical Preparations
CNTB,Connect Biopharma Holdings Limited Ordinary Shares,$2.48,0.03,1.224%,156150355.00,China,2021,160271,Health Care,Biotechnology: Pharmaceutical Preparations
CNTN,Canton Strategic Holdings Inc. Common Stock,$3.75,0.24,6.838%,261768300.00,United States,2022,851863,Health Care,Biotechnology: Pharmaceutical Preparations
CNTX,Context Therapeutics Inc. Common Stock,$2.33,-0.03,-1.271%,214078482.00,United States,2021,416588,Health Care,Biotechnology: Pharmaceutical Preparations
CNTY,Century Casinos Inc. Common Stock,$1.39,0.10,7.752%,39158880.00,United States,,95541,Consumer Discretionary,Hotels/Resorts
CNVS,Cineverse Corp. Class A Common Stock,$2.57,0.00,0.00%,54727806.00,United States,,26880,Consumer Discretionary,Consumer Electronics/Video Chains
CNXC,Concentrix Corporation Common Stock,$23.42,0.17,0.731%,1428733025.00,United States,,1458489,Technology,Computer Software: Prepackaged Software
CNXN,PC Connection Inc. Common Stock,$64.20,1.36,2.164%,1619512217.00,United States,,90780,Consumer Discretionary,Catalog/Specialty Distribution
COAG,Hemab Therapeutics Holdings Inc. Common Stock,$28.37,-0.19,-0.665%,1204105357.00,United States,2026,157638,Health Care,Biotechnology: Biological Products (No Diagnostic Substances)
COCH,Envoy Medical Inc. Class A Common Stock,$0.6638,0.006,0.912%,51033681.00,United States,2021,70510,Health Care,Industrial Specialties
COCHW,Envoy Medical Inc Warrant,$0.0709,0.001,1.431%,5450871.00,United States,2021,891,Health Care,Industrial Specialties
COCO,The Vita Coco Company Inc. Common Stock,$76.44,1.67,2.234%,4365690431.00,United States,2021,1285097,Consumer Staples,Beverages (Production/Distribution)
COCP,Cocrystal Pharma Inc. Common Stock,$1.26,-0.02,-1.563%,17370056.00,United States,,66841,Health Care,Biotechnology: Pharmaceutical Preparations
CODA,Coda Octopus Group Inc. Common stock,$11.93,0.26,2.228%,134524493.00,United States,,54563,Industrials,Industrial Machinery/Components
CODX,Co-Diagnostics Inc. Common Stock,$1.63,0.03,1.875%,5872018.00,United States,2026,276827,Health Care,Medical/Dental Instruments
COFS,ChoiceOne Financial Services Inc. Common Stock,$30.46,0.04,0.131%,456139566.00,United States,,45271,Finance,Major Banks
COGT,Cogent Biosciences Inc. Common Stock,$34.19,-0.10,-0.292%,5841977057.00,United States,2018,1246480,Health Care,Biotechnology: Pharmaceutical Preparations
COHU,Cohu Inc. Common Stock,$48.96,-0.20,-0.407%,2309704989.00,United States,,1661387,Industrials,Electrical Products
COIN,Coinbase Global Inc. Class A Common Stock,$212.01,10.21,5.059%,55845790279.00,United States,,16576874,Finance,Finance: Consumer Services
COKE,Coca-Cola Consolidated Inc. Common Stock,$163.43,-1.55,-0.94%,10878602568.00,United States,1972,537454,Consumer Staples,Beverages (Production/Distribution)
COLA,Columbus Acquisition Corp Ordinary Shares,$10.96,-0.09,-0.814%,0.00,Singapore,2025,102599,,
COLAR,Columbus Acquisition Corp Rights,$0.499,-0.021,-4.038%,0.00,Singapore,2025,131899,Finance,Blank Checks
COLB,Columbia Banking System Inc. Common Stock,$29.12,0.41,1.428%,8429959458.00,United States,1992,6210628,Finance,Major Banks
COLL,Collegium Pharmaceutical Inc. Common Stock,$34.83,-0.04,-0.115%,1129668523.00,United States,2015,287319,Health Care,Biotechnology: Pharmaceutical Preparations
COLM,Columbia Sportswear Company Common Stock,$57.99,-0.06,-0.103%,2965654528.00,United States,1998,526228,Consumer Discretionary,Apparel
COO,The Cooper Companies Inc. Common Stock,$60.38,0.91,1.53%,11781007351.00,United States,,2180253,Health Care,Ophthalmic Goods
COOT,Australian Oilseeds Holdings Limited Ordinary Shares,$0.6205,-0.0085,-1.351%,17311043.00,Australia,,79943,Consumer Staples,Packaged Foods
COOTW,Australian Oilseeds Holdings Limited Warrant,$0.0226,-0.0107,-32.132%,630507.00,Australia,,23390,Consumer Staples,Packaged Foods
CORT,Corcept Therapeutics Incorporated Common Stock,$58.30,1.22,2.137%,6258597930.00,United States,2004,1879134,Health Care,Biotechnology: Pharmaceutical Preparations
CORZ,Core Scientific Inc. Common Stock,$24.92,0.92,3.833%,7921701477.00,United States,,17518743,Finance,Finance: Consumer Services
CORZW,Core Scientific Inc. Tranche 1 Warrants,$18.11,0.90,5.23%,5756902638.00,United States,,313355,Finance,Finance: Consumer Services
CORZZ,Core Scientific Inc. Tranche 2 Warrants,$24.87,0.93,3.885%,7905807212.00,United States,,63042,Finance,Finance: Consumer Services
COSM,Cosmos Health Inc. Common Stock,$0.3064,0.0035,1.155%,16121881.00,United States,,2692457,Health Care,Other Pharmaceuticals
COST,Costco Wholesale Corporation Common Stock,$1041.25,8.17,0.791%,461953207275.00,United States,,1606746,Consumer Discretionary,Department/Specialty Retail Stores
COYA,Coya Therapeutics Inc. Common Stock,$5.26,0.72,15.859%,123384783.00,United States,2022,440785,Health Care,Biotechnology: Pharmaceutical Preparations
CPB,The Campbell's Company Common Stock,$20.12,-0.23,-1.13%,5998707339.00,United States,,7198271,Consumer Staples,Packaged Foods
CPBI,Central Plains Bancshares Inc. Common Stock,$17.635,0.105,0.599%,74159672.00,United States,2023,847,Finance,Savings Institutions
CPHC,Canterbury Park Holding Corporation 'New' Common Stock,$16.086,0.156,0.979%,82848273.00,United States,,1528,Consumer Discretionary,Services-Misc. Amusement & Recreation
CPIX,Cumberland Pharmaceuticals Inc. Common Stock,$4.92,0.07,1.443%,73716886.00,United States,2009,116864,Health Care,Biotechnology: Pharmaceutical Preparations
CPOP,Pop Culture Group Co. Ltd Class A Ordinary Shares,$0.32,0.0174,5.75%,26220493.00,China,2021,131459,Consumer Discretionary,Services-Misc. Amusement & Recreation
CPRT,Copart Inc. (DE) Common Stock,$32.65,-0.29,-0.88%,31452018868.00,United States,1994,8853321,Consumer Discretionary,Retail-Auto Dealers and Gas Stations
CPRX,Catalyst Pharmaceuticals Inc. Common Stock,$31.16,0.00,0.00%,3813391711.00,United States,2006,4128713,Health Care,Biotechnology: Pharmaceutical Preparations
CPSH,CPS Technologies Corp. Common Stock,$4.91,0.11,2.292%,88414188.00,United States,,449021,Consumer Discretionary,Building Materials
CPSS,Consumer Portfolio Services Inc. Common Stock,$10.17,0.46,4.737%,220674406.00,United States,1992,48467,Finance,Finance: Consumer Services
CPZ,Calamos Long/Short Equity & Dynamic Income Trust Common Stock,$13.00,-0.20,-1.515%,255218522.00,United States,2019,106492,Finance,Trusts Except Educational Religious and Charitable
CRAC,Crown Reserve Acquisition Corp. I Class A Ordinary Shares,$10.08,0.005,0.05%,0.00,Cayman Islands,2025,48026,,
CRACR,Crown Reserve Acquisition Corp. I Rights,$0.1525,-0.0075,-4.688%,0.00,Cayman Islands,2025,1626,,
CRACW,Crown Reserve Acquisition Corp. I Warrant,$0.03,-0.0155,-34.066%,0.00,Cayman Islands,2025,22500,,
CRAI,CRA International Inc. Common Stock,$138.94,-0.09,-0.065%,897974500.00,United States,1998,158981,Consumer Discretionary,Other Consumer Services
CRAN,Crane Harbor Acquisition Corp. II Class A Ordinary Shares,$10.03,0.00,0.00%,0.00,United States,2026,242442,Finance,Blank Checks
CRANR,Crane Harbor Acquisition Corp. II Rights,$0.22,0.00,0.00%,0.00,United States,2026,800,Finance,Blank Checks
CRANU,Crane Harbor Acquisition Corp. II Units,$10.22,0.02,0.196%,0.00,United States,2025,6300,,
CRAQR,Cal Redwood Acquisition Corp. Right,$0.23,0.00,0.00%,0.00,United States,2025,16,Finance,Blank Checks
CRBP,Corbus Pharmaceuticals Holdings Inc. Common Stock,$11.98,-0.17,-1.399%,221962984.00,United States,,218099,Health Care,Biotechnology: Pharmaceutical Preparations
CRBU,Caribou Biosciences Inc. Common Stock,$2.14,0.02,0.943%,212246431.00,United States,2021,3446900,Health Care,Biotechnology: Biological Products (No Diagnostic Substances)
CRCT,Cricut Inc. Class A Common Stock,$4.03,0.09,2.284%,845891495.00,United States,2021,574090,Technology,Industrial Machinery/Components
CRDF,Cardiff Oncology Inc. Common Stock,$1.73,0.04,2.367%,118279920.00,United States,,539405,Health Care,Biotechnology: Biological Products (No Diagnostic Substances)
CRDL,Cardiol Therapeutics Inc. Class A Common Shares,$1.37,0.01,0.735%,153264755.00,Canada,,532419,Health Care,Biotechnology: Biological Products (No Diagnostic Substances)
CRDO,Credo Technology Group Holding Ltd Ordinary Shares,$184.54,-4.82,-2.545%,34038391928.00,United States,2022,4949801,Technology,Semiconductors
CRE,Cre8 Enterprise Limited Class A Ordinary Shares,$2.48,0.07,2.905%,4994683.00,Hong Kong,2025,13673,Consumer Discretionary,Publishing
CREG,Smart Powerr Corp. Common Stock,$0.7143,0.5143,257.15%,16399705.00,China,,520675206,Real Estate,Real Estate
CRESY,Cresud S.A.C.I.F. y A. American Depositary Shares,$10.69,0.09,0.849%,656445395.00,Argentina,1997,111806,Finance,Real Estate
CREX,Creative Realities Inc. Common Stock,$3.65,0.045,1.248%,38570528.00,United States,,40249,Technology,EDP Services
CRGO,Freightos Limited Ordinary shares,$2.15,0.10,4.878%,111119521.00,Israel,,27103,Industrials,Integrated Freight & Logistics
CRGOW,Freightos Limited Warrants,$0.12,0.00,0.00%,6202020.00,Israel,,3111,Industrials,Integrated Freight & Logistics
CRIS,Curis Inc. Common Stock,$0.5133,0.0133,2.66%,20007763.00,United States,,117767,Health Care,Biotechnology: Biological Products (No Diagnostic Substances)
CRMD,CorMedix Inc. Common Stock,$7.93,0.43,5.733%,622047360.00,United States,,4321521,Health Care,Biotechnology: Pharmaceutical Preparations
CRML,Critical Metals Corp. Ordinary Shares,$11.60,0.14,1.222%,1464250519.00,British Virgin Islands,,10063785,Basic Materials,Metal Mining
CRMLW,Critical Metals Corp. Warrants,$5.13,0.13,2.60%,647552169.00,British Virgin Islands,,52428,Basic Materials,Metal Mining
CRMT,America's Car-Mart Inc Common Stock,$12.06,-0.02,-0.166%,100127547.00,United States,,63865,Consumer Discretionary,Retail-Auto Dealers and Gas Stations
CRNC,Cerence Inc. Common Stock,$10.42,-0.26,-2.434%,470856970.00,United States,,935324,Technology,Computer Software: Prepackaged Software
CRNT,Ceragon Networks Ltd. Ordinary Shares,$2.65,0.13,5.159%,240868292.00,Israel,,508448,Technology,Radio And Television Broadcasting And Communications Equipment
CRNX,Crinetics Pharmaceuticals Inc. Common Stock,$38.31,0.83,2.215%,4039414368.00,United States,2018,1285219,Health Care,Biotechnology: Pharmaceutical Preparations
CRON,Cronos Group Inc. Common Share,$2.74,0.01,0.366%,1030983452.00,Canada,,1250999,Health Care, Medicinal Chemicals and Botanical Products 
CROX,Crocs Inc. Common Stock,$97.16,0.23,0.237%,4827846200.00,United States,2006,922107,Consumer Discretionary,Shoe Manufacturing
CRSP,CRISPR Therapeutics AG Common Shares,$50.45,-2.30,-4.36%,4865841556.00,Switzerland,2016,1664364,Health Care,Biotechnology: Biological Products (No Diagnostic Substances)
CRSR,Corsair Gaming Inc. Common Stock,$7.36,-0.06,-0.809%,786653073.00,United States,2020,1107990,Technology,Computer peripheral equipment
CRTO,Criteo S.A. American Depositary Shares,$16.00,-0.15,-0.929%,801570224.00,France,2013,294310,Consumer Discretionary,Advertising
CRUS,Cirrus Logic Inc. Common Stock,$162.84,-3.605,-2.166%,8306043225.00,United States,1989,515104,Technology,Semiconductors
CRVL,CorVel Corp. Common Stock,$57.485,-0.635,-1.093%,2940497841.00,United States,,178448,Finance,Specialty Insurers
CRVO,CervoMed Inc. Common Stock,$3.76,0.04,1.075%,34812783.00,United States,,19243,Health Care,Biotechnology: Pharmaceutical Preparations
CRVS,Corvus Pharmaceuticals Inc. Common Stock,$13.655,-2.185,-13.794%,1148254740.00,United States,2016,3945954,Health Care,Biotechnology: Pharmaceutical Preparations
CRWD,CrowdStrike Holdings Inc. Class A Common Stock,$579.95,17.38,3.089%,147618455354.00,United States,2019,2815905,Technology,Computer Software: Prepackaged Software
CRWS,Crown Crafts Inc Common Stock,$2.75,-0.01,-0.362%,29418914.00,United States,,30035,Consumer Discretionary,Textiles
CRWV,CoreWeave Inc. Class A Common Stock,$114.215,2.905,2.61%,62312317068.00,United States,2025,27702295,Technology,Computer Software: Prepackaged Software
CSAI,Cloudastructure Inc. Class A Common Stock,$0.5906,0.0601,11.329%,14479018.00,United States,,537028,Technology,Computer Software: Programming Data Processing
CSBR,Champions Oncology Inc. Common Stock,$6.21,0.19,3.156%,86237189.00,United States,,14388,Health Care,Biotechnology: Biological Products (No Diagnostic Substances)
CSCO,Cisco Systems Inc. Common Stock (DE),$115.53,13.66,13.409%,456331143142.00,United States,1990,70932302,Telecommunications,Computer Communications Equipment
CSGP,CoStar Group Inc. Common Stock,$31.85,-0.12,-0.375%,13006129523.00,United States,1998,7867127,Finance,Real Estate
CSHR,CoinShares PLC Ordinary Shares,$6.32,0.10,1.608%,832850921.00,Jersey,,428296,Finance,Investment Bankers/Brokers/Service
CSHRW,CoinShares PLC Warrants,$1.47,0.00,0.00%,193716907.00,Jersey,,57,Finance,Investment Bankers/Brokers/Service
CSIQ,Canadian Solar Inc. Common Shares (ON),$17.815,-2.235,-11.147%,1208154938.00,Canada,2006,9153869,Technology,Semiconductors
CSPI,CSP Inc. Common Stock,$9.65,0.37,3.987%,97193324.00,United States,1982,14570,Technology,EDP Services
CSQ,Calamos Strategic Total Return Common Stock,$20.47,0.1425,0.701%,3252429622.00,United States,2004,197142,Finance,Finance Companies
CSTE,Caesarstone Ltd. Ordinary Shares,$1.58,0.09,6.04%,54631779.00,Israel,2012,144547,Industrials,Building Materials
CSTL,Castle Biosciences Inc. Common Stock,$18.88,0.73,4.022%,572629494.00,United States,2019,652497,Health Care,Medical Specialities
CSWC,Capital Southwest Corporation Common Stock,$24.01,0.57,2.432%,1444490100.00,United States,,710403,Consumer Discretionary,Textiles
CSX,CSX Corporation Common Stock,$45.92,1.52,3.423%,85325736268.00,United States,,15599738,Industrials,Railroads
CTAA,ClearThink 1 Acquisition Corp. Class A Ordinary Shares,$9.86,0.00,0.00%,0.00,United States,2026,1,Finance,Blank Checks
CTAAR,ClearThink 1 Acquisition Corp. Rights,$0.22,0.0002,0.091%,0.00,United States,2026,8700,,
CTAAU,ClearThink 1 Acquisition Corp. Units,$10.05,0.00,0.00%,0.00,United States,2026,6,Finance,Blank Checks
CTAS,Cintas Corporation Common Stock,$165.95,2.40,1.467%,66402715402.00,United States,1983,1691332,Industrials,Garments and Clothing
CTBI,Community Trust Bancorp Inc. Common Stock,$64.505,-0.015,-0.023%,1171650823.00,United States,,55504,Finance,Major Banks
CTKB,Cytek Biosciences Inc. Common Stock,$3.355,-0.325,-8.832%,433273379.00,United States,2021,2533528,Industrials,Biotechnology: Laboratory Analytical Instruments
CTMX,CytomX Therapeutics Inc. Common Stock,$3.78,-0.01,-0.264%,822917034.00,United States,2015,2460279,Health Care,Biotechnology: Pharmaceutical Preparations
CTNM,Contineum Therapeutics Inc. Class A Common Stock,$14.21,0.06,0.424%,531260417.00,United States,2024,109265,Health Care,Biotechnology: Pharmaceutical Preparations
CTNT,Cheetah Net Supply Chain Service Inc Class A Common Stock,$2.01,-0.26,-11.454%,3938281.00,United States,2023,306342,Consumer Discretionary,Motor Vehicles
CTOR,Citius Oncology Inc. Common Stock,$0.9843,-0.0027,-0.274%,86889283.00,United States,2022,121575,Health Care,Biotechnology: Pharmaceutical Preparations
CTRM,Castor Maritime Inc. Common Shares,$1.92,-0.03,-1.538%,18551720.00,Cyprus,,17379,Consumer Discretionary,Marine Transportation
CTRN,Citi Trends Inc. Common Stock,$42.89,1.39,3.349%,539883365.00,United States,2005,58507,Consumer Discretionary,Clothing/Shoe/Accessory Stores
CTSH,Cognizant Technology Solutions Corporation Class A Common Stock,$46.05,0.08,0.174%,21821689047.00,United States,1998,6969409,Technology,EDP Services
CTSO,Cytosorbents Corporation Common Stock,$0.5418,-0.0288,-5.047%,34022194.00,United States,,305631,Health Care,Medical/Dental Instruments
CTW,CTW Class A Ordinary Shares,$3.01,0.11,3.793%,187824000.00,Japan,2025,77549,Technology,EDP Services
CTXR,Citius Pharmaceuticals Inc. Common Stock,$0.72,0.07,10.769%,15756150.00,United States,,1570581,Health Care,Biotechnology: Pharmaceutical Preparations
CUB,Lionheart Holdings Class A Ordinary Shares,$10.81,0.01,0.093%,343418307.00,United States,2024,201093,Industrials,Industrial Machinery/Components
CUBWW,Lionheart Holdings Warrant,$0.17,0.01,6.25%,0.00,United States,2024,1456,,
CUE,Cue Biopharma Inc. Common Stock,$25.33,-4.14,-14.048%,99893313.00,United States,2018,168719,Health Care,Biotechnology: Pharmaceutical Preparations
CULP,Culp Inc. Common Stock,$3.17,-0.13,-3.939%,40141025.00,United States,,25402,Consumer Discretionary,Textiles
CUPR,Cuprina Holdings (Cayman) Limited Class A Ordinary Shares,$0.268,0.006,2.29%,5748600.00,Singapore,2025,461028,Health Care,Biotechnology: Pharmaceutical Preparations
CURI,CuriosityStream Inc. Class A Common Stock,$3.13,0.18,6.102%,185570188.00,United States,2020,729153,Consumer Discretionary,Movies/Entertainment
CURR,Currenc Group Inc. Ordinary Shares,$4.20,-0.26,-5.83%,471583917.00,Singapore,,189764,Real Estate,Real Estate
CURX,Curanex Pharmaceuticals Inc Common Stock,$0.3129,-0.0023,-0.73%,8875350.00,United States,2025,102538,Health Care,Biotechnology: Pharmaceutical Preparations
CV,CapsoVision Inc. Common Stock,$7.30,0.30,4.286%,363903014.00,United States,2025,110634,Health Care,Biotechnology: Electromedical & Electrotherapeutic Apparatus
CVBF,CVB Financial Corporation Common Stock,$19.77,0.17,0.867%,3488519225.00,United States,,1991568,Finance,Major Banks
CVCO,Cavco Industries Inc. Common Stock When Issued,$476.59,13.96,3.018%,3698892674.00,United States,,112491,Consumer Discretionary,Homebuilding
CVGI,Commercial Vehicle Group Inc. Common Stock,$5.52,0.21,3.955%,200143884.00,United States,2004,594368,Consumer Discretionary,Auto Parts:O.E.M.
CVGW,Calavo Growers Inc. Common Stock,$26.81,-0.09,-0.335%,479204058.00,United States,,134407,Consumer Discretionary,Specialty Foods
CVKD,Cadrenal Therapeutics Inc. Common Stock,$5.27,-0.04,-0.753%,16222362.00,United States,2023,49349,Health Care,Biotechnology: Pharmaceutical Preparations
CVLT,Commvault Systems Inc. Common Stock,$102.05,2.24,2.244%,4209626485.00,United States,2006,787184,Technology,Computer Software: Prepackaged Software
CVRX,CVRx Inc. Common Stock,$5.74,0.52,9.962%,152316319.00,United States,2021,1037668,Health Care,Medical/Dental Instruments
CVV,CVD Equipment Corporation Common Stock,$6.85,0.01,0.146%,47520765.00,United States,,323559,Technology,Industrial Machinery/Components
CWBC,Community West Bancshares Common Stock,$23.49,0.14,0.60%,637382499.00,United States,,107300,Finance,Major Banks
CWCO,Consolidated Water Co. Ltd. Ordinary Shares,$29.32,-0.72,-2.397%,469125571.00,Cayman Islands,,111636,Utilities,Water Supply
CWD,CaliberCos Inc. Class A Common Stock,$1.12,0.129,13.017%,7899429.00,United States,2023,299543,Finance,Real Estate
CWST,Casella Waste Systems Inc. Class A Common Stock,$86.31,2.00,2.372%,5490174008.00,United States,1997,461199,Utilities,Environmental Services
CXAI,CXApp Inc. Class A Common Stock,$0.1401,-0.0014,-0.989%,9819508.00,United States,2021,6076635,Technology,EDP Services
CXAIW,CXApp Inc. Warrant,$0.0337,-0.0003,-0.882%,2362009.00,United States,2021,11941,Technology,EDP Services
CXDO,Crexendo Inc. Common Stock,$9.62,0.28,2.998%,311835888.00,United States,,391449,Telecommunications,Telecommunications Equipment
CXIIU,Churchill Capital Corp XII Units,$10.15,0.00,0.00%,0.00,United States,2026,1058,Finance,Blank Checks
CYAB,Cyabra Inc. Common Stock,$0.599,0.059,10.926%,8274661.00,Israel,,337242,Technology,Computer Software: Prepackaged Software
CYCN,Cyclerion Therapeutics Inc. Common Stock,$3.09,-0.04,-1.278%,13380670.00,United States,,112785,Health Care,Biotechnology: Pharmaceutical Preparations
CYCU,Cycurion Inc. Common Stock,$0.9076,0.0076,0.844%,5000865.00,United States,2025,1431861,Technology,EDP Services
CYCUW,Cycurion Inc. Warrant,$0.0249,0.0038,18.009%,137199.00,United States,2025,45555,Technology,EDP Services
CYN,Cyngn Inc. Common Stock,$1.48,-0.23,-13.45%,20140256.00,United States,2021,790258,Technology,EDP Services
CYPH,Cypherpunk Technologies Inc. Common Stock,$1.20,0.16,15.385%,117214474.00,United States,,5847706,Health Care,Biotechnology: Pharmaceutical Preparations
CYRX,CryoPort Inc. Common Stock,$13.23,-0.02,-0.151%,666822601.00,United States,,409467,Health Care,Biotechnology: Pharmaceutical Preparations
CYTK,Cytokinetics Incorporated Common Stock,$78.64,1.42,1.839%,9785376912.00,United States,2004,2349205,Health Care,Biotechnology: Pharmaceutical Preparations
CZFS,Citizens Financial Services Inc. Common Stock,$62.57,-0.39,-0.619%,300644846.00,United States,,3915,Finance,Major Banks
CZNC,Citizens & Northern Corp Common Stock,$20.76,0.01,0.048%,371948325.00,United States,,34216,Finance,Major Banks
CZR,Caesars Entertainment Inc. Common Stock,$27.16,0.37,1.381%,5531865419.00,United States,,7668849,Consumer Discretionary,Hotels/Resorts
CZWI,Citizens Community Bancorp Inc. Common Stock,$20.93,-0.05,-0.238%,201851264.00,United States,2006,13202,Finance,Savings Institutions
DAAQ,Digital Asset Acquisition Corp. Class A Ordinary shares,$10.30,-0.01,-0.097%,0.00,United States,2025,15148,Finance,Blank Checks
DAAQW,Digital Asset Acquisition Corp. Warrant,$0.40,-0.0499,-11.091%,0.00,United States,2025,1031,Finance,Blank Checks
DAIC,CID HoldCo Inc. Common Stock,$0.185,0.0062,3.468%,5598022.00,United States,,308363,Technology,EDP Services
DAICW,CID HoldCo Inc. Warrants,$0.0161,0.00,0.00%,487179.00,United States,,13900,Technology,EDP Services
DAIO,Data I/O Corporation Common Stock,$2.91,0.14,5.054%,27337768.00,United States,1981,258114,Industrials,Electrical Products
DAKT,Daktronics Inc. Common Stock,$19.80,-0.21,-1.049%,956302578.00,United States,1994,287374,Consumer Discretionary,Miscellaneous manufacturing industries
DARE,Dare Bioscience Inc. Common Stock,$2.86,0.02,0.704%,41640176.00,United States,2014,1474208,Health Care,Biotechnology: Pharmaceutical Preparations
DASH,DoorDash Inc. Class A Common Stock,$153.70,4.63,3.106%,66969967571.00,United States,,4298346,Technology,EDP Services
DAVE,Dave Inc. Class A Common Stock,$234.49,-5.58,-2.324%,3004606662.00,United States,,302109,Finance,Finance: Consumer Services
DAVEW,Dave Inc. Warrants,$0.5794,-0.0306,-5.016%,7424065.00,United States,,34652,Finance,Finance: Consumer Services
DBCA,D. Boral Acquisition I Corp. Class A Ordinary Shares,$9.90,0.01,0.101%,0.00,United States,2026,169758,Finance,Blank Checks
DBCAW,D. Boral Acquisition I Corp. Warrants,$0.36,0.00,0.00%,0.00,United States,2026,87000,Finance,Blank Checks
DBGI,Digital Brands Group Inc. Common Stock,$1.04,-0.10,-8.772%,22257303.00,United States,2025,835270,Consumer Discretionary,Clothing/Shoe/Accessory Stores
DBVT,DBV Technologies S.A. American Depositary Shares,$19.84,0.24,1.224%,1174696422.00,France,2014,174960,Health Care,Biotechnology: Biological Products (No Diagnostic Substances)
DBX,Dropbox Inc. Class A Common Stock,$26.20,0.00,0.00%,6112477004.00,United States,2018,3518001,Technology,Computer Software: Prepackaged Software
DCBO,Docebo Inc. Common Shares,$16.36,-0.32,-1.918%,420488319.00,Canada,,760260,Technology,Computer Software: Prepackaged Software
DCGO,DocGo Inc. Common Stock,$0.5911,0.0036,0.613%,58387920.00,United States,2020,369977,Health Care,Medical/Nursing Services
DCOY,Decoy Therapeutics Inc. Common Stock,$4.52,-0.30,-6.224%,2404495.00,United States,2015,10976,Health Care,Biotechnology: Pharmaceutical Preparations
DCTH,Delcath Systems Inc. Common Stock,$11.46,-0.15,-1.292%,395618075.00,United States,,423607,Health Care,Medical/Dental Instruments
DCX,Digital Currency X Technology Inc. Class A Ordinary Shares,$2.21,-0.01,-0.45%,43813164.00,Cayman Islands,,6946,Industrials,Auto Manufacturing
DDI,DoubleDown Interactive Co. Ltd. American Depository Shares,$11.74,-0.06,-0.508%,581757386.00,South Korea,2021,56616,Technology,EDP Services
DDOG,Datadog Inc. Class A Common Stock,$202.84,-2.47,-1.203%,72202964737.00,United States,2019,4939931,Technology,Computer Software: Prepackaged Software
DEFT,Defi Technologies Inc. Common Stock,$0.808,0.1192,17.305%,313324009.00,Canada,,12156445,Finance,Finance: Consumer Services
DERM,Journey Medical Corporation Common Stock,$6.35,1.16,22.351%,174844373.00,United States,2021,763874,Health Care,Biotechnology: Pharmaceutical Preparations
DETX,Liberty Defense Holdings Ltd. Common Shares,$4.15,0.21,5.33%,23480455.00,United States,,71551,Telecommunications,Telecommunications Equipment
DEVS,DevvStream Corp. Common Stock,$0.1886,0.0309,19.594%,724534.00,Canada,2024,6195584,Finance,Finance/Investors Services
DFDV,DeFi Development Corp. Common Stock,$5.06,0.41,8.817%,149256814.00,United States,2023,1627398,Finance,Finance: Consumer Services
DFDVW,DeFi Development Corp. Warrant,$0.7056,0.0807,12.914%,20813361.00,United States,,6703,,
DFLI,Dragonfly Energy Holdings Corp. Common Stock (NV),$1.93,-0.03,-1.531%,23447151.00,United States,2021,893745,Miscellaneous,Industrial Machinery/Components
DFLIW,Dragonfly Energy Holdings Corp. Warrant,$0.0447,0.0031,7.452%,543051.00,United States,2021,22118,Miscellaneous,Industrial Machinery/Components
DFNS,T3 Defense Inc. Common Stock,$0.46,0.023,5.263%,17398827.00,United States,2020,2147542,Consumer Discretionary,Professional Services
DFNSW,T3 Defense Inc. Warrants,$0.0728,0.0021,2.97%,2753554.00,United States,2020,182159,Consumer Discretionary,Professional Services
DFSC,DEFSEC Technologies Inc. Common Stock,$4.195,-0.645,-13.326%,8363261.00,Canada,,228818,Technology,Computer Software: Prepackaged Software
DFSCW,DEFSEC Technologies Inc. Warrant,$0.0299,0.00,0.00%,59609.00,Canada,,9950,Technology,Computer Software: Prepackaged Software
DFTX,Definium Therapeutics Inc. Common Shares,$21.35,-0.66,-2.999%,2328575817.00,United States,,1087254,Health Care, Medicinal Chemicals and Botanical Products 
DGICA,Donegal Group Inc. Class A Common Stock,$17.18,0.17,0.999%,636512180.00,United States,,98520,Finance,Property-Casualty Insurers
DGICB,Donegal Group Inc. Class B Common Stock,$18.6332,1.0432,5.931%,690352663.00,United States,1986,604,Finance,Property-Casualty Insurers
DGII,Digi International Inc. Common Stock,$64.22,-1.11,-1.699%,2421235220.00,United States,1989,489663,Telecommunications,Computer Communications Equipment
DGNX,Diginex Limited Ordinary Shares,$0.9501,-0.2499,-20.825%,27648804.00,Hong Kong,2025,3237339,Technology,EDP Services
DGXX,Digi Power X Inc. Subordinate Voting Shares,$7.22,-1.24,-14.657%,504009782.00,Canada,,41648074,Finance,Finance: Consumer Services
DH,Definitive Healthcare Corp. Class A Common Stock,$0.86,-0.0263,-2.967%,123624631.00,United States,2021,354491,Technology,Computer Software: Prepackaged Software
DHC,Diversified Healthcare Trust Common Shares of Beneficial Interest,$8.64,-0.09,-1.031%,2091803841.00,United States,,1257251,Real Estate,Real Estate Investment Trusts
DHCNI,Diversified Healthcare Trust 5.625% Senior Notes due 2042,$19.04,0.34,1.818%,4596529357.00,United States,,21385,Real Estate,Real Estate Investment Trusts
DHCNL,Diversified Healthcare Trust 6.25% Senior Notes Due 2046,$19.82,0.22,1.122%,4784832556.00,United States,,31629,Real Estate,Real Estate Investment Trusts
DIBS,1stdibs.com Inc. Common Stock,$4.47,-0.08,-1.758%,157940794.00,United States,2021,306871,Consumer Discretionary,Catalog/Specialty Distribution
DIOD,Diodes Incorporated Common Stock,$103.65,1.69,1.658%,4762171679.00,United States,,686540,Technology,Semiconductors
DJCO,Daily Journal Corp. (S.C.) Common Stock,$474.01,2.49,0.528%,653054005.00,United States,,15266,Consumer Discretionary,Newspapers/Magazines
DJT,Trump Media & Technology Group Corp. Common Stock,$8.95,0.00,0.00%,2478736761.00,United States,2024,3900131,Technology,Computer Software: Programming Data Processing
DJTWW,Trump Media & Technology Group Corp. Warrants,$4.19,-0.06,-1.412%,1160436539.00,United States,2021,50035,Technology,Computer Software: Programming Data Processing
DKI,DarkIris Inc. Class A Ordinary Shares,$5.51,-0.40,-6.768%,11446777.00,Hong Kong,2025,41750,Technology,Computer Software: Prepackaged Software
DKNG,DraftKings Inc. Class A Common Stock,$25.15,0.12,0.479%,12477639748.00,United States,2019,8469937,Consumer Discretionary,Services-Misc. Amusement & Recreation
DLHC,DLH Holdings Corp.,$5.50,0.00,0.00%,79711693.00,United States,,2315,Consumer Discretionary,Professional Services
DLO,DLocal Limited Class A Common Shares,$12.66,0.49,4.026%,3733838563.00,Uruguay,2021,3355610,Real Estate,Real Estate
DLPN,Dolphin Entertainment Inc. Common Stock,$1.38,-0.03,-2.128%,17963834.00,United States,,15259,Consumer Discretionary,Other Consumer Services
DLTH,Duluth Holdings Inc. Class B Common Stock,$3.03,-0.02,-0.656%,115529955.00,United States,2015,50766,Consumer Discretionary,Clothing/Shoe/Accessory Stores
DLTR,Dollar Tree Inc. Common Stock,$89.97,3.17,3.652%,17519444778.00,United States,1995,4588704,Consumer Discretionary,Department/Specialty Retail Stores
DLXY,Delixy Holdings Limited Class A Ordinary Shares,$0.49,0.019,4.034%,8011500.00,Singapore,2025,172368,Energy,Oil Refining/Marketing
DMAA,Drugs Made In America Acquisition Corp. Ordinary Shares,$10.59,-0.01,-0.094%,0.00,United States,2025,102,,
DMAAR,Drugs Made In America Acquisition Corp. Rights,$0.121,-0.0012,-0.982%,0.00,United States,2025,9417,Finance,Blank Checks
DMAAU,Drugs Made In America Acquisition Corp. Units,$10.5802,0.00,0.00%,0.00,United States,2025,2,Finance,Blank Checks
DMAC,DiaMedica Therapeutics Inc. Common Stock,$6.36,0.10,1.597%,342698074.00,United States,2018,94982,Health Care,Biotechnology: Pharmaceutical Preparations
DMII,Drugs Made In America Acquisition II Corp. Ordinary Shares,$10.03,0.00,0.00%,0.00,United States,2025,273157,Finance,Blank Checks
DMLP,Dorchester Minerals L.P. Common Units Representing Limited Partnership Interests,$27.23,0.16,0.591%,1313995904.00,United States,,160060,Energy,Oil & Gas Production
DMRA,Damora Therapeutics Inc. Common Stock,$23.88,-0.28,-1.159%,1469890273.00,Denmark,2020,194407,Health Care,Biotechnology: Pharmaceutical Preparations
DMRC,Digimarc Corporation Common Stock,$9.83,-0.73,-6.913%,218638614.00,United States,,278289,Technology,EDP Services
DNLI,Denali Therapeutics Inc. Common Stock,$19.39,-0.41,-2.071%,3077381800.00,United States,2017,1828232,Health Care,Biotechnology: Biological Products (No Diagnostic Substances)
DNMX,Dynamix Corporation III Class A Ordinary Shares,$9.99,0.005,0.05%,0.00,United States,2025,1230,Finance,Blank Checks
DNMXU,Dynamix Corporation III Unit,$10.1399,0.0099,0.098%,0.00,United States,2025,2504,Finance,Blank Checks
DNTH,Dianthus Therapeutics Inc. Common Stock,$85.34,-0.40,-0.467%,4665216324.00,United States,2018,241418,Health Care,Biotechnology: Pharmaceutical Preparations
DNUT,Krispy Kreme Inc. Common Stock,$3.25,-0.06,-1.813%,560300000.00,United States,2021,2653800,Consumer Staples,Food Chains
DOCU,DocuSign Inc. Common Stock,$45.50,0.43,0.954%,8915535766.00,United States,1989,2950031,Technology,Computer Software: Prepackaged Software
DOGZ,Dogness (International) Corporation Class A Common Stock,$1.16,0.03,2.655%,16832363.00,China,2017,33806,Consumer Discretionary,Miscellaneous manufacturing industries
DOMH,Dominari Holdings Inc. Common Stock,$3.85,-0.07,-1.786%,87063057.00,United States,,221959,Health Care,Biotechnology: Pharmaceutical Preparations
DOMO,Domo Inc. Class B Common Stock,$3.43,-0.01,-0.291%,154852145.00,United States,2018,511974,Technology,Computer Software: Prepackaged Software
DOO,BRP Inc. Common Subordinate Voting Shares,$56.24,1.37,2.497%,4112436901.00,Canada,,189889,Consumer Discretionary,Industrial Specialties
DORM,Dorman Products Inc. Common Stock,$120.49,4.17,3.585%,3600577247.00,United States,,252448,Consumer Discretionary,Auto Parts:O.E.M.
DOX,Amdocs Limited Ordinary Shares,$61.93,2.00,3.337%,6685314950.00,Guernsey,,1614769,Technology,EDP Services
DOYU,DouYu International Holdings Limited ADS,$4.54,-0.12,-2.575%,137012020.00,China,2019,61467,Technology,Computer Software: Programming Data Processing
DPRO,Draganfly Inc. Common Shares,$5.63,0.32,6.026%,193536717.00,Canada,,1606706,Industrials,Aerospace
DPZ,Domino's Pizza Inc Common Stock,$304.01,-4.47,-1.449%,10111941099.00,United States,2004,714020,Consumer Discretionary,Food Distributors
DRCT,Direct Digital Holdings Inc. Class A Common Stock,$4.05,0.44,12.188%,3010924.00,United States,2022,44169,Consumer Discretionary,Advertising
DRDB,Roman DBDR Acquisition Corp. II Ordinary shares,$10.53,0.01,0.095%,0.00,United States,2025,2292,,
DRDBW,Roman DBDR Acquisition Corp. II Warrants,$0.22,0.00,0.00%,0.00,United States,2025,188,,
DRH,Diamondrock Hospitality Company Common Stock,$10.50,0.03,0.287%,2147151206.00,United States,2005,949785,Real Estate,Real Estate Investment Trusts
DRIO,DarioHealth Corp. Common Stock,$8.385,0.285,3.519%,61314457.00,Israel,,3430,Health Care,Medical/Dental Instruments
DRMA,Dermata Therapeutics Inc. Common Stock,$1.23,0.04,3.361%,4947236.00,United States,2021,60059,Health Care,Biotechnology: Pharmaceutical Preparations
DRMAW,Dermata Therapeutics Inc. Warrant,$0.0137,0.0025,22.321%,55103.00,United States,2021,11268,Health Care,Biotechnology: Pharmaceutical Preparations
DRS,Leonardo DRS Inc. Common Stock,$42.86,0.36,0.847%,11433423049.00,Israel,,679843,Industrials,Industrial Machinery/Components
DRTS,Alpha Tau Medical Ltd. Ordinary Shares,$10.41,0.77,7.988%,916181362.00,Israel,,1029338,Health Care,Medical/Dental Instruments
DRTSW,Alpha Tau Medical Ltd. Warrant,$1.995,0.195,10.833%,175579425.00,Israel,,138373,Health Care,Medical/Dental Instruments
DRUG,Bright Minds Biosciences Inc. Common Stock,$77.64,-6.94,-8.205%,759875180.00,Canada,,365377,Health Care,Biotechnology: Pharmaceutical Preparations
DRVN,Driven Brands Holdings Inc. Common Stock,$12.54,-0.14,-1.104%,2062255894.00,United States,2021,1308090,Consumer Discretionary,Automotive Aftermarket
DSAC,Daedalus Special Acquisition Corp. Class A Ordinary Shares,$9.95,0.00,0.00%,0.00,Cayman Islands,2026,5,Finance,Blank Checks
DSACW,Daedalus Special Acquisition Corp. Warrant,$0.42,0.00,0.00%,0.00,Cayman Islands,2026,189700,Finance,Blank Checks
DSGN,Design Therapeutics Inc. Common Stock,$14.54,-1.08,-6.914%,908124402.00,United States,2021,297013,Health Care,Biotechnology: Pharmaceutical Preparations
DSGR,Distribution Solutions Group Inc. Common Stock,$27.17,0.00,0.00%,1255122633.00,United States,,81127,Consumer Discretionary,Industrial Specialties
DSGX,Descartes Systems Group Inc. (The) Common Stock,$67.25,0.94,1.418%,5784885216.00,Canada,,421998,Technology,Computer Software: Prepackaged Software
DSP,Viant Technology Inc. Class A Common Stock,$10.44,-0.04,-0.382%,684174146.00,United States,2021,249318,Technology,Computer Software: Programming Data Processing
DSWL,Deswell Industries Inc. Common Shares,$3.35,-0.09,-2.616%,53383051.00,Macau,1995,5014,Industrials,Plastic Products
DSY,Big Tree Cloud Holdings Limited Class A Ordinary Shares,$2.03,0.0377,1.892%,9646300.00,China,,4833,Consumer Discretionary,Containers/Packaging
DSYWW,Big Tree Cloud Holdings Limited Warrants,$0.0138,0.00,0.00%,65576.00,China,,2800,Consumer Discretionary,Containers/Packaging
DTCX,Datacentrex Inc. Common Stock,$2.29,-0.04,-1.717%,82917243.00,United States,,184740,Technology,EDP Services
DTI,Drilling Tools International Corporation Common Stock,$3.10,0.04,1.307%,108931191.00,United States,2021,255795,Consumer Discretionary,Oil and Gas Field Machinery
DTIL,Precision BioSciences Inc. Common Stock,$8.11,-0.23,-2.758%,209256223.00,United States,2019,236860,Health Care,Biotechnology: Biological Products (No Diagnostic Substances)
DTSQ,DT Cloud Star Acquisition Corporation Ordinary Shares,$11.25,0.01,0.089%,0.00,United States,2024,2185,,
DTSQR,DT Cloud Star Acquisition Corporation Right,$0.11,-0.0201,-15.45%,0.00,United States,2024,165552,,
DTSQU,DT Cloud Star Acquisition Corporation Units,$10.9475,0.00,0.00%,0.00,United States,2024,10,,
DTSS,Datasea Intelligent Technology Ltd. Class A Ordinary Shares,$0.8801,0.0401,4.774%,9194539.00,China,,24910,Technology,Computer Software: Prepackaged Software
DTST,Data Storage Corporation Common Stock,$4.36,-0.19,-4.176%,9448722.00,United States,,94383,Technology,EDP Services
DTSTW,Data Storage Corporation Warrant,$0.0036,-0.0112,-75.676%,7802.00,United States,,28543,Technology,EDP Services
DUKR,DUKE Robotics Corp. Common Stock,$9.30,0.71,8.265%,,Israel,,6926,,
DUO,Fangdd Network Group Ltd. Class A Ordinary Shares,$1.34,-0.08,-5.634%,51654873.00,China,2019,40760,Finance,Real Estate
DUOL,Duolingo Inc. Class A Common Stock,$109.155,4.175,3.977%,5085871686.00,United States,2021,1586963,Technology,Computer Software: Prepackaged Software
DUOT,Duos Technologies Group Inc. Common Stock,$8.59,0.26,3.121%,251649281.00,United States,,547368,Technology,Computer Software: Prepackaged Software
DVLT,Datavault AI Inc. Common Stock,$0.5861,0.0482,8.961%,437506703.00,United States,2018,72365871,Technology,Semiconductors
DWSN,Dawson Geophysical Company Common Stock,$3.86,0.45,13.196%,119863962.00,United States,,159320,Energy,Oil & Gas Production
DWTX,Dogwood Therapeutics Inc. Common Stock,$1.98,0.12,6.452%,66135075.00,United States,2020,83665,Health Care,Biotechnology: Pharmaceutical Preparations
DXCM,DexCom Inc. Common Stock,$57.82,-0.75,-1.281%,22311175530.00,United States,2005,4318435,Health Care,Medical/Dental Instruments
DXLG,Destination XL Group Inc. Common Stock,$0.7108,0.0508,7.697%,38959311.00,United States,,35830,Consumer Discretionary,Clothing/Shoe/Accessory Stores
DXPE,DXP Enterprises Inc. Common Stock,$152.64,6.38,4.362%,2366730824.00,United States,,179257,Industrials,Industrial Machinery/Components
DXR,Daxor Corporation Common Stock,$10.50,0.00,0.00%,52905720.00,United States,,69,Health Care,Medical/Dental Instruments
DXST,Decent Holding Inc Class A Ordinary Shares,$1.77,0.00,0.00%,3212732.00,China,2025,25010,Industrials,Miscellaneous
DYAI,Dyadic International Inc. Common Stock,$0.69,-0.0205,-2.885%,25142705.00,United States,,74113,Health Care,Biotechnology: Biological Products (No Diagnostic Substances)
DYN,Dyne Therapeutics Inc. Common Stock,$18.28,-0.16,-0.868%,3021936191.00,United States,2020,913140,Health Care,Biotechnology: Pharmaceutical Preparations
DYNC,Dynamix Corporation Class A Ordinary Shares,$10.75,0.00,0.00%,0.00,United States,2024,109218,,
DYNCW,Dynamix Corporation Warrant,$0.12,-0.0135,-10.112%,0.00,United States,2024,12753,,
DYOR,Insight Digital Partners II Class A Ordinary Shares,$10.02,0.01,0.10%,0.00,United States,2025,492,Finance,Blank Checks
DYORW,Insight Digital Partners II Warrants,$0.30,0.00,0.00%,0.00,United States,2025,6544,Finance,Blank Checks
EA,Electronic Arts Inc. Common Stock,$200.78,0.60,0.30%,50345882958.00,United States,,1107188,Consumer Discretionary,Services-Misc. Amusement & Recreation
EBAY,eBay Inc. Common Stock,$113.24,0.23,0.204%,50393066136.00,United States,1998,4632363,Real Estate,Real Estate
EBC,Eastern Bankshares Inc. Common Stock,$19.44,0.10,0.517%,4493421845.00,United States,2020,1282610,Finance,Savings Institutions
EBMT,Eagle Bancorp Montana Inc. Common Stock,$22.06,-0.07,-0.316%,175717408.00,United States,2010,31438,Finance,Major Banks
EBON,Ebang International Holdings Inc. Class A Ordinary Shares,$2.1021,0.0721,3.552%,13756012.00,China,2020,5305,Technology,Semiconductors
ECBK,ECB Bancorp Inc. Common Stock,$18.17,-0.06,-0.329%,159059635.00,United States,2022,5576,Finance,Banks
ECOR,electroCore Inc. Common Stock,$6.43,0.11,1.741%,53341396.00,United States,2018,86107,Health Care,Biotechnology: Electromedical & Electrotherapeutic Apparatus
ECPG,Encore Capital Group Inc Common Stock,$81.73,2.71,3.43%,1752324873.00,United States,,465493,Finance,Finance Companies
ECX,ECARX Holdings Inc. Class A Ordinary shares,$1.15,0.07,6.481%,438218982.00,China,,1087639,Technology,EDP Services
ECXWW,ECARX Holdings Inc. Warrants,$0.05,-0.0005,-0.99%,19052999.00,China,,2100,Technology,EDP Services
EDAP,EDAP TMS S.A. American Depositary Shares,$4.13,-0.03,-0.721%,154800602.00,France,1997,18856,Health Care,Biotechnology: Electromedical & Electrotherapeutic Apparatus
EDBL,Edible Garden AG Incorporated Common Stock,$0.412,0.0371,9.896%,2253357.00,United States,2022,47241439,Consumer Staples,Farming/Seeds/Milling
EDBLW,Edible Garden AG Incorporated Warrant,$0.0787,0.0067,9.306%,430435.00,United States,2022,26749,Consumer Staples,Farming/Seeds/Milling
EDHL,Everbright Digital Holding Limited Ordinary Shares,$2.32,-0.35,-13.109%,3865758.00,Hong Kong,2025,33008,Consumer Discretionary,Advertising
EDIT,Editas Medicine Inc. Common Stock,$2.85,-0.05,-1.724%,279032904.00,United States,2016,1136591,Health Care,Biotechnology: Biological Products (No Diagnostic Substances)
EDRY,EuroDry Ltd. Common Shares ,$22.03,-0.055,-0.249%,63678750.00,Greece,,25836,Consumer Discretionary,Marine Transportation
EDSA,Edesa Biotech Inc. Common Shares,$14.61,-0.63,-4.134%,121966632.00,United States,,132251,Health Care,Biotechnology: Pharmaceutical Preparations
EDTK,Skillful Craftsman Education Technology Limited Ordinary Share,$1.00,-0.02,-1.961%,15929451.00,China,2020,2013,Real Estate,Other Consumer Services
EDUC,Educational Development Corporation Common Stock,$1.48,0.00,0.00%,12596819.00,United States,,6565,Consumer Discretionary,Consumer Specialties
EEFT,Euronet Worldwide Inc. Common Stock,$67.63,-2.24,-3.206%,2575018607.00,United States,1997,734844,Finance,Investment Bankers/Brokers/Service
EEIQ,EpicQuest Education Group International Limited Common Stock,$2.90,-0.18,-5.844%,4290489.00,United States,2021,23575,Real Estate,Other Consumer Services
EFOI,Energy Focus Inc. Common Stock,$4.23,0.31,7.908%,26663522.00,United States,,133141,Consumer Discretionary,Building Products
EFSC,Enterprise Financial Services Corporation Common Stock,$59.37,0.89,1.522%,2172099243.00,United States,,252687,Finance,Major Banks
EFSCP,Enterprise Financial Services Corporation Depositary Shares Each Representing a 1/40th Interest in a Share of 5% Fixed Rate Non-Cumulative Perpetual Preferred Stock Series A,$21.46,0.16,0.751%,785131375.00,United States,,6509,Finance,Major Banks
EFSI,Eagle Financial Services Inc Common Stock,$37.41,0.62,1.685%,202476986.00,United States,,23182,Finance,Major Banks
EGAN,eGain Corporation Common Stock,$6.73,0.25,3.858%,184308520.00,United States,1999,548830,Technology,Computer Software: Prepackaged Software
EGBN,Eagle Bancorp Inc. Common Stock,$25.06,0.09,0.36%,764220137.00,United States,,242341,Finance,Major Banks
EGHA,EGH Acquisition Corp. Class A Ordinary Shares,$10.3301,0.0601,0.585%,0.00,United States,2025,196637,Finance,Finance/Investors Services
EGHAR,EGH Acquisition Corp. Rights,$0.40,0.05,14.286%,0.00,United States,2025,49290,Finance,Blank Checks
EGHT,8x8 Inc Common Stock,$2.24,-0.20,-8.197%,312073104.00,United States,,1874208,Technology,EDP Services
EH,EHang Holdings Limited ADS,$9.80,-0.36,-3.543%,705451608.00,China,2019,473430,Industrials,Aerospace
EHGO,Eshallgo Inc. Class A Ordinary Shares,$1.84,0.03,1.657%,3721555.00,China,2024,9834,Consumer Discretionary,Diversified Commercial Services
EHLD,Euroholdings Ltd. Common Stock ,$8.74,0.115,1.333%,24617215.00,Greece,,2575,Consumer Discretionary,Marine Transportation
EHTH,eHealth Inc. Common Stock,$1.78,-0.07,-3.784%,56499012.00,United States,2006,167938,Finance,Specialty Insurers
EIKN,Eikon Therapeutics Inc. Common Stock,$13.18,0.87,7.067%,713547117.00,United States,2026,441148,Health Care,Biotechnology: Biological Products (No Diagnostic Substances)
EJH,E-Home Household Service Holdings Limited Ordinary Shares,$1.46,0.04,2.817%,4672225.00,China,2021,24243,Consumer Discretionary,Other Consumer Services
ELAB,PMGC Holdings Inc. Common Stock,$2.06,0.08,4.04%,9168127.00,United States,2023,1118310,Health Care,Biotechnology: Pharmaceutical Preparations
ELBM,Electra Battery Materials Corporation Common Stock,$0.6195,0.0021,0.34%,64265896.00,Canada,,618120,Miscellaneous,Industrial Machinery/Components
ELDN,Eledon Pharmaceuticals Inc. Common Stock,$3.95,0.07,1.804%,304891901.00,United States,2014,2040278,Health Care,Biotechnology: Pharmaceutical Preparations
ELE,Elemental Royalty Corporation Common Stock,$18.60,-0.83,-4.272%,1194587976.00,Canada,,324903,Basic Materials,Precious Metals
ELMT,The Elmet Group Co. Common Stock,$16.14,-0.58,-3.469%,470035116.00,United States,2026,336183,Industrials,Metal Fabrications
ELOG,Eastern International Ltd. Ordinary Shares,$0.85,0.0199,2.397%,10214450.00,China,2025,53091,Industrials,Integrated Freight & Logistics
ELPW,Elong Power Holding Limited Class A Ordinary Shares,$1.94,-0.87,-30.961%,2768970.00,China,,2185602,Miscellaneous,Industrial Machinery/Components
ELSE,Electro-Sensors Inc. Common Stock,$7.64,0.01,0.131%,26987712.00,United States,,5815,Industrials,Industrial Machinery/Components
ELTK,Eltek Ltd. Ordinary Shares,$8.43,0.68,8.774%,56648142.00,Israel,1997,26204,Technology,Electrical Products
ELTX,Elicio Therapeutics Inc. Common Stock,$10.90,-0.40,-3.54%,208038283.00,United States,2021,77783,Health Care,Biotechnology: Pharmaceutical Preparations
ELUT,Elutia Inc. Class A Common Stock,$1.04,-0.01,-0.952%,45976565.00,United States,2020,109806,Health Care,Biotechnology: Biological Products (No Diagnostic Substances)
ELVA,Electrovaya Inc. Common Shares,$11.16,0.61,5.782%,552503477.00,Canada,,827488,,
ELVN,Enliven Therapeutics Inc. Common Stock,$43.08,-0.48,-1.102%,2623785074.00,United States,2020,562723,Health Care,Biotechnology: Pharmaceutical Preparations
ELVR,Elevra Lithium Limited American Depository Shares,$83.24,-6.43,-7.171%,1409892233.00,Australia,,143978,Industrials,Mining & Quarrying of Nonmetallic Minerals (No Fuels)
ELWT,Elauwit Connection Inc. Common Stock,$8.49,-0.35,-3.959%,56202068.00,United States,2025,42728,Consumer Discretionary,Telecommunications Equipment
EMAT,Evolution Metals & Technologies Corp. Common Stock,$8.80,-0.54,-5.782%,0.00,United States,,172310,,
EMBC,Embecta Corp. Common Stock,$3.14,0.02,0.641%,186288906.00,United States,,3011544,Health Care,Medical/Dental Instruments
EMISR,Emmis Acquisition Corp. Rights,$0.1001,0.00,0.00%,0.00,United States,2025,2,,
EML,Eastern Company (The) Common Stock,$20.27,-0.55,-2.642%,122246627.00,United States,,22802,Consumer Discretionary,Industrial Machinery/Components
EMPD,Empery Digital Inc. Common stock,$5.36,0.14,2.682%,0.00,United States,2021,297153,,
ENGN,enGene Therapeutics Inc. Common Stock,$1.81,0.27,17.532%,121250933.00,Canada,,6941939,Health Care,Biotechnology: Biological Products (No Diagnostic Substances)
ENGNW,enGene Therapeutics Inc. Warrants,$0.2614,0.0529,25.372%,17511046.00,Canada,,49422,Health Care,Biotechnology: Biological Products (No Diagnostic Substances)
ENGS,Energys Group Limited Ordinary Shares,$1.46,-0.04,-2.667%,45629987.00,United Kingdom,2025,45503,Industrials,Engineering & Construction
ENLT,Enlight Renewable Energy Ltd. Ordinary Shares,$91.82,-0.29,-0.315%,12803753589.00,Israel,2023,94252,Utilities,Electric Utilities: Central
ENLV,Enlivex Ltd. Ordinary Shares,$0.7322,-0.0002,-0.027%,176495876.00,Israel,2014,209863,Health Care,Biotechnology: Pharmaceutical Preparations
ENPH,Enphase Energy Inc. Common Stock,$48.01,6.01,14.31%,6327632542.00,United States,2012,16397809,Technology,Semiconductors
ENSC,Ensysce Biosciences Inc. Common Stock,$0.2772,-0.011,-3.817%,2571811.00,United States,,1667378,Health Care,Biotechnology: Pharmaceutical Preparations
ENSG,The Ensign Group Inc. Common Stock,$179.26,1.26,0.708%,10476922404.00,United States,2007,786441,Health Care,Hospital/Nursing Management
ENTA,Enanta Pharmaceuticals Inc. Common Stock,$13.81,-0.22,-1.568%,401572428.00,United States,2013,269716,Health Care,Biotechnology: Pharmaceutical Preparations
ENTG,Entegris Inc. Common Stock,$139.26,-5.78,-3.985%,21237150000.00,United States,2000,3084517,Industrials,Plastic Products
ENTX,Entera Bio Ltd. Ordinary Shares,$1.32,0.03,2.326%,64977424.00,Israel,2018,100408,Health Care,Biotechnology: Biological Products (No Diagnostic Substances)
ENVB,Enveric Biosciences Inc. Common Stock,$2.29,-0.15,-6.148%,4546875.00,United States,,183563,Health Care,Biotechnology: Pharmaceutical Preparations
ENVX,Enovix Corporation Common Stock,$6.30,-0.99,-13.58%,1370328026.00,United States,2021,16938726,Miscellaneous,Industrial Machinery/Components
EOLS,Evolus Inc. Common Stock,$6.58,-0.14,-2.083%,433324262.00,United States,2018,490483,Health Care,Biotechnology: Pharmaceutical Preparations
EOSE,Eos Energy Enterprises Inc. Class A Common Stock,$8.17,-0.11,-1.329%,2773829601.00,United States,,46956888,Miscellaneous,Industrial Machinery/Components
EPOW,E-Power Inc. Class A Ordinary Shares,$0.71,0.00,0.00%,19160735.00,China,2021,118247,Real Estate,Real Estate
EPRX,Eupraxia Pharmaceuticals Inc. Common Stock,$7.16,-0.39,-5.166%,440362769.00,Canada,,131960,Health Care,Pharmaceuticals and Biotechnology
EPSM,Epsium Enterprise Limited Class A Ordinary Shares,$1.34,0.04,3.077%,18006966.00,Macau,2025,15973,Consumer Staples,Beverages (Production/Distribution)
EPSN,Epsilon Energy Ltd. Common Share,$6.35,0.20,3.252%,192078718.00,United States,,161944,Energy,Oil & Gas Production
EQ,Equillium Inc. Common Stock,$2.59,0.28,12.121%,163756780.00,United States,2018,542338,Health Care,Biotechnology: Pharmaceutical Preparations
EQIX,Equinix Inc. Common Stock REIT,$1079.68,2.40,0.223%,106482628081.00,United States,2000,479624,Real Estate,Real Estate Investment Trusts
EQPT,EquipmentShare.com Inc Class A Common Stock,$24.50,-1.45,-5.588%,6181104927.00,United States,2026,7163811,Consumer Discretionary,Diversified Commercial Services
ERAS,Erasca Inc. Common Stock,$10.37,-0.09,-0.86%,3224909701.00,United States,2021,3298780,Health Care,Biotechnology: Pharmaceutical Preparations
ERIC,Ericsson American Depositary Shares,$12.67,0.14,1.117%,42715026482.00,Sweden,,7286446,Technology,Radio And Television Broadcasting And Communications Equipment
ERIE,Erie Indemnity Company Class A Common Stock,$213.31,0.65,0.306%,9853132329.00,United States,,222926,Finance,Specialty Insurers
ERII,Energy Recovery Inc. Common Stock,$8.62,0.31,3.73%,444320133.00,United States,2008,4776177,Technology,Industrial Machinery/Components
ERNA,Ernexa Therapeutics Inc. Common Stock,$9.56,-2.58,-21.252%,11150143.00,United States,,465858,Health Care,Biotechnology: Pharmaceutical Preparations
ERNAW,Ernexa Therapeutics Inc. Warrants,$0.105,-0.0749,-41.634%,122465.00,United States,,41257,,
ESCA,Escalade Incorporated Common Stock,$18.58,0.21,1.143%,256497606.00,United States,,20525,Consumer Discretionary,Recreational Games/Products/Toys
ESEA,Euroseas Ltd. Common Stock (Marshall Islands),$69.96,-0.91,-1.284%,493629435.00,Greece,,37714,Consumer Discretionary,Marine Transportation
ESLA,Estrella Immunopharma Inc. Common Stock,$1.205,0.005,0.417%,51411600.00,United States,2021,40663,Health Care,Biotechnology: Biological Products (No Diagnostic Substances)
ESLAW,Estrella Immunopharma Inc. Warrant,$0.1349,0.0246,22.303%,5755539.00,United States,2021,1710,Health Care,Biotechnology: Biological Products (No Diagnostic Substances)
ESLT,Elbit Systems Ltd. Ordinary Shares,$779.43,0.01,0.001%,36250457648.00,Israel,,92446,Industrials,Military/Government/Technical
ESOA,Energy Services of America Corporation Common Stock,$17.42,0.62,3.69%,325051608.00,United States,,249904,Industrials,Water Sewer Pipeline Comm & Power Line Construction
ESPR,Esperion Therapeutics Inc. Common Stock,$3.12,0.00,0.00%,803187659.00,United States,2013,18997416,Health Care,Biotechnology: Pharmaceutical Preparations
ESQ,Esquire Financial Holdings Inc. Common Stock,$105.055,0.635,0.608%,907615424.00,United States,2017,72686,Finance,Commercial Banks
ESTA,Establishment Labs Holdings Inc. Common Shares,$69.80,0.72,1.042%,2054241222.00,Costa Rica,2018,279822,Health Care,Industrial Specialties
ETON,Eton Pharmaceuticals Inc. Common Stock,$29.96,-0.86,-2.79%,819699338.00,United States,2018,447545,Health Care,Biotechnology: Pharmaceutical Preparations
ETOR,eToro Group Ltd. Class A Common Shares,$41.58,0.29,0.702%,3349116526.00,Israel,2025,1910835,Finance,Investment Bankers/Brokers/Service
ETS,Elite Express Holding Inc. Class A Common Stock,$0.53,-0.024,-4.332%,8859836.00,United States,2025,62284,Industrials,Trucking Freight/Courier Services
EU,enCore Energy Corp. Common Shares,$1.62,0.03,1.887%,314630168.00,United States,,2822143,Basic Materials,Other Metals and Minerals
EUDA,EUDA Health Holdings Limited Ordinary Shares,$14.46,0.08,0.556%,36067940.00,Singapore,2021,14391,Health Care,Medical/Nursing Services
EUDAW,EUDA Health Holdings Limited Warrant,$0.0367,-0.0082,-18.263%,91542.00,Singapore,2021,379789,Health Care,Medical/Nursing Services
EURK,Eureka Acquisition Corp Class A Ordinary Share,$11.52,0.01,0.087%,0.00,United States,2024,2008,,
EURKR,Eureka Acquisition Corp Right,$0.3357,-0.0901,-21.16%,0.00,United States,2024,1731,,
EVAX,Evaxion A/S American Depositary Share,$4.12,-0.04,-0.962%,34361686.00,Denmark,2021,55617,Health Care,Biotechnology: Biological Products (No Diagnostic Substances)
EVCM,EverCommerce Inc. Common Stock,$9.53,-0.17,-1.753%,1686340181.00,United States,2021,120950,Technology,Computer Software: Prepackaged Software
EVER,EverQuote Inc. Class A Common Stock,$17.37,-1.49,-7.90%,614433839.00,United States,2018,712725,Technology,Computer Software: Programming Data Processing
EVGN,Evogene Ltd Ordinary Shares,$0.7435,-0.0165,-2.171%,7356014.00,Israel,,28689,Industrials,Agricultural Chemicals
EVGO,EVgo Inc. Class A Common Stock,$1.94,-0.01,-0.513%,608887168.00,United States,,2461964,Technology,EDP Services
EVGOW,EVgo Inc. Warrants,$0.01,-0.0014,-12.281%,3138594.00,United States,,5336,Technology,EDP Services
EVLV,Evolv Technologies Holdings Inc. Class A Common Stock,$5.73,-0.29,-4.817%,1030663179.00,United States,2020,5663505,Technology,Computer peripheral equipment
EVLVW,Evolv Technologies Holdings Inc. Warrant,$0.08,0.00,0.00%,14389713.00,United States,2020,6600,Technology,Computer peripheral equipment
EVO,Evotec SE American Depositary Shares,$2.72,0.005,0.184%,241245017.00,Germany,2021,47930,Health Care,Biotechnology: Pharmaceutical Preparations
EVOX,Evolution Global Acquisition Corp Class A Ordinary Shares,$10.00,0.00,0.00%,0.00,United States,2025,12191,Finance,Blank Checks
EVOXU,Evolution Global Acquisition Corp Units,$10.16,0.01,0.099%,0.00,United States,2025,300,Finance,Blank Checks
EVRG,Evergy Inc. Common Stock,$82.73,0.27,0.327%,19070342558.00,United States,,1725836,Utilities,Power Generation
EVTV,Envirotech Vehicles Inc. Common Stock,$2.29,-0.04,-1.717%,29611347.00,United States,,399378,Consumer Discretionary,Auto Parts:O.E.M.
EWBC,East West Bancorp Inc. Common Stock,$120.48,1.44,1.21%,16505309646.00,United States,,898454,Finance,Major Banks
EWTX,Edgewise Therapeutics Inc. Common Stock,$34.01,0.25,0.741%,3659238134.00,United States,2021,837291,Health Care,Biotechnology: Pharmaceutical Preparations
EXC,Exelon Corporation Common Stock,$44.40,0.13,0.294%,45430441505.00,United States,,7031902,Utilities,Power Generation
EXE,Expand Energy Corporation Common Stock,$96.70,1.625,1.709%,23133429698.00,United States,,2060213,Energy,Oil & Gas Production
EXEL,Exelixis Inc. Common Stock,$51.10,-0.19,-0.37%,12844244741.00,United States,2000,2420930,Health Care,Biotechnology: Biological Products (No Diagnostic Substances)
EXFY,Expensify Inc. Class A Common Stock,$1.14,0.00,0.00%,109939456.00,United States,2021,985760,Technology,Computer Software: Prepackaged Software
EXLS,ExlService Holdings Inc. Common Stock,$26.95,-0.21,-0.773%,4117499990.00,United States,2006,3613528,Real Estate,Real Estate
EXOZ,eXoZymes Inc. Common Stock,$10.02,0.1399,1.416%,84859280.00,United States,2024,3457,Health Care,Biotechnology: Biological Products (No Diagnostic Substances)
EXPE,Expedia Group Inc. Common Stock,$217.17,-0.38,-0.175%,26065194462.00,United States,,1319245,Consumer Discretionary,Transportation Services
EXPO,Exponent Inc. Common Stock,$53.67,-0.87,-1.595%,2603619128.00,United States,,491949,Consumer Discretionary,Professional Services
EXTR,Extreme Networks Inc. Common Stock,$24.71,1.94,8.52%,3231526554.00,United States,1999,4471311,Telecommunications,Computer Communications Equipment
EYE,National Vision Holdings Inc. Common Stock,$17.72,0.80,4.728%,1419648733.00,United States,2017,5372352,Health Care,Ophthalmic Goods
EYPT,EyePoint Inc. Common Stock,$13.24,-0.19,-1.415%,1110058786.00,United States,,514206,Industrials,Biotechnology: Laboratory Analytical Instruments
EZGO,EZGO Technologies Ltd. Ordinary Shares,$0.0267,-0.0054,-16.822%,557623.00,China,2021,178436866,Consumer Discretionary,Motor Vehicles
EZPW,EZCORP Inc. Class A Non Voting Common Stock,$32.78,-0.21,-0.637%,2017149359.00,United States,1991,536897,Consumer Discretionary,Other Specialty Stores
EZRA,Reliance Global Group Inc. Common Stock,$0.114,-0.041,-26.452%,2534284.00,United States,,4483126,Finance,Specialty Insurers
FA,First Advantage Corporation Common Stock,$14.77,-0.91,-5.804%,2533602184.00,United States,2021,1292392,Technology,EDP Services
FABC,Fabric.AI Inc. Common Stock,$4.20,-0.60,-12.50%,6115095.00,United States,,1604280,Consumer Discretionary,Telecommunications Equipment
FACT,FACT II Acquisition Corp. Class A Ordinary Shares,$10.585,0.005,0.047%,0.00,United States,2024,1436,,
FACTW,FACT II Acquisition Corp. Warrant,$0.70,0.05,7.692%,0.00,United States,2024,26079,Finance,Blank Checks
FAMI,Farmmi Inc. Class A Ordinary Shares,$1.44,-0.02,-1.37%,19893900.00,China,2018,78035,Consumer Staples,Packaged Foods
FANG,Diamondback Energy Inc. Common Stock,$200.26,0.26,0.13%,56335800857.00,United States,2012,1569094,Energy,Oil & Gas Production
FAST,Fastenal Company Common Stock,$43.98,0.21,0.48%,50490581983.00,United States,1987,4998587,Consumer Discretionary,RETAIL: Building Materials
FATE,Fate Therapeutics Inc. Common Stock,$1.90,-0.235,-11.007%,221462453.00,United States,2013,3763455,Health Care,Biotechnology: Biological Products (No Diagnostic Substances)
FATN,FatPipe Inc. Common Stock,$4.00,-0.14,-3.382%,55697872.00,United States,2025,224939,Technology,Computer Software: Prepackaged Software
FBGL,FBS Global Limited Ordinary Shares,$0.5353,-0.0108,-1.978%,7158721.00,Singapore,2025,14698,Consumer Discretionary,Miscellaneous manufacturing industries
FBIO,Fortress Biotech Inc. Common Stock,$2.30,0.07,3.139%,76403866.00,United States,,529752,Health Care,Biotechnology: Pharmaceutical Preparations
FBIOP,Fortress Biotech Inc. 9.375% Series A Cumulative Redeemable Perpetual Preferred Stock,$14.02,0.42,3.088%,465731389.00,United States,,3788,Health Care,Biotechnology: Pharmaceutical Preparations
FBIZ,First Business Financial Services Inc. Common Stock,$54.88,0.34,0.623%,458915670.00,United States,,20220,Finance,Major Banks
FBLA,FB Bancorp Inc. Common Stock,$14.09,0.09,0.643%,251111261.00,United States,2024,80672,Finance,Banks
FBLG,FibroBiologics Inc. Common Stock,$1.08,-0.05,-4.425%,5831041.00,United States,,210175,Health Care,Biotechnology: Pharmaceutical Preparations
FBNC,First Bancorp Common Stock,$58.10,0.28,0.484%,2403911495.00,United States,1987,162680,Finance,Major Banks
FBRX,Forte Biosciences Inc. Common Stock,$23.96,-0.70,-2.839%,490672455.00,United States,2017,127453,Health Care,Biotechnology: Pharmaceutical Preparations
FBYD,Falcon's Beyond Global Inc. Class A Common Stock,$11.31,1.45,14.706%,1371249418.00,United States,,55090,Consumer Discretionary,Services-Misc. Amusement & Recreation
FBYDW,Falcon's Beyond Global Inc. Warrants,$2.54,0.00,0.00%,307955218.00,United States,,9,Consumer Discretionary,Services-Misc. Amusement & Recreation
FCAP,First Capital Inc. Common Stock,$56.32,0.54,0.968%,188420306.00,United States,,3855,Finance,Savings Institutions
FCBC,First Community Bankshares Inc. (VA) Common Stock,$42.03,0.15,0.358%,792968620.00,United States,,55668,Finance,Major Banks
FCCO,First Community Corporation Common Stock,$29.48,-0.01,-0.034%,276641647.00,United States,,56691,Finance,Major Banks
FCEL,FuelCell Energy Inc. Common Stock,$21.60,1.68,8.434%,1144321906.00,United States,,13266622,Energy,Industrial Machinery/Components
FCFS,FirstCash Holdings Inc. Common Stock,$227.53,3.28,1.463%,9974161393.00,United States,1991,162616,Consumer Discretionary,Other Specialty Stores
FCHL,Fitness Champs Holdings Limited Common Stock,$2.68,0.65,32.02%,3352809.00,Singapore,2025,4491420,Consumer Discretionary,Services-Misc. Amusement & Recreation
FCNCA,First Citizens BancShares Inc. Class A Common Stock,$1937.55,28.02,1.467%,22450341474.00,United States,,67142,Finance,Major Banks
FCNCN,First Citizens BancShares Inc. Depositary Shares each representing a 1/40th interest in a share of 6.625% Non-Cumulative Perpetual Preferred Stock Series E,$25.31,0.04,0.158%,293266312.00,United States,,24412,Finance,Major Banks
FCNCO,First Citizens BancShares Inc. 5.625% Non-Cumulative Perpetual Preferred Stock Series C,$21.42,0.0201,0.094%,248192983.00,United States,,5657,Finance,Major Banks
FCNCP,First Citizens BancShares Inc. Depositary Shares,$20.90,-0.0781,-0.372%,242167757.00,United States,,6779,Finance,Major Banks
FCUV,Focus Universal Inc. Common Stock,$0.7181,-0.0829,-10.35%,1162325.00,United States,,13974020,Industrials,Industrial Machinery/Components
FDBC,Fidelity D & D Bancorp Inc. Common Stock,$45.08,-0.32,-0.705%,261697514.00,United States,,32399,Finance,Major Banks
FDMT,4D Molecular Therapeutics Inc. Common Stock,$9.81,-0.64,-6.124%,512830052.00,United States,2020,429750,Health Care,Biotechnology: Biological Products (No Diagnostic Substances)
FDSB,Fifth District Bancorp Inc. Common Stock,$15.10,-0.02,-0.132%,79499326.00,United States,2024,10055,Finance,Savings Institutions
FDUS,Fidus Investment Corporation Common Stock,$18.81,0.21,1.129%,713921587.00,United States,2011,192529,Finance,Finance/Investors Services
FEAM,5E Advanced Materials Inc. Common Stock,$2.00,0.01,0.503%,83030446.00,United States,,379832,Industrials,Mining & Quarrying of Nonmetallic Minerals (No Fuels)
FEBO,Fenbo Holdings Limited Class A Ordinary Shares,$1.16,0.01,0.87%,12832500.00,Hong Kong,2023,7178,Consumer Discretionary,Home Furnishings
FEED,ENvue Medical Inc. Common Stock,$1.13,-0.03,-2.586%,4182026.00,United States,,259147,Health Care,Industrial Specialties
FEIM,Frequency Electronics Inc. Common Stock,$60.38,-0.73,-1.195%,594255552.00,United States,,93856,Industrials,Electrical Products
FELE,Franklin Electric Co. Inc. Common Stock,$98.30,0.93,0.955%,4343113406.00,United States,,185046,Consumer Discretionary,Metal Fabrications
FEMY,Femasys Inc. Common Stock,$0.3806,-0.0008,-0.21%,22984695.00,United States,2021,134646,Health Care,Medical/Dental Instruments
FENC,Fennec Pharmaceuticals Inc. Common Stock,$9.24,2.47,36.484%,320745865.00,United States,,2268783,Health Care,Biotechnology: Biological Products (No Diagnostic Substances)
FER,Ferrovial N.V. Ordinary Shares,$68.06,0.16,0.236%,48966294601.00,Netherlands,,1031233,Industrials,Military/Government/Technical
FERA,Fifth Era Acquisition Corp I Class A Ordinary Shares,$10.36,0.00,0.00%,0.00,Cayman Islands,2025,599,,
FERAR,Fifth Era Acquisition Corp I Rights,$0.28,-0.0143,-4.859%,0.00,Cayman Islands,2025,11600,,
FFAI,Faraday Future Intelligent Electric Inc. Class A Common Stock,$0.3882,-0.0218,-5.317%,120058070.00,United States,2020,14796617,Industrials,Auto Manufacturing
FFAIW,Faraday Future Intelligent Electric Inc. Warrant,$0.01,-0.0015,-13.043%,3092686.00,United States,2020,310196,Industrials,Auto Manufacturing
FFBC,First Financial Bancorp. Common Stock,$30.11,0.35,1.176%,3159423451.00,United States,,697212,Finance,Major Banks
FFIC,Flushing Financial Corporation Common Stock,$15.73,0.34,2.209%,532989437.00,United States,,175871,Finance,Major Banks
FFIN,First Financial Bankshares Inc. Common Stock,$31.40,0.09,0.287%,4499052602.00,United States,,692803,Finance,Major Banks
FFIV,F5 Inc. Common Stock,$364.59,7.19,2.012%,20569893264.00,United States,1999,967980,Telecommunications,Computer Communications Equipment
FGBI,First Guaranty Bancshares Inc. Common Stock,$9.16,0.055,0.604%,150812512.00,United States,,12129,Finance,Savings Institutions
FGBIP,First Guaranty Bancshares Inc. 6.75% Series A Fixed-Rate Non-Cumulative Perpetual Preferred Stock,$20.50,-0.04,-0.195%,337517084.00,United States,,1528,Finance,Savings Institutions
FGI,FGI Industries Ltd. Ordinary Shares,$5.35,-0.64,-10.684%,10311194.00,United States,2022,85402,Industrials,Industrial Specialties
FGII,FG Imperii Acquisition Corp. Class A Ordinary Shares,$9.90,-0.04,-0.402%,0.00,United States,2026,140,Finance,Blank Checks
FGIIU,FG Imperii Acquisition Corp. Units,$9.99,0.00,0.00%,0.00,United States,2026,564,Finance,Blank Checks
FGL,Founder Group Limited Class A Ordinary Shares,$2.07,-0.01,-0.481%,1961445.00,Malaysia,2024,72670,Consumer Discretionary,Engineering & Construction
FGMC,FG Merger II Corp. Common stock,$10.325,0.015,0.145%,105732109.00,United States,2025,142047,,
FGMCR,FG Merger II Corp. Rights,$0.7103,-0.0296,-4.001%,0.00,United States,2025,110912,,
FGMCU,FG Merger II Corp. Unit,$11.10,0.00,0.00%,0.00,United States,2025,132,,
FGNX,FG Nexus Inc. Common Stock ,$6.86,0.34,5.215%,42951023.00,United States,2014,154196,Finance,Property-Casualty Insurers
FGNXP,FG Nexus Inc. 8.00% Cumulative Preferred Stock,$25.75,0.00,0.00%,161222862.00,United States,,28,Finance,Property-Casualty Insurers
FHB,First Hawaiian Inc. Common Stock,$26.65,0.52,1.99%,3241945130.00,United States,2016,1568402,Finance,Major Banks
FHTX,Foghorn Therapeutics Inc. Common Stock,$4.04,-0.13,-3.118%,237204245.00,United States,2020,110459,Health Care,Biotechnology: Pharmaceutical Preparations
FIBK,First Interstate BancSystem Inc. Common Stock (DE),$34.34,0.23,0.674%,3335886465.00,United States,2010,863513,Finance,Major Banks
FIEE,FiEE Inc Common Stock,$6.43,-0.17,-2.576%,53552885.00,United States,,3357,Utilities,Telecommunications Equipment
FIGR,Figure Technology Solutions Inc. Class A Common Stock,$43.22,2.71,6.69%,9489213043.00,U.S. Virgin Islands,2025,6383582,Finance,Finance: Consumer Services
FIGX,FIGX Capital Acquisition Corp. Class A Ordinary Share,$10.19,0.00,0.00%,0.00,United States,2025,159358,,
FINW,FinWise Bancorp Common Stock,$13.01,0.00,0.00%,178315567.00,United States,2021,9219,Finance,Major Banks
FIP,FTAI Infrastructure Inc. Common Stock ,$4.75,0.29,6.502%,561276886.00,United States,,1073301,Energy,Oil Refining/Marketing
FISI,Financial Institutions Inc. Common Stock,$34.25,0.01,0.029%,674258173.00,United States,1999,92322,Finance,Major Banks
FISV,Fiserv Inc. Common Stock,$53.46,1.09,2.081%,28507758092.00,United States,1986,5864241,Real Estate,Real Estate
FITB,Fifth Third Bancorp Common Stock,$47.70,0.53,1.124%,43231060840.00,United States,,7225575,Finance,Major Banks
FITBI,Fifth Third Bancorp Depositary Shares,$25.47,0.001,0.004%,23083755128.00,United States,,26224,Finance,Major Banks
FITBM,Fifth Third Bancorp Depositary Shares Representing a 1/40th Ownership Interest in a Share of 6.875% Fixed-Rate Reset Non-Cumulative Perpetual Preferred Stock Series M,$26.07,0.05,0.192%,23627542056.00,United States,,5488,Finance,Major Banks
FITBO,Fifth Third Bancorp Depositary Shares each representing a 1/1000th ownership interest in a share of Non-Cumulative Perpetual Preferred Stock Series K,$18.92,0.01,0.053%,17147414488.00,United States,,13635,Finance,Major Banks
FITBP,Fifth Third Bancorp Depositary Shares each representing 1/40th share of Fifth Third 6.00% Non-Cumulative Perpetual Class B Preferred Stock Series A,$23.72,0.0301,0.127%,21497709919.00,United States,,3311,Finance,Major Banks
FIVE,Five Below Inc. Common Stock,$214.94,4.95,2.357%,11885092039.00,United States,2012,734268,Consumer Discretionary,Department/Specialty Retail Stores
FIVN,Five9 Inc. Common Stock,$20.75,-0.37,-1.752%,1588702751.00,United States,2014,3325814,Technology,EDP Services
FIZZ,National Beverage Corp. Common Stock,$35.02,0.21,0.603%,3278996212.00,United States,,275130,Consumer Staples,Beverages (Production/Distribution)
FKWL,Franklin Wireless Corp. Common Stock,$3.4489,0.0389,1.141%,40642803.00,United States,,17687,Utilities,Telecommunications Equipment
FLD,Fold Holdings Inc. Class A Common Stock,$1.53,0.12,8.511%,77698526.00,United States,2025,54067,Finance,Finance: Consumer Services
FLDDW,Fold Holdings Inc. Warrant,$0.1323,-0.0077,-5.50%,6718637.00,United States,2025,43640,Finance,Finance: Consumer Services
FLEX,Flex Ltd. Ordinary Shares,$143.60,-0.20,-0.139%,52797975486.00,Singapore,1994,4882513,Technology,Electrical Products
FLGT,Fulgent Genetics Inc. Common Stock,$16.19,0.23,1.441%,459806086.00,United States,2016,462159,Health Care,Medical Specialities
FLL,Full House Resorts Inc. Common Stock,$3.00,0.07,2.389%,108795549.00,United States,,212286,Consumer Discretionary,Hotels/Resorts
FLNA,Filana Therapeutics Inc. Common Stock,$1.24,0.01,0.813%,59901791.00,United States,,376232,Health Care,Biotechnology: Pharmaceutical Preparations
FLNC,Fluence Energy Inc. Class A Common Stock,$20.94,-1.16,-5.249%,3858829210.00,United States,2021,11722290,Miscellaneous,Industrial Machinery/Components
FLNT,Fluent Inc. Common Stock,$2.96,0.34,12.977%,88254508.00,United States,,202880,Consumer Discretionary,Advertising
FLUX,Flux Power Holdings Inc. Common Stock,$1.04,0.02,1.961%,22215838.00,United States,,101202,Miscellaneous,Industrial Machinery/Components
FLWS,1-800-FLOWERS.COM Inc. Common Stock,$4.57,0.30,7.026%,292930067.00,United States,1999,713881,Consumer Discretionary,Other Specialty Stores
FLX,BingEx Limited American Depositary Shares,$2.53,-0.01,-0.394%,185018672.00,China,2024,153861,Industrials,Trucking Freight/Courier Services
FLXS,Flexsteel Industries Inc. Common Stock,$55.99,1.88,3.474%,299856181.00,United States,,32661,Consumer Discretionary,Home Furnishings
FLY,Firefly Aerospace Inc. Common Stock,$42.38,3.01,7.645%,6790768496.00,United States,2025,8358964,Industrials,Military/Government/Technical
FLYE,Fly-E Group Inc. Common Stock,$1.89,0.0899,4.994%,3085210.00,United States,2024,2184,Industrials,Aerospace
FLYW,Flywire Corporation Voting Common Stock,$16.35,0.52,3.285%,1987253556.00,United States,2021,1600819,Real Estate,Real Estate
FMACU,Future Money Acquisition Corporation Units,$10.05,0.01,0.10%,0.00,United States,2026,3029,Finance,Blank Checks
FMAO,Farmers & Merchants Bancorp Inc. Common Stock,$26.73,0.03,0.112%,368023665.00,United States,,76840,Finance,Savings Institutions
FMBH,First Mid Bancshares Inc. Common Stock,$42.44,0.26,0.616%,1129574382.00,United States,,78069,Finance,Major Banks
FMFC,Kandal M Venture Limited Class A Ordinary Shares,$0.4188,0.0133,3.28%,8007456.00,Cambodia,2025,64117,Consumer Discretionary,Apparel
FMNB,Farmers National Banc Corp. Common Stock,$13.82,0.06,0.436%,818351590.00,United States,,223729,Finance,Major Banks
FMST,Foremost Clean Energy Ltd. Common Shares,$1.80,0.03,1.695%,29314341.00,Canada,,236296,Basic Materials,Other Metals and Minerals
FMSTW,Foremost Clean Energy Ltd. Warrant,$0.75,-0.17,-18.478%,12214309.00,Canada,,7689,Basic Materials,Other Metals and Minerals
FNGR,FingerMotion Inc. Common Stock,$0.94,-0.13,-12.15%,57604430.00,United States,,609682,Technology,Computer Software: Prepackaged Software
FNKO,Funko Inc. Class A Common Stock,$5.11,-0.13,-2.481%,285806695.00,United States,2017,973090,Consumer Discretionary,Recreational Games/Products/Toys
FNLC,First Bancorp Inc  (ME) Common Stock,$28.46,0.35,1.245%,320908073.00,United States,,11192,Finance,Major Banks
FNRN,First Northern Community Bancorp Common stock,$17.79,0.05,0.282%,291880637.00,United States,,38469,Finance,Savings Institutions
FNUC,Frontier Nuclear and Minerals Inc. Common Shares,$2.26,0.18,8.654%,40739368.00,Canada,2021,823891,Basic Materials,Other Metals and Minerals
FNWB,First Northwest Bancorp Common Stock,$9.29,0.07,0.759%,88248497.00,United States,2015,24489,Finance,Banks
FNWD,Finward Bancorp Common Stock,$32.39,0.79,2.50%,140247761.00,United States,,5175,Finance,Major Banks
FOFO,Hang Feng Technology Innovation Co. Ltd. Ordinary Shares,$2.41,-0.04,-1.633%,18246298.00,Hong Kong,2025,120261,Consumer Discretionary,Professional Services
FONR,Fonar Corporation Common Stock,$18.86,0.00,0.00%,123639880.00,United States,1981,11324,Health Care,Biotechnology: Electromedical & Electrotherapeutic Apparatus
FORA,Forian Inc. Common Stock,$2.17,0.01,0.463%,67722990.00,United States,,87926,Technology,EDP Services
FORM,FormFactor Inc. FormFactor Inc. Common Stock,$127.99,-1.32,-1.021%,9977431268.00,United States,2003,1384725,Technology,Semiconductors
FORR,Forrester Research Inc. Common Stock,$6.44,0.15,2.385%,125013280.00,United States,1996,48225,Industrials,Diversified Commercial Services
FORTY,Formula Systems (1985) Ltd. American Depositary Shares,$141.44,2.55,1.836%,2166530820.00,Israel,,1252,Technology,EDP Services
FOSL,Fossil Group Inc. Common Stock,$4.35,0.25,6.098%,253846268.00,United States,1993,2359681,Consumer Discretionary,Consumer Specialties
FOX,Fox Corporation Class B Common Stock,$58.60,-0.87,-1.463%,24622918059.00,United States,,546096,Industrials,Broadcasting
FOXA,Fox Corporation Class A Common Stock,$65.32,-1.15,-1.73%,27446570096.00,United States,,2693299,Industrials,Broadcasting
FOXF,Fox Factory Holding Corp. Common Stock,$16.15,-0.10,-0.615%,677268548.00,United States,2013,424748,Consumer Discretionary,Motor Vehicles
FOXX,Foxx Development Holdings Inc. Common Stock,$4.95,-0.10,-1.98%,34675695.00,United States,,2167,Telecommunications,Computer Communications Equipment
FOXXW,Foxx Development Holdings Inc. Warrant,$0.087,-0.0031,-3.441%,609452.00,United States,,6100,Telecommunications,Computer Communications Equipment
FRAF,Franklin Financial Services Corporation Common Stock,$56.34,0.54,0.968%,253137423.00,United States,,23783,Finance,Major Banks
FRBA,First Bank Common Stock,$15.10,0.31,2.096%,379529485.00,United States,2013,75113,Finance,Commercial Banks
FRD,Friedman Industries Inc. Common Stock,$20.90,-0.89,-4.084%,148644604.00,United States,,12989,Industrials,Steel/Iron Ore
FRGT,Freight Technologies Inc. Ordinary Shares,$0.6101,-0.3189,-34.327%,954346.00,United States,2017,602413,Consumer Discretionary,Professional Services
FRHC,Freedom Holding Corp. Common Stock,$141.63,-0.26,-0.183%,8666415472.00,Kazakhstan,,47120,Finance,Investment Bankers/Brokers/Service
FRME,First Merchants Corporation Common Stock,$39.77,0.32,0.811%,2506414410.00,United States,,254552,Finance,Major Banks
FRMEP,First Merchants Corporation Depository Shares,$25.26,-0.3706,-1.446%,1591954438.00,United States,,728,Finance,Major Banks
FRMI,Fermi Inc. Common Stock,$7.37,1.37,22.833%,4641919252.00,United States,2025,56613563,Real Estate,Real Estate Investment Trusts
FRMM,Forum Markets Incorporated Common Stock,$4.87,0.41,9.193%,98924851.00,United States,2017,503350,Health Care,Biotechnology: Pharmaceutical Preparations
FROG,JFrog Ltd. Ordinary Shares,$65.08,0.90,1.402%,7882471638.00,United States,2020,2563750,Technology,Computer Software: Prepackaged Software
FRPH,FRP Holdings Inc. Common Stock,$21.98,0.57,2.662%,421352973.00,United States,,151517,Finance,Real Estate
FRPT,Freshpet Inc. Common Stock,$49.34,0.71,1.46%,2424705308.00,United States,2014,2085518,Consumer Staples,Packaged Foods
FRSH,Freshworks Inc. Class A Common Stock,$8.42,0.22,2.683%,2327575686.00,United States,2021,15580283,Technology,Computer Software: Prepackaged Software
FRST,Primis Financial Corp. Common Stock,$14.12,0.15,1.074%,349781657.00,United States,2006,194129,Finance,Major Banks
FRSX,Foresight Autonomous Holdings Ltd. American Depositary Shares,$1.99,-0.04,-1.97%,4769584.00,Israel,,31307,Technology,Computer Software: Prepackaged Software
FRVO,Fervo Energy Company Class A common stock,$40.63,4.09,11.193%,11521137590.00,United States,2026,11370742,Utilities,Electric Utilities: Central
FSBC,Five Star Bancorp Common Stock,$40.93,0.33,0.813%,874925942.00,United States,2021,67533,Finance,Major Banks
FSBW,FS Bancorp Inc. Common Stock,$40.10,0.07,0.175%,217123134.00,United States,2012,7646,Finance,Banks
FSEA,First Seacoast Bancorp Inc. Common Stock,$16.675,0.025,0.15%,78274935.00,United States,2019,24508,Finance,Savings Institutions
FSHP,Flag Ship Acquisition Corp. Ordinary Shares,$10.98,0.00,0.00%,0.00,United States,2024,1122,,
FSHPR,Flag Ship Acquisition Corp. Right,$0.0811,0.00,0.00%,0.00,United States,2024,20,,
FSLR,First Solar Inc. Common Stock,$231.62,-2.98,-1.27%,24888347938.00,United States,2006,1854620,Technology,Semiconductors
FSLY,Fastly Inc. Class A Common Stock,$17.68,-0.63,-3.441%,2766920000.00,United States,,11137744,Technology,Computer Software: Prepackaged Software
FSTR,L.B. Foster Company Common Stock,$40.13,-0.79,-1.931%,419706828.00,United States,,93178,Industrials,Metal Fabrications
FSUN,FirstSun Capital Bancorp Common Stock,$35.22,0.03,0.085%,1646066750.00,United States,,142968,Finance,Major Banks
FSV,FirstService Corporation Common Shares,$129.91,0.78,0.604%,5973490572.00,Canada,,153865,Finance,Real Estate
FTAI,FTAI Aviation Ltd. Common Stock,$258.95,-8.14,-3.048%,26563860599.00,United States,,898815,Industrials,Misc Corporate Leasing Services
FTAIM,FTAI Aviation Ltd. 9.500% Fixed-Rate Reset Series D Cumulative Perpetual Redeemable Preferred Shares,$26.9999,-0.0001,0.00%,2769729986.00,United States,,1645,Industrials,Misc Corporate Leasing Services
FTAIN,FTAI Aviation Ltd. 8.25% Fixed - Rate Reset Series C Cumulative Perpetual Redeemable Preferred Shares,$25.45,0.04,0.157%,2610736637.00,United States,,4507,Industrials,Misc Corporate Leasing Services
FTCI,FTC Solar Inc. Common Stock,$4.50,0.17,3.926%,72023823.00,United States,2021,106825,Technology,Semiconductors
FTDR,Frontdoor Inc. Common Stock,$62.30,-0.34,-0.543%,4375635641.00,United States,,346176,Consumer Discretionary,Diversified Commercial Services
FTEK,Fuel Tech Inc. Common Stock,$1.45,0.01,0.694%,45189611.00,United States,,335623,Industrials,Pollution Control Equipment
FTFT,Future FinTech Group Inc. Common Stock,$1.22,0.04,3.39%,6393464.00,China,,63184,Real Estate,Real Estate
FTHM,Fathom Holdings Inc. Common Stock,$0.69,-0.018,-2.542%,22619831.00,United States,2020,194704,Finance,Real Estate
FTLF,FitLife Brands Inc. Common Stock,$10.24,0.71,7.45%,96164577.00,United States,,57643,Health Care, Medicinal Chemicals and Botanical Products 
FTNT,Fortinet Inc. Common Stock,$121.86,4.17,3.543%,89280532927.00,United States,2009,5784307,Technology,Computer peripheral equipment
FTRE,Fortrea Holdings Inc. Common Stock,$14.24,-0.23,-1.589%,1347104000.00,United States,,1036578,Health Care,Medical Specialities
FTRK,FAST TRACK GROUP Ordinary shares,$0.3833,-0.0467,-10.86%,8360731.00,Singapore,2025,38054,Consumer Discretionary,Package Goods/Cosmetics
FUFU,BitFuFu Inc. Class A Ordinary Shares,$2.17,-0.01,-0.459%,361638308.00,Singapore,,191931,Finance,Finance: Consumer Services
FUFUW,BitFuFu Inc. Warrant,$0.1991,0.0042,2.155%,33180731.00,Singapore,,24100,Finance,Finance: Consumer Services
FULC,Fulcrum Therapeutics Inc. Common Stock,$7.11,-0.14,-1.931%,473583563.00,United States,2019,501078,Health Care,Biotechnology: Pharmaceutical Preparations
FULT,Fulton Financial Corporation Common Stock,$21.01,0.34,1.645%,4015716642.00,United States,,1695476,Finance,Major Banks
FULTP,Fulton Financial Corporation Depositary Shares Each Representing a 1/40th Interest in a Share of Fixed Rate Non-Cumulative Perpetual Preferred Stock Series A,$18.51,0.12,0.653%,3537882677.00,United States,,6880,Finance,Major Banks
FUNC,First United Corporation Common Stock,$37.38,0.35,0.945%,240978281.00,United States,,12847,Finance,Major Banks
FUND,Sprott Focus Trust Inc. Common Stock,$10.36,0.10,0.975%,307003651.00,United States,,30505,Finance,Investment Managers
FUSB,First US Bancshares Inc. Common Stock,$16.15,0.25,1.572%,89911362.00,United States,,5664,Finance,Major Banks
FUSE,Fusemachines Inc. Common stock,$1.47,0.03,2.083%,42540683.00,United States,,87277,Technology,EDP Services
FUSEW,Fusemachines Inc. Warrants,$0.10,-0.002,-1.961%,2893924.00,United States,,1621,Technology,EDP Services
FUTU,Futu Holdings Limited American Depositary Shares,$141.51,-1.23,-0.862%,19835120897.00,Hong Kong,2019,4135523,Finance,Investment Bankers/Brokers/Service
FVAV,Fortress Value Acquisition Corp. V Class A Ordinary Shares,$10.10,0.00,0.00%,0.00,United States,2026,181,,
FVCB,FVCBankcorp Inc. Common Stock,$15.55,0.18,1.171%,279850116.00,United States,,135834,Finance,Major Banks
FVN,Future Vision II Acquisition Corporation Ordinary shares,$10.84,0.00,0.00%,0.00,China,2024,8,,
FVNNR,Future Vision II Acquisition Corporation Right,$0.1102,-0.0071,-6.053%,0.00,China,2024,600,Finance,Blank Checks
FWDI,Forward Industries Inc. Common Stock,$5.07,0.43,9.267%,421514918.00,United States,,1882374,Industrials,Plastic Products
FWONA,Liberty Media Corporation Series A Liberty Formula One Common Stock,$83.27,-0.60,-0.715%,20867937305.00,United States,,114614,Industrials,Broadcasting
FWONK,Liberty Media Corporation Series C Liberty Formula One Common Stock,$91.17,-0.69,-0.751%,22847722398.00,United States,,1699197,Industrials,Broadcasting
FWRD,Forward Air Corporation Common Stock,$9.40,0.66,7.551%,297275432.00,United States,,2660450,Industrials,Integrated Freight & Logistics
FWRG,First Watch Restaurant Group Inc. Common Stock,$10.76,-0.02,-0.186%,663298963.00,United States,2021,1637806,Consumer Discretionary,Restaurants
FXNC,First National Corporation Common Stock,$26.92,0.24,0.90%,243382832.00,United States,,35657,Finance,Major Banks
GABC,German American Bancorp Inc. Common Stock,$42.24,0.03,0.071%,1586716708.00,United States,,81565,Finance,Major Banks
GAIA,Gaia Inc. Class A Common Stock,$2.53,0.00,0.00%,64044865.00,United States,1999,62977,Consumer Discretionary,Movies/Entertainment
GAIN,Gladstone Investment Corporation Business Development Company,$16.58,0.84,5.337%,660248213.00,United States,2005,705069,Finance,Finance: Consumer Services
GAING,Gladstone Investment Corporation 7.125% Notes due 2031,$25.24,0.24,0.96%,0.00,United States,,20532,Finance,Finance: Consumer Services
GAINI,Gladstone Investment Corporation 7.875% Notes due 2030,$25.55,0.045,0.176%,0.00,United States,,11152,Finance,Finance: Consumer Services
GAINZ,Gladstone Investment Corporation 4.875% Notes due 2028,$24.1899,0.0899,0.373%,924519352.00,United States,,1121,Finance,Finance: Consumer Services
GALT,Galectin Therapeutics Inc. Common Stock,$2.35,0.12,5.381%,154694503.00,United States,,239290,Health Care,Biotechnology: Pharmaceutical Preparations
GAMB,Gambling.com Group Limited Ordinary Shares,$4.14,0.02,0.485%,145302367.00,Jersey,2021,1855961,Consumer Discretionary,Services-Misc. Amusement & Recreation
GAME,GameSquare Holdings Inc. Common Stock,$0.47,0.015,3.297%,43931001.00,United States,,3965805,Consumer Discretionary,Services-Misc. Amusement & Recreation
GANX,Gain Therapeutics Inc. Common Stock,$1.82,0.04,2.247%,77630349.00,United States,2021,447121,Health Care,Biotechnology: Pharmaceutical Preparations
GASS,StealthGas Inc. Common Stock,$10.26,0.17,1.685%,381525138.00,Greece,2005,93170,Consumer Discretionary,Marine Transportation
GAUZ,Gauzy Ltd. Ordinary Shares,$0.8887,0.1037,13.21%,16656098.00,Israel,2024,192443,Miscellaneous,Industrial Machinery/Components
GBDC,Golub Capital BDC Inc. Common Stock,$13.17,0.08,0.611%,3430721534.00,United States,2010,889151,Finance,Finance: Consumer Services
GBFH,GBank Financial Holdings Inc. Common Stock,$26.92,-0.48,-1.752%,383282760.00,United States,,54223,Finance,Commercial Banks
GBLI,Global Indemnity Group LLC Class A Common Stock ,$27.72,-0.32,-1.141%,397060005.00,United States,,675,Finance,Property-Casualty Insurers
GCBC,Greene County Bancorp Inc. Common Stock,$24.95,0.62,2.548%,424785851.00,United States,,27414,Finance,Banks
GCGRU,General Catalyst Global Resilience Merger Corp. Units,$10.17,0.00,0.00%,0.00,United States,2026,35333,,
GCL,GCL Global Holdings Ltd Ordinary Shares,$0.4619,-0.0036,-0.773%,58346388.00,Singapore,,7526,Technology,Computer Software: Prepackaged Software
GCMG,GCM Grosvenor Inc. Class A Common Stock,$11.08,0.21,1.932%,2238702876.00,United States,,511708,Finance,Investment Managers
GCT,GigaCloud Technology Inc Class A Ordinary Shares,$37.06,-1.04,-2.73%,1363344305.00,United States,2022,791811,Consumer Discretionary,Catalog/Specialty Distribution
GCTK,GlucoTrack Inc. Common Stock,$0.6699,-0.0301,-4.30%,1302473.00,United States,,350797,Health Care,Medical/Dental Instruments
GDC,GD Culture Group Limited Common Stock,$0.142,-0.013,-8.387%,8627879.00,United States,2015,31843340,Industrials,Steel/Iron Ore
GDEV,GDEV Inc. Ordinary Shares,$17.2499,1.3194,8.282%,313094120.00,Cyprus,,1552,Technology,EDP Services
GDHG,Golden Heaven Group Holdings Ltd. Class A Ordinary Shares,$1.71,-0.04,-2.286%,80587409.00,China,2023,851,Consumer Discretionary,Services-Misc. Amusement & Recreation
GDRX,GoodRx Holdings Inc. Class A Common Stock,$2.49,-0.12,-4.598%,843301679.00,United States,2020,1996260,Technology,EDP Services
GDS,GDS Holdings Limited ADS,$44.75,-0.95,-2.079%,8966898182.00,China,2016,1565616,Technology,Computer Software: Programming Data Processing
GDTC,CytoMed Therapeutics Limited Ordinary Shares,$0.8802,0.1252,16.583%,10411388.00,Singapore,2023,2965,Health Care,Biotechnology: Pharmaceutical Preparations
GDYN,Grid Dynamics Holdings Inc. Class A Common Stock,$6.47,0.17,2.698%,541060569.00,United States,2018,2371213,Technology,Computer Software: Prepackaged Software
GECC,Great Elm Capital Corp. Common Stock,$6.14,0.39,6.783%,46676034.00,United States,,180619,Finance,Finance: Consumer Services
GECCG,Great Elm Capital Corp. 7.75% Notes Due 2030,$25.1299,0.0549,0.219%,0.00,United States,,1070,Finance,Finance: Consumer Services
GECCH,Great Elm Capital Corp. 8.125% Notes Due 2029,$25.58,0.065,0.255%,0.00,United States,,2210,,
GECCI,Great Elm Capital Corp. 8.50% NOTES DUE 2029,$25.40,0.0501,0.198%,0.00,United States,,169,Finance,Finance Companies
GECCO,Great Elm Capital Corp. 5.875% Notes due 2026,$25.2416,0.0816,0.324%,0.00,United States,,768,Finance,Finance Companies
GEG,Great Elm Group Inc. Common Stock,$2.22,0.02,0.909%,69612558.00,United States,,5601,Technology,Computer Software: Prepackaged Software
GEGGL,Great Elm Group Inc.  7.25% Notes due 2027,$24.59,0.032,0.13%,713030992.00,United States,,502,Technology,Computer Software: Prepackaged Software
GEHC,GE HealthCare Technologies Inc. Common Stock ,$62.67,0.78,1.26%,28508068229.00,United States,,4515907,Health Care,Medical Electronics
GELS,Gelteq Limited Ordinary Shares,$0.4513,0.0027,0.602%,4833901.00,Australia,2024,215103,Health Care,Biotechnology: Pharmaceutical Preparations
GEMI,Gemini Space Station Inc. Class A Common Stock,$5.26,0.34,6.911%,626606069.00,United States,2025,4523491,Finance,Investment Bankers/Brokers/Service
GEN,Gen Digital Inc. Common Stock,$23.18,-0.11,-0.472%,14039286281.00,United States,,6986049,Technology,Computer Software: Prepackaged Software
GENB,Generate Biomedicines Inc. Common Stock,$15.47,-0.75,-4.624%,1983137727.00,United States,2026,326212,Health Care,Biotechnology: Pharmaceutical Preparations
GENK,GEN Restaurant Group Inc. Class A Common Stock,$2.14,-0.12,-5.31%,70544283.00,United States,2023,35698,Consumer Discretionary,Restaurants
GENVR,Gen Digital Inc. Contingent Value Rights,$0.6405,-0.0795,-11.042%,387927647.00,United States,,4815,Technology,Computer Software: Prepackaged Software
GEOS,Geospace Technologies Corporation Common Stock (Texas),$7.93,-0.04,-0.502%,102579332.00,United States,,241501,Industrials,Industrial Machinery/Components
GERN,Geron Corporation Common Stock,$1.40,-0.01,-0.709%,898129364.00,United States,1996,18612299,Health Care,Biotechnology: Pharmaceutical Preparations
GEVO,Gevo Inc. Common Stock,$1.68,-0.05,-2.89%,408931033.00,United States,2011,1885612,Industrials,Major Chemicals
GFAI,Guardforce AI Co. Limited Ordinary Shares,$0.497,0.0416,9.135%,15531458.00,Singapore,,390340,Consumer Discretionary,Diversified Commercial Services
GFAIW,Guardforce AI Co. Limited Warrant,$0.0495,0.0079,18.99%,1546896.00,Singapore,,900,Consumer Discretionary,Diversified Commercial Services
GFS,GlobalFoundries Inc. Ordinary Shares,$73.84,-1.15,-1.534%,41085850183.00,United States,2021,2325296,Technology,Semiconductors
GGAL,Grupo Financiero Galicia S.A. American Depositary Shares,$41.85,0.06,0.144%,6722171860.00,Argentina,,852398,Finance,Commercial Banks
GGR,Gogoro Inc. Ordinary Shares,$3.94,0.08,2.073%,58207641.00,Taiwan,,4581,Industrials,Auto Manufacturing
GGROW,Gogoro Inc. Warrant,$0.0082,0.0017,26.154%,121143.00,Taiwan,,3159,Industrials,Auto Manufacturing
GGRP,The Glimpse Group Inc. Common Stock,$0.56,-0.0178,-3.081%,11802843.00,United States,2021,8017177,Technology,EDP Services
GH,Guardant Health Inc. Common Stock,$98.66,0.19,0.193%,13082308995.00,United States,2018,1288032,Health Care,Medical Specialities
GHRS,GH Research PLC Ordinary Shares,$22.21,0.33,1.508%,1522654835.00,Ireland,2021,166432,Health Care,Biotechnology: Pharmaceutical Preparations
GIBO,GIBO Holdings Limited Class A Ordinary Shares,$1.305,0.005,0.385%,84978498.00,Hong Kong,,19092,Technology,Computer Software: Prepackaged Software
GIFT,Giftify Inc. Common Stock,$0.915,0.0698,8.258%,31210329.00,United States,,41285,Consumer Discretionary,Catalog/Specialty Distribution
GIG,GigCapital7 Corp. Class A Ordinary Share,$4.98,-0.63,-11.23%,0.00,United States,2024,137629,Finance,Blank Checks
GIGGU,GigCapital7 Corp. Unit,$11.00,0.00,0.00%,1714100300.00,United States,2024,9,Technology,Computer Software: Prepackaged Software
GIGGW,GigCapital7 Corp. Warrant,$0.335,-0.076,-18.491%,0.00,United States,2024,28979,Finance,Blank Checks
GIGM,GigaMedia Limited Ordinary Shares,$1.445,-0.035,-2.365%,15970480.00,Taiwan,,7711,Technology,Computer Software: Programming Data Processing
GIII,G-III Apparel Group LTD. Common Stock,$29.75,0.32,1.087%,1255131288.00,United States,1989,360017,Consumer Discretionary,Apparel
GILD,Gilead Sciences Inc. Common Stock,$132.06,-0.99,-0.744%,163961717560.00,United States,1992,4533203,Health Care,Biotechnology: Biological Products (No Diagnostic Substances)
GILT,Gilat Satellite Networks Ltd. Ordinary Shares,$16.08,0.43,2.748%,1213572844.00,Israel,,1243961,Technology,Radio And Television Broadcasting And Communications Equipment
GIPR,Generation Income Properties Inc. Common Stock,$0.265,0.0019,0.722%,1443767.00,United States,,71151,Real Estate,Real Estate Investment Trusts
GIPRW,Generation Income Properties Inc Warrant,$0.0241,-0.0019,-7.308%,131301.00,United States,,8548,Real Estate,Real Estate Investment Trusts
GITS,Global Interactive Technologies Inc. Common Stock,$1.41,-0.15,-9.615%,10603710.00,South Korea,2023,34312,Technology,Computer Software: Programming Data Processing
GIW,GigCapital8 Corp. Class A Ordinary Shares,$10.03,0.0001,0.001%,0.00,United States,2025,69289,,
GIWWR,GigCapital8 Corp. Rights,$0.3075,0.0075,2.50%,0.00,United States,2025,342113,,
GIWWU,GigCapital8 Corp. Units,$10.33,0.00,0.00%,0.00,United States,2025,990,,
GIX,GigCapital9 Corp. Class A Ordinary Share,$9.89,0.02,0.203%,0.00,United States,2026,100,Finance,Blank Checks
GIXXR,GigCapital9 Corp. Rights,$0.29,0.00,0.00%,0.00,United States,2026,257200,,
GLAD,Gladstone Capital Corporation Common Stock,$19.35,0.12,0.624%,437175885.00,United States,2001,125922,Consumer Discretionary,Textiles
GLBE,Global-E Online Ltd. Ordinary Shares,$27.94,0.40,1.452%,4681857967.00,Israel,2021,2132402,Technology,Computer Software: Prepackaged Software
GLBS,Globus Maritime Limited Common Stock,$2.07,0.02,0.976%,44675363.00,Greece,,45041,Consumer Discretionary,Marine Transportation
GLE,Global Engine Group Holding Limited Class A Ordinary Shares,$0.48,-0.0351,-6.814%,8784000.00,Hong Kong,2024,797242,Technology,EDP Services
GLIBA,GCI Liberty Inc. Series A GCI Group Common Stock,$26.21,-1.23,-4.483%,1045909893.00,United States,,44726,Telecommunications,Cable & Other Pay Television Services
GLIBK,GCI Liberty Inc. Series C GCI Group Common Stock,$26.14,-1.15,-4.214%,1043116543.00,United States,,1045729,Telecommunications,Cable & Other Pay Television Services
GLMD,Galmed Pharmaceuticals Ltd. Ordinary Shares,$0.6585,0.0632,10.616%,4345872.00,Israel,2014,1106910,Health Care,Biotechnology: Pharmaceutical Preparations
GLND,Greenland Energy Company Common Stock,$3.07,0.11,3.716%,134251696.00,United States,,722974,Energy,Oil & Gas Production
GLNDW,Greenland Energy Company Warrant,$1.175,-0.035,-2.893%,51382978.00,United States,,16562,Energy,Oil & Gas Production
GLNG,Golar Lng Ltd,$57.225,0.545,0.962%,5813445861.00,Bermuda,,2013581,Consumer Discretionary,Marine Transportation
GLOO,Gloo Holdings Inc. Class A Common Stock,$6.09,0.10,1.669%,492505145.00,United States,2025,31668,Technology,EDP Services
GLPI,Gaming and Leisure Properties Inc. Common Stock,$46.87,-0.10,-0.213%,13283934115.00,United States,,1931280,Real Estate,Real Estate Investment Trusts
GLRE,Greenlight Capital Re Ltd. Class A Ordinary Shares,$17.34,-0.09,-0.516%,575106208.00,Cayman Islands,2007,192844,Finance,Property-Casualty Insurers
GLSI,Greenwich LifeSciences Inc. Common Stock,$25.97,0.67,2.648%,359802378.00,United States,2020,152516,Health Care,Biotechnology: Pharmaceutical Preparations
GLUE,Monte Rosa Therapeutics Inc. Common Stock,$18.68,-0.28,-1.477%,1578075528.00,United States,2021,530269,Health Care,Biotechnology: Biological Products (No Diagnostic Substances)
GLXG,Galaxy Payroll Group Limited Class A Ordinary Shares,$0.8879,-0.1221,-12.089%,5293229.00,Hong Kong,2024,49935,Industrials,Diversified Commercial Services
GLXY,Galaxy Digital Inc. Class A Common Stock,$32.04,1.23,3.992%,12515154973.00,United States,,5250696,Finance,Investment Bankers/Brokers/Service
GMAB,Genmab A/S ADS,$26.90,0.35,1.318%,17280131752.00,Denmark,2019,1519919,Health Care,Biotechnology: Pharmaceutical Preparations
GMEX,GMEX ROBOTICS CORPORATION Class A Ordinary Shares,$1.90,0.27,16.564%,1644156.00,Australia,2023,364164,Consumer Discretionary,Recreational Games/Products/Toys
GMHS,Gamehaus Holdings Inc. Class A Ordinary Shares,$0.9799,-0.02,-2.00%,52492614.00,China,,5943,Technology,EDP Services
GMM,Global Mofy AI Limited Class A Ordinary Shares,$1.51,0.21,16.154%,74847762.00,China,2023,3686958,Technology,Computer Software: Programming Data Processing
GNLN,Greenlane Holdings Inc. Class A Common Stock,$4.16,-0.2251,-5.133%,2620571.00,United States,2019,10521,Consumer Discretionary,Durable Goods
GNLX,Genelux Corporation Common Stock,$3.04,-0.15,-4.702%,136314865.00,United States,2023,289302,Health Care,Biotechnology: Pharmaceutical Preparations
GNPX,Genprex Inc. Common Stock,$0.8613,0.0102,1.198%,9118068.00,United States,2018,293131,Health Care,Biotechnology: Pharmaceutical Preparations
GNSS,Genasys Inc. Common Stock,$1.75,-0.10,-5.405%,79121544.00,United States,,336607,Consumer Staples,Consumer Electronics/Appliances
GNTA,Genenta Science S.p.A. American Depositary Shares,$0.63,0.0432,7.362%,14862343.00,Italy,2021,79900,Health Care,Biotechnology: Biological Products (No Diagnostic Substances)
GNTX,Gentex Corporation Common Stock,$23.41,0.51,2.227%,5001484440.00,United States,,1694616,Consumer Discretionary,Auto Parts:O.E.M.
GO,Grocery Outlet Holding Corp. Common Stock,$7.67,-0.07,-0.904%,758736894.00,United States,2019,11516185,Consumer Staples,Food Chains
GOAI,Eva Live Inc. Common Stock,$3.57,0.01,0.281%,111891957.00,United States,,50004,Technology,Computer Software: Programming Data Processing
GOCO,GoHealth Inc. Class A Common Stock,$0.8639,-0.0014,-0.162%,25314424.00,United States,2020,40215,Finance,Specialty Insurers
GOGO,Gogo Inc. Common Stock,$4.06,-0.09,-2.169%,549068403.00,United States,2013,1123407,Consumer Discretionary,Telecommunications Equipment
GOOD,Gladstone Commercial Corporation Real Estate Investment Trust,$12.45,0.04,0.322%,602667063.00,United States,2003,365784,Real Estate,Real Estate
GOODN,Gladstone Commercial Corporation 6.625% Series E Cumulative Redeemable Preferred Stock,$22.28,-0.02,-0.09%,1078507804.00,United States,,3466,Real Estate,Real Estate
GOODO,Gladstone Commercial Corporation 6.00% Series G Cumulative Redeemable Preferred Stock par value $0.001 per share,$20.28,-0.035,-0.172%,981693818.00,United States,,5285,Real Estate,Real Estate
GOOG,Alphabet Inc. Class C Capital Stock,$397.17,-1.87,-0.469%,4812111720000.00,United States,2004,13805400,Technology,Computer Software: Programming Data Processing
GOOGL,Alphabet Inc. Class A Common Stock,$401.07,-1.55,-0.385%,4859364120000.00,United States,2004,21136825,Technology,Computer Software: Programming Data Processing
GOSS,Gossamer Bio Inc. Common Stock,$0.33,-0.0136,-3.958%,77449773.00,United States,2019,2707388,Health Care,Biotechnology: Pharmaceutical Preparations
GOVX,GeoVax Labs Inc. Common Stock,$1.26,-0.04,-3.077%,3644638.00,United States,,128409,Health Care,Biotechnology: Pharmaceutical Preparations
GP,GreenPower Motor Company Inc. Common Shares,$1.09,0.00,0.00%,5481927.00,Canada,,124380,Consumer Discretionary,Construction/Ag Equipment/Trucks
GPAT,GP-Act III Acquisition Corp. Class A Ordinary Share,$10.84,-0.05,-0.459%,0.00,United States,2024,2280,,
GPATW,GP-Act III Acquisition Corp. Warrants,$0.16,0.0097,6.454%,0.00,United States,2024,124884,,
GPCR,Structure Therapeutics Inc. American Depositary Shares,$39.84,1.76,4.622%,2831608717.00,United States,2023,825728,Health Care,Biotechnology: Pharmaceutical Preparations
GPRE,Green Plains Inc. Common Stock,$16.68,-0.13,-0.773%,1168103302.00,United States,,1533165,Industrials,Major Chemicals
GPRO,GoPro Inc. Class A Common Stock,$1.11,0.015,1.37%,189791108.00,United States,2014,8693376,Consumer Discretionary,Industrial Machinery/Components
GRAB,Grab Holdings Limited Class A Ordinary Shares,$3.57,-0.06,-1.653%,14638719965.00,Singapore,,42608871,Real Estate,Real Estate
GRABW,Grab Holdings Limited Warrant,$0.0411,-0.0007,-1.675%,168529801.00,Singapore,,18845,Real Estate,Real Estate
GRAL,GRAIL Inc. Common Stock ,$61.80,1.33,2.199%,2652245447.00,United States,,666936,Health Care,Medical Specialities
GRAN,Grande Group Limited Class A Ordinary Shares,$1.03,0.0661,6.858%,23432500.00,Hong Kong,2025,3400,Finance,Finance: Consumer Services
GRCE,Grace Therapeutics Inc. Common Stock,$2.19,-0.06,-2.667%,29382650.00,Canada,,408638,Health Care,Biotechnology: Pharmaceutical Preparations
GRDX,GridAI Technologies Corp. Common Stock,$3.64,0.19,5.507%,22568186.00,United States,2016,289122,Health Care,Biotechnology: Pharmaceutical Preparations
GREE,Greenidge Generation Holdings Inc. Class A Common Stock,$1.45,0.11,8.209%,24370323.00,United States,,337735,Finance,Finance: Consumer Services
GREEL,Greenidge Generation Holdings Inc. 8.50% Senior Notes due 2026,$20.00,-0.144,-0.715%,313468340.00,United States,,783,Finance,Finance: Consumer Services
GRFS,Grifols S.A. American Depositary Shares,$7.79,0.08,1.038%,5356052733.00,Spain,,495530,Health Care,Biotechnology: Pharmaceutical Preparations
GRI,GRI Bio Inc. Common Stock,$2.15,-0.11,-4.867%,3807302.00,United States,2021,36584,Health Care,Biotechnology: Pharmaceutical Preparations
GRML,Greenland Mines Ltd. Common Stock,$0.3791,-0.0459,-10.80%,0.00,United States,2022,3901915,,
GRMLW,Greenland Mines Ltd Warrant,$0.2311,-0.0229,-9.016%,28018254.00,United States,2022,1975,Health Care,Biotechnology: Biological Products (No Diagnostic Substances)
GRNQ,Greenpro Capital Corp. Common Stock,$1.64,0.00,0.00%,29574322.00,China,,4655,Technology,EDP Services
GROW,U.S. Global Investors Inc. Class A Common Stock,$2.59,0.04,1.569%,32126868.00,United States,,10180,Finance,Investment Managers
GRPN,Groupon Inc. Common Stock,$17.16,-1.22,-6.638%,651805097.00,United States,2011,1793324,Consumer Discretionary,Advertising
GRRR,Gorilla Technology Group Inc. Ordinary shares,$14.03,0.17,1.227%,387983642.00,Taiwan,,721157,Technology,Computer Software: Prepackaged Software
GRRRW,Gorilla Technology Group Inc. Warrant,$0.2676,-0.0024,-0.889%,7400173.00,Taiwan,,30965,Technology,Computer Software: Prepackaged Software
GRVY,GRAVITY Co. Ltd. American Depository Shares,$62.85,0.14,0.223%,436738365.00,South Korea,2005,16427,Real Estate,Real Estate
GRWG,GrowGeneration Corp. Common Stock,$1.53,-0.08,-4.969%,91939085.00,United States,,547205,Consumer Discretionary,RETAIL: Building Materials
GSAT,Globalstar Inc. Common Stock,$82.08,-0.25,-0.304%,10570995456.00,United States,2025,1105436,Consumer Discretionary,Telecommunications Equipment
GSBC,Great Southern Bancorp Inc. Common Stock,$68.07,0.16,0.236%,741500328.00,United States,1989,74138,Finance,Major Banks
GSHD,Goosehead Insurance Inc. Class A Common Stock,$36.85,0.46,1.264%,1312083090.00,United States,2018,427844,Finance,Specialty Insurers
GSHR,Gesher Acquisition Corp. II Class A Ordinary Shares,$10.39,0.005,0.048%,0.00,United States,2025,11862,,
GSHRU,Gesher Acquisition Corp. II Units,$10.40,0.00,0.00%,0.00,United States,2025,4,Finance,Blank Checks
GSHRW,Gesher Acquisition Corp. II Warrants,$0.2192,-0.0008,-0.364%,0.00,United States,2025,1200,Finance,Blank Checks
GSIT,GSI Technology Common Stock,$10.86,-1.395,-11.383%,392982165.00,United States,2007,4308218,Technology,Semiconductors
GSIW,Garden Stage Limited Class A Ordinary Shares,$30.30,1.35,4.663%,40315786.00,Hong Kong,2023,3836,Finance,Investment Bankers/Brokers/Service
GSM,Ferroglobe PLC Ordinary Shares,$4.01,0.13,3.351%,749310673.00,United Kingdom,,812506,Basic Materials,Metal Mining
GSRF,GSR IV Acquisition Corp. Class A ordinary share,$10.13,0.02,0.198%,0.00,United States,2025,108791,,
GSRFR,GSR IV Acquisition Corp. Rights,$2.30,-0.10,-4.167%,0.00,United States,2025,18903,,
GSRVU,GSR V Acquisition Corp. Units,$9.99,-0.01,-0.10%,0.00,United States,2026,7275796,,
GSUN,Golden Sun Technology Group Limited Class A Ordinary Shares,$0.4301,-0.0099,-2.25%,4313417.00,China,2022,52153,Real Estate,Other Consumer Services
GT,The Goodyear Tire & Rubber Company Common Stock,$5.79,-0.02,-0.344%,1664269673.00,United States,,8670001,Consumer Discretionary,Automotive Aftermarket
GTBP,GT Biopharma Inc. Common Stock,$0.4389,0.1262,40.358%,15634660.00,United States,,14758506,Health Care,Biotechnology: Pharmaceutical Preparations
GTEC,Greenland Technologies Holding Corporation Class A Ordinary Shares,$0.5703,0.0231,4.221%,11709674.00,China,2018,98968,Industrials,Industrial Machinery/Components
GTEN,Gores Holdings X Inc. Class A ordinary shares,$10.355,-0.005,-0.048%,0.00,United States,2025,422925,,
GTENW,Gores Holdings X Inc. Warrants,$0.65,-0.05,-7.143%,0.00,United States,2025,27730,,
GTERA,Globa Terra Acquisition Corporation Class A Ordinary Shares,$10.26,-0.01,-0.097%,0.00,Mexico,2025,3317,Finance,Blank Checks
GTERU,Globa Terra Acquisition Corporation Units,$10.40,0.00,0.00%,0.00,Mexico,2025,245,Finance,Blank Checks
GTIM,Good Times Restaurants Inc. Common Stock,$1.24,0.00,0.00%,13091791.00,United States,,9198,Consumer Discretionary,Restaurants
GTLB,GitLab Inc. Class A Common Stock,$22.60,0.55,2.494%,3839235252.00,United States,2021,4057281,Technology,Computer Software: Prepackaged Software
GTM,ZoomInfo Technologies Inc Common Stock,$3.90,-0.06,-1.515%,1149400333.00,United States,2020,16903541,Technology,Computer Software: Prepackaged Software
GTX,Garrett Motion Inc. Common Stock,$31.87,0.52,1.659%,5965697591.00,Switzerland,,3187845,Consumer Discretionary,Auto Parts:O.E.M.
GURE,Gulf Resources Inc. (NV) Common Stock,$4.01,0.19,4.974%,6173519.00,China,,25138,Industrials,Major Chemicals
GUTS,Fractyl Health Inc. Common Stock,$0.954,0.0057,0.601%,151351111.00,United States,2024,5100509,Health Care,Medical/Dental Instruments
GV,Visionary Holdings Inc. Common Shares,$0.303,0.013,4.483%,1699026.00,Canada,2022,2155368,Real Estate,Other Consumer Services
GVH,Globavend Holdings Limited Ordinary Shares,$4.92,-0.385,-7.257%,11251149.00,Australia,2023,18027,Industrials,Integrated Freight & Logistics
GWAV,Greenwave Technology Solutions Inc. Common Stock,$3.79,0.04,1.067%,3144301.00,United States,,11535,Industrials,Metal Fabrications
GWRS,Global Water Resources Inc. Common Stock,$6.96,0.30,4.505%,200194893.00,United States,2016,127538,Utilities,Water Supply
GXAI,Gaxos.ai Inc. Common Stock,$1.22,0.02,1.667%,12468319.00,United States,2023,307565,Technology,Computer Software: Prepackaged Software
GYRE,Gyre Therapeutics Inc. Common Stock,$7.00,-0.28,-3.846%,679198254.00,United States,2006,213278,Health Care,Biotechnology: Pharmaceutical Preparations
GYRO,Gyrodyne LLC Common Stock,$7.40,-0.08,-1.07%,16274879.00,United States,,3611,Real Estate,Building operators
HACQ,HCM IV Acquisition Corp. Class A Ordinary Share,$9.97,0.02,0.201%,0.00,United States,2026,2302,Finance,Blank Checks
HACQU,HCM IV Acquisition Corp. Unit,$10.07,0.01,0.099%,0.00,United States,2026,18533,,
HACQW,HCM IV Acquisition Corp. Warrants,$0.57,-0.045,-7.317%,0.00,United States,2026,1254,Finance,Blank Checks
HAFC,Hanmi Financial Corporation Common Stock,$29.30,0.25,0.861%,872156546.00,United States,,154262,Finance,Major Banks
HAIN,Hain Celestial Group Inc. (The) Common Stock,$0.7982,0.0189,2.425%,72040330.00,United States,,751894,Consumer Staples,Packaged Foods
HALO,Halozyme Therapeutics Inc. Common Stock,$69.21,-0.82,-1.171%,8209205730.00,United States,,2008477,Health Care,Biotechnology: Biological Products (No Diagnostic Substances)
HAO,Haoxi Health Technology Limited Class A Ordinary Shares,$0.0263,-0.0082,-23.768%,1545205.00,China,2024,159455150,Consumer Discretionary,Advertising
HAS,Hasbro Inc. Common Stock,$95.65,1.64,1.744%,13533584690.00,United States,,2665785,Consumer Discretionary,Recreational Games/Products/Toys
HAVAU,Harvard Ave Acquisition Corporation Unit,$10.1408,0.00,0.00%,0.00,South Korea,2025,1,Finance,Blank Checks
HBAN,Huntington Bancshares Incorporated Common Stock,$15.51,0.16,1.042%,31440795404.00,United States,,17920731,Finance,Major Banks
HBANL,Huntington Bancshares Incorporated Depositary Shares Each Representing a 1/40th Interest in a Share of 6.875% Series J Non-Cumulative Perpetual Preferred Stock,$25.405,-0.05,-0.196%,51499252563.00,United States,,26319,Finance,Major Banks
HBANM,Huntington Bancshares Incorporated Depositary Shares each representing a 1/1000th interest in a share of Huntington Series I Preferred Stock,$22.69,0.15,0.665%,45995593019.00,United States,,9406,Finance,Major Banks
HBANP,Huntington Bancshares Incorporated Depositary Shares 4.500% Series H Non-Cumulative Perpetual Preferred Stock,$16.91,0.02,0.118%,34278778226.00,United States,,50390,Finance,Major Banks
HBANZ,Huntington Bancshares Incorporated Depositary Shares Each Representing a 1/1000th Interest in a Share of 5.50% Series L Non-Cumulative Perpetual Preferred Stock,$20.80,0.00,0.00%,42164316210.00,United States,,5258,Finance,Major Banks
HBCP,Home Bancorp Inc. Common Stock,$62.90,0.15,0.239%,493301490.00,United States,2008,47572,Finance,Banks
HBIO,Harvard Bioscience Inc. Common Stock,$5.52,-0.045,-0.809%,24896205.00,United States,2000,22857,Industrials,Biotechnology: Laboratory Analytical Instruments
HBNB,Hotel101 Global Holdings Corp. Class A Ordinary Shares,$6.14,0.08,1.32%,1436958850.00,Singapore,,3154,Consumer Discretionary,Hotels/Resorts
HBNC,Horizon Bancorp Inc. Common Stock,$17.88,0.13,0.732%,917776180.00,United States,,315223,Finance,Major Banks
HBT,HBT Financial Inc. Common Stock,$27.465,0.365,1.347%,999206307.00,United States,2019,98615,Finance,Major Banks
HCAC,Hall Chadwick Acquisition Corp Class A Ordinary Shares,$10.00,0.00,0.00%,0.00,Cayman Islands,2026,66200,Consumer Discretionary,Auto Parts:O.E.M.
HCACR,Hall Chadwick Acquisition Corp Rights,$0.32,0.0057,1.814%,0.00,Cayman Islands,2026,1700,,
HCACU,Hall Chadwick Acquisition Corp. Unit,$10.30,0.00,0.00%,0.00,Cayman Islands,2025,1172,Consumer Discretionary,Auto Parts:O.E.M.
HCAI,Huachen AI Parking Management Technology Holding Co. Ltd. Class A Ordinary Shares,$6.49,-3.37,-34.178%,7549661.00,China,2025,95378,Consumer Discretionary,Miscellaneous manufacturing industries
HCAT,Health Catalyst Inc Common Stock,$1.17,-0.17,-12.687%,86456003.00,United States,2019,1671719,Technology,Computer Software: Programming Data Processing
HCHL,Happy City Holdings Limited Class A Ordinary shares,$3.10,0.02,0.649%,59557200.00,Hong Kong,2025,1060898,Consumer Discretionary,Restaurants
HCIC,Hennessy Capital Investment Corp. VIII Class A Ordinary Shares,$9.88,0.00,0.00%,0.00,United States,2026,1,,
HCICU,Hennessy Capital Investment Corp. VIII Units,$10.03,0.00,0.00%,0.00,United States,2026,200,,
HCKT,Hackett Group Inc (The). Common Stock,$9.575,0.355,3.85%,241183593.00,United States,,556362,Consumer Discretionary,Professional Services
HCM,HUTCHMED (China) Limited American Depositary Shares,$12.69,0.02,0.158%,2213967500.00,Hong Kong,2016,32613,Health Care,Biotechnology: Pharmaceutical Preparations
HCMA,HCM III Acquisition Corp. Class A Ordinary Share,$10.1455,0.0005,0.005%,804596345.00,United States,2025,6492,Consumer Discretionary,Hotels/Resorts
HCMAU,HCM III Acquisition Corp. Units,$10.30,0.00,0.00%,0.00,United States,2025,100,,
HCMAW,HCM III Acquisition Corp. Warrants,$0.5001,0.0001,0.02%,39660799.00,United States,2025,7410,Consumer Discretionary,Hotels/Resorts
HCSG,Healthcare Services Group Inc. Common Stock,$21.61,0.11,0.512%,1483423031.00,United States,1983,372424,Health Care,Hospital/Nursing Management
HCTI,Healthcare Triangle Inc. Common Stock,$2.28,0.09,4.11%,4486101.00,United States,2021,3812105,Technology,EDP Services
HCWB,HCW Biologics Inc. Common Stock,$0.337,-0.0124,-3.549%,2269393.00,United States,2021,35150140,Health Care,Biotechnology: Pharmaceutical Preparations
HDL,SUPER HI INTERNATIONAL HOLDING LTD. American Depositary Shares,$14.825,0.415,2.88%,964068268.00,Singapore,2024,6909,Consumer Discretionary,Restaurants
HDSN,Hudson Technologies Inc. Common Stock,$4.84,-0.08,-1.626%,203612934.00,United States,,420677,Consumer Discretionary,Industrial Specialties
HELE,Helen of Troy Limited Common Stock,$23.43,1.03,4.598%,544928028.00,Bermuda,,674498,Consumer Discretionary,Home Furnishings
HELP,Cybin Inc. Common Stock,$5.06,-0.12,-2.317%,253181123.00,Canada,,453275,Health Care,Biotechnology: Pharmaceutical Preparations
HEPS,D-Market Electronic Services & Trading American Depositary Shares,$2.59,-0.03,-1.145%,925213268.00,Turkey,2021,192428,Consumer Discretionary,Catalog/Specialty Distribution
HERE,Here Group Limited American Depositary Shares,$3.07,-0.12,-3.762%,166960768.00,China,2023,60215,Real Estate,Other Consumer Services
HERZ,Herzfeld Credit Income Fund Inc. Common Stock,$18.55,0.24,1.311%,0.00,United States,,5510,Finance,Investment Managers
HFBL,Home Federal Bancorp Inc. of Louisiana Common Stock,$19.75,0.00,0.00%,60724081.00,United States,2010,576,Finance,Savings Institutions
HFFG,HF Foods Group Inc. Common Stock,$1.91,-0.10,-4.975%,102138046.00,United States,2017,90499,Consumer Discretionary,Food Distributors
HFWA,Heritage Financial Corporation Common Stock,$26.48,0.29,1.107%,1091474274.00,United States,,200947,Finance,Banks
HGBL,Heritage Global Inc. Common Stock,$1.22,0.03,2.521%,42384695.00,United States,,26122,Real Estate,Real Estate
HHS,Harte Hanks Inc. Common Stock,$2.81,0.00,0.00%,20835571.00,United States,,6852,Consumer Discretionary,Advertising
HIFS,Hingham Institution for Savings Common Stock,$265.08,2.77,1.056%,569232792.00,United States,,16097,Finance,Banks
HIHO,Highway Holdings Limited Common Stock,$0.77,-0.0274,-3.436%,3543405.00,Hong Kong,,26145,Industrials,Metal Fabrications
HIMX,Himax Technologies Inc. American Depositary Shares,$20.68,0.095,0.462%,3607127902.00,Taiwan,2006,4744806,Technology,Semiconductors
HIND,Vyome Holdings Inc. Common Stock,$1.92,0.00,0.00%,13475574.00,United States,2016,43738,Health Care,Medical/Dental Instruments
HIT,Health In Tech Inc. Class A Common Stock,$1.23,-0.31,-20.13%,80601361.00,United States,2024,709789,Finance,Specialty Insurers
HITI,High Tide Inc. Common Shares,$2.40,-0.01,-0.415%,210954905.00,Canada,,344605,Consumer Discretionary,Other Specialty Stores
HIVE,HIVE Digital Technologies Ltd. Common Shares,$2.97,0.21,7.609%,785411611.00,Canada,,17272847,Finance,Finance: Consumer Services
HKIT,Hitek Global Inc. Class A Ordinary Share,$0.8732,0.1732,24.743%,8436353.00,China,2023,2271777,Technology,Computer Software: Prepackaged Software
HKPD,Cellyan Biotechnology Co. Ltd Class A Ordinary Shares,$0.57,-0.0296,-4.937%,13394992.00,Hong Kong,2025,165148,Health Care,Other Pharmaceuticals
HLIT,Harmonic Inc. Common Stock,$13.34,-0.01,-0.075%,1447342456.00,United States,1995,2245270,Technology,Radio And Television Broadcasting And Communications Equipment
HLMN,Hillman Solutions Corp. Common Stock,$7.47,-0.02,-0.267%,1465685757.00,United States,2020,1068080,Consumer Discretionary,Industrial Machinery/Components
HLNE,Hamilton Lane Incorporated Class A Common Stock,$87.61,0.87,1.003%,4886457738.00,United States,2017,676397,Finance,Investment Managers
HLP,Hongli Group Inc. Ordinary Shares,$1.03,-0.13,-11.207%,76980913.00,China,2023,3336680,Industrials,Industrial Machinery/Components
HLXC,Helix Acquisition Corp. III Class A Ordinary Shares,$10.16,0.00,0.00%,0.00,United States,2026,791,,
HMH,HMH Holding Inc. Class A Common Stock,$21.23,0.23,1.095%,934171462.00,United States,2026,230530,Consumer Discretionary,Oil and Gas Field Machinery
HMR,Heidmar Maritime Holdings Corp. Common Stock,$1.02,0.1522,17.539%,60171837.00,Greece,,647017,Consumer Discretionary,Marine Transportation
HNNA,Hennessy Advisors Inc. Common Stock,$9.95,0.09,0.913%,78628820.00,United States,,4755,Finance,Investment Managers
HNNAZ,Hennessy Advisors Inc. 4.875% Notes due 2026,$24.95,-0.01,-0.04%,194299622.00,United States,,118,Finance,Investment Managers
HNRG,Hallador Energy Company Common Stock,$19.39,-0.03,-0.154%,913858301.00,United States,,1193441,Energy,Coal Mining
HNST,The Honest Company Inc. Common Stock,$3.19,-0.12,-3.625%,351150782.00,United States,2021,981377,Consumer Discretionary,Catalog/Specialty Distribution
HNVR,Hanover Bancorp Inc. Common Stock,$22.81,0.16,0.706%,163243437.00,United States,2022,31897,Finance,Major Banks
HOFT,Hooker Furnishings Corporation Common Stock,$12.60,0.00,0.00%,135824585.00,United States,,20681,Consumer Discretionary,Home Furnishings
HOLO,MicroCloud Hologram Inc. Ordinary Shares,$1.77,0.07,4.118%,40554877.00,United States,2021,616571,Technology,Computer Software: Programming Data Processing
HOLOW,MicroCloud Hologram Inc. Warrant,$0.0795,-0.0004,-0.501%,1821533.00,United States,2021,4354,Technology,Computer Software: Programming Data Processing
HON,Honeywell International Inc. Common Stock,$217.72,-0.24,-0.11%,137958957069.00,United States,,3377706,Industrials,Aerospace
HOOD,Robinhood Markets Inc. Class A Common Stock,$80.70,3.95,5.147%,72670758100.00,United States,2021,27967595,Finance,Investment Bankers/Brokers/Service
HOPE,Hope Bancorp Inc. Common Stock,$11.98,0.01,0.084%,1531509818.00,United States,,717765,Finance,Major Banks
HOTH,Hoth Therapeutics Inc. Common Stock,$0.6659,0.0096,1.463%,12737097.00,United States,2019,120624,Health Care,Biotechnology: Pharmaceutical Preparations
HOUR,Hour Loop Inc. Common Stock,$2.11,-0.08,-3.653%,74254888.00,United States,2022,35020,Consumer Discretionary,Catalog/Specialty Distribution
HOVNP,Hovnanian Enterprises Inc Dep Shr Srs A Pfd,$20.95,0.05,0.239%,124405164.00,United States,,6747,Consumer Discretionary,Homebuilding
HOVR,New Horizon Aircraft Ltd. Class A Ordinary Share,$2.42,-0.06,-2.419%,112782355.00,United States,2023,2659123,Industrials,Aerospace
HOVRW,New Horizon Aircraft Ltd. Warrant,$0.49,0.0024,0.492%,22836097.00,United States,2023,158429,Industrials,Aerospace
HOWL,Werewolf Therapeutics Inc. Common Stock,$0.5426,-0.0413,-7.073%,26368633.00,United States,2021,706092,Health Care,Biotechnology: Pharmaceutical Preparations
HPAI,Helport AI Limited Ordinary Shares,$1.28,-0.14,-9.859%,48188045.00,Singapore,,348576,Technology,Computer Software: Prepackaged Software
HPAIW,Helport AI Limited Warrants,$0.0897,0.0027,3.103%,3376928.00,Singapore,,4600,Technology,Computer Software: Prepackaged Software
HPK,HighPeak Energy Inc. Common Stock,$6.79,0.10,1.495%,857971526.00,United States,,704776,Energy,Oil & Gas Production
HQ,Horizon Quantum Holdings Ltd. Class A Ordinary Shares,$12.20,-0.11,-0.894%,629253235.00,Singapore,,89651,Technology,EDP Services
HQI,HireQuest Inc. Common Stock (DE),$13.19,0.72,5.774%,183341000.00,United States,,19838,Consumer Discretionary,Professional Services
HQWWW,Horizon Quantum Holdings Ltd. Warrant,$3.0601,-0.0899,-2.854%,157834248.00,Singapore,,22966,Technology,EDP Services
HQY,HealthEquity Inc. Common Stock,$82.32,0.14,0.17%,6900923220.00,United States,2014,783505,Real Estate,Real Estate
HRMY,Harmony Biosciences Holdings Inc. Common Stock,$30.76,-0.07,-0.227%,1780778714.00,United States,2020,518491,Health Care,Biotechnology: Pharmaceutical Preparations
HROW,Harrow Inc. Common Stock,$30.86,1.035,3.47%,1150309802.00,United States,,1129505,Health Care,Biotechnology: Pharmaceutical Preparations
HRTX,Heron Therapeutics Inc. Common Stock,$0.9124,-0.002,-0.219%,172698496.00,United States,,1810234,Health Care,Biotechnology: Pharmaceutical Preparations
HRZN,Horizon Technology Finance Corporation Common Stock,$4.34,0.12,2.844%,296253222.00,United States,2010,710475,Finance,Finance: Consumer Services
HSAI,Hesai Group American Depositary Share each ADS represents one Class B ordinary share,$23.61,-0.43,-1.789%,3693549321.00,China,2023,1112058,Industrials,Industrial Machinery/Components
HSCS,HeartSciences Inc. Common Stock,$1.91,0.02,1.058%,6082777.00,United States,2022,33758,Health Care,Industrial Specialties
HSCSW,HeartSciences Inc. Warrant,$0.0596,0.00,0.00%,189808.00,United States,2022,13,Health Care,Industrial Specialties
HSDT,Solana Company Class A Common Stock (DE),$2.39,0.18,8.145%,131357048.00,United States,,380487,Health Care,Biotechnology: Electromedical & Electrotherapeutic Apparatus
HSIC,Henry Schein Inc. Common Stock,$72.61,3.16,4.55%,8271495726.00,United States,1995,3147019,Health Care,Medical Specialities
HSPT,Horizon Space Acquisition II Corp. Ordinary share,$8.98,0.17,1.93%,0.00,United States,2025,6455,Finance,Blank Checks
HSPTU,Horizon Space Acquisition II Corp. Units,$10.00,0.00,0.00%,0.00,United States,2024,30,,
HST,Host Hotels & Resorts Inc. Common Stock,$21.54,-0.02,-0.093%,14752299713.00,United States,,7456702,Real Estate,Real Estate Investment Trusts
HSTM,HealthStream Inc. Common Stock,$22.79,-0.10,-0.437%,665814135.00,United States,2000,194776,Technology,Computer Software: Programming Data Processing
HTCO,High-Trend International Group Class A Ordinary Shares,$7.22,-0.03,-0.414%,53322039.00,Singapore,,986161,Consumer Discretionary,Marine Transportation
HTCR,Heartcore Enterprises Inc. Common Stock,$2.75,-0.14,-4.844%,3497412.00,Japan,2022,22986,Technology,EDP Services
HTFL,Heartflow Inc. Common Stock,$32.24,1.04,3.333%,2780363447.00,United States,2025,1436983,Health Care,Medical/Dental Instruments
HTHT,H World Group Limited American Depositary Shares,$45.42,-1.51,-3.218%,13967731859.00,China,2010,1822670,Consumer Discretionary,Hotels/Resorts
HTLD,Heartland Express Inc. Common Stock,$13.14,0.82,6.656%,1018214605.00,United States,1986,667819,Industrials,Trucking Freight/Courier Services
HTLM,HomesToLife Ltd Ordinary Shares,$1.768,0.078,4.615%,158567500.00,Singapore,2024,2497,Consumer Discretionary,Other Specialty Stores
HTO,H2O America Common Stock,$55.86,-0.66,-1.168%,2337196197.00,United States,,502864,Utilities,Water Supply
HTOO,Fusion Fuel Green PLC Class A Ordinary Shares,$3.01,-0.08,-2.589%,9925502.00,Ireland,,22550,Energy,Industrial Machinery/Components
HTZ,Hertz Global Holdings Inc Common Stock,$5.83,-0.07,-1.186%,1840907169.00,United States,,5312991,Consumer Discretionary,Rental/Leasing Companies
HTZWW,Hertz Global Holdings Inc Warrant,$2.78,-0.025,-0.891%,877825374.00,United States,,177047,Consumer Discretionary,Rental/Leasing Companies
HUBC,Hub Cyber Security Ltd. Ordinary Shares,$0.1499,0.003,2.042%,180367.00,Israel,,7627012,Telecommunications,Computer Communications Equipment
HUBCW,Hub Cyber Security Ltd. Warrant 2/27/28,$0.011,0.001,10.00%,13236.00,Israel,,40345,Telecommunications,Computer Communications Equipment
HUBCZ,Hub Cyber Security Ltd. Warrant ,$0.015,0.0041,37.615%,18049.00,Israel,,34525,Telecommunications,Computer Communications Equipment
HUBG,Hub Group Inc. Class A Common Stock,$37.29,-0.66,-1.739%,2280414388.00,United States,1996,1224018,Industrials,Integrated Freight & Logistics
HUDI,Huadi International Group Co. Ltd. Ordinary Shares,$1.16,0.04,3.571%,16587051.00,China,2021,993278,Industrials,Steel/Iron Ore
HUHU,HUHUTECH International Group Inc. Ordinary Shares,$9.31,-0.36,-3.723%,237346803.00,China,2024,401208,Telecommunications,Metal Fabrications
HUIZ,Huize Holding Limited American Depositary Shares,$1.67,0.17,11.333%,16877147.00,China,2020,48224,Finance,Specialty Insurers
HUMA,Humacyte Inc. Common Stock,$1.00,-0.13,-11.504%,222019108.00,United States,2020,10112917,Health Care,Biotechnology: Biological Products (No Diagnostic Substances)
HUMAW,Humacyte Inc. Warrant,$0.115,0.015,15.00%,25532197.00,United States,2020,1315,Health Care,Biotechnology: Biological Products (No Diagnostic Substances)
HURA,TuHURA Biosciences Inc. Common Stock,$2.51,0.00,0.00%,159582105.00,United States,,347084,Health Care,Biotechnology: Pharmaceutical Preparations
HURC,Hurco Companies Inc. Common Stock,$16.61,0.13,0.789%,107075601.00,United States,,34597,Industrials,Industrial Machinery/Components
HURN,Huron Consulting Group Inc. Common Stock,$102.92,-0.55,-0.532%,1668521441.00,United States,2004,421978,Consumer Discretionary,Professional Services
HUT,Hut 8 Corp. Common Stock,$109.37,1.05,0.969%,12314418029.00,United States,,4561052,Finance,Finance: Consumer Services
HVII,Hennessy Capital Investment Corp. VII Ordinary Shares,$10.41,0.00,0.00%,,United States,2025,4750,,
HVIIR,Hennessy Capital Investment Corp. VII Rights,$0.46,0.005,1.099%,0.00,United States,2025,106,Finance,Blank Checks
HVMC,Highview Merger Corp. Class A Ordinary Share,$10.11,0.00,0.00%,0.00,United States,2025,7,,
HVMCW,Highview Merger Corp. Warrants,$0.35,0.04,12.903%,0.00,United States,2025,5320,,
HWBK,Hawthorn Bancshares Inc. Common Stock,$36.55,0.04,0.11%,252070182.00,United States,,6288,Finance,Major Banks
HWC,Hancock Whitney Corporation Common Stock,$65.79,0.60,0.92%,5339382715.00,United States,,761373,Finance,Major Banks
HWCPZ,Hancock Whitney Corporation 6.25% Subordinated Notes due 2060,$22.3841,-0.054,-0.241%,1897163903.00,United States,,3403,Finance,Major Banks
HWH,HWH International Inc. Common Stock,$1.04,0.00,0.00%,7775456.00,United States,2022,50569,Health Care,Other Pharmaceuticals
HWKN,Hawkins Inc. Common Stock,$156.57,-5.26,-3.25%,3267330316.00,United States,,336424,Consumer Discretionary,Specialty Chemicals
HXHX,Haoxin Holdings Limited Class A Ordinary Shares,$0.449,0.0191,4.443%,6173750.00,China,2025,146395,Industrials,Trucking Freight/Courier Services
HYFM,Hydrofarm Holdings Group Inc. Common Stock,$1.07,0.05,4.902%,5098135.00,United States,2020,29262,Consumer Discretionary,Consumer Specialties
HYFT,MindWalk Holdings Corp. Common Stock,$1.26,0.00,0.00%,58856951.00,Canada,,80332,Health Care,Biotechnology: Pharmaceutical Preparations
HYMC,Hycroft Mining Holding Corporation Class A Common Stock,$39.36,-4.27,-9.787%,3595953255.00,United States,2018,2613744,Basic Materials,Precious Metals
HYNE,Hoyne Bancorp Inc. Common Stock,$15.59,0.06,0.386%,126231263.00,United States,2025,17945,Finance,Banks
HYPD,Hyperion DeFi Inc. Common Stock,$3.62,0.12,3.429%,42411106.00,United States,2018,784296,Health Care,Biotechnology: Pharmaceutical Preparations
HYPR,Hyperfine Inc. Class A Common Stock,$1.60,0.01,0.629%,158832538.00,United States,2021,867492,Health Care,Biotechnology: Electromedical & Electrotherapeutic Apparatus
IAC,IAC Inc. Common Stock,$40.02,-0.72,-1.767%,2976689761.00,United States,,1117986,Technology,Computer Software: Programming Data Processing
IACO,Idea Acquisition Corp. Class A Ordinary Shares,$9.86,0.00,0.00%,0.00,United States,2026,249,Finance,Blank Checks
IACOW,Idea Acquisition Corp. Warrants,$0.3981,0.0481,13.743%,0.00,United States,2026,38788,Finance,Blank Checks
IACQU,Irenic Acquisition Corp. Unit,$10.00,-0.02,-0.20%,0.00,United States,2026,469328,Finance,Blank Checks
IART,Integra LifeSciences Holdings Corporation Common Stock,$14.50,-0.40,-2.685%,1128055094.00,United States,,942748,Health Care,Medical/Dental Instruments
IBAC,IB Acquisition Corp. Common Stock,$10.80,0.00,0.00%,0.00,United States,2024,8000,Finance,Blank Checks
IBACR,IB Acquisition Corp. Right,$0.11,0.00,0.00%,0.00,United States,2024,99,Finance,Blank Checks
IBCP,Independent Bank Corporation Common Stock,$33.31,0.14,0.422%,686391090.00,United States,,147745,Finance,Major Banks
IBEX,IBEX Limited Common Shares,$30.25,-0.19,-0.624%,405020759.00,Bermuda,2020,78424,Technology,EDP Services
IBG,Innovation Beverage Group Limited Ordinary Shares,$0.862,-0.018,-2.045%,921375.00,Australia,2024,154630,Consumer Staples,Beverages (Production/Distribution)
IBIO,iBio Inc. Common Stock,$1.56,0.01,0.645%,77498555.00,United States,,706639,Health Care,Biotechnology: Pharmaceutical Preparations
IBKR,Interactive Brokers Group Inc. Class A Common Stock,$88.28,3.16,3.712%,149754108344.00,United States,2019,3729503,Finance,Investment Bankers/Brokers/Service
IBOC,International Bancshares Corporation Common Stock,$71.68,0.41,0.575%,4457151570.00,United States,,253275,Finance,Major Banks
IBRX,ImmunityBio Inc. Common Stock,$8.15,0.00,0.00%,8535934913.00,United States,2015,9402757,Health Care,Biotechnology: Biological Products (No Diagnostic Substances)
ICCC,ImmuCell Corporation Common Stock,$8.26,-0.10,-1.196%,74726560.00,United States,1987,25192,Health Care,Biotechnology: In Vitro & In Vivo Diagnostic Substances
ICCM,IceCure Medical Ltd. Ordinary Shares,$0.241,0.004,1.688%,19578310.00,Israel,,405797,Health Care,Medical/Dental Instruments
ICFI,ICF International Inc. Common Stock,$60.86,0.96,1.603%,1101820395.00,United States,2006,356964,Consumer Discretionary,Professional Services
ICG,Intchains Group Limited American Depositary Shares,$1.26,0.00,0.00%,152186457.00,China,2023,51987,Technology,Semiconductors
ICHR,Ichor Holdings Ordinary Shares,$74.51,0.195,0.262%,2589245598.00,United States,2016,511279,Technology,Semiconductors
ICLR,ICON plc Ordinary Shares,$117.09,-0.29,-0.247%,9455820737.00,Ireland,1998,1185060,Health Care,Biotechnology: Commercial Physical & Biological Resarch
ICMB,Investcorp Credit Management BDC Inc. Common Stock,$1.44,0.00,0.00%,20782760.00,United States,2014,32215,Finance,Finance: Consumer Services
ICON,Icon Energy Corp. Common stock,$1.50,0.03,2.041%,4821104.00,Greece,2024,124078,Consumer Discretionary,Marine Transportation
ICU,SeaStar Medical Holding Corporation Common Stock,$4.20,-0.40,-8.696%,16787408.00,United States,2021,169741,Health Care,Medical/Dental Instruments
ICUCW,SeaStar Medical Holding Corporation Warrant,$0.0199,0.0003,1.531%,79540.00,United States,2021,5998,Health Care,Medical/Dental Instruments
ICUI,ICU Medical Inc. Common Stock,$122.99,0.95,0.778%,3073961019.00,United States,1992,223106,Health Care,Medical/Dental Instruments
IDAI,T Stamp Inc. Class A Common Stock,$2.31,0.21,10.00%,12022113.00,United States,,49659,Technology,Computer Software: Prepackaged Software
IDCC,InterDigital Inc. Common Stock,$269.31,-0.90,-0.333%,6960324760.00,United States,,252924,Miscellaneous,Multi-Sector Companies
IDN,Intellicheck Inc. Common Stock,$4.57,0.12,2.697%,92548080.00,United States,1999,1405585,Technology,Computer Software: Prepackaged Software
IDXX,IDEXX Laboratories Inc. Common Stock,$532.86,4.18,0.791%,42033593781.00,United States,1991,786083,Health Care,Biotechnology: In Vitro & In Vivo Diagnostic Substances
IDYA,IDEAYA Biosciences Inc. Common Stock,$28.84,-0.06,-0.208%,2533908933.00,United States,2019,750076,Health Care,Biotechnology: Pharmaceutical Preparations
IEAG,Infinite Eagle Acquisition Corp. Class A Ordinary Shares,$10.04,0.00,0.00%,0.00,United States,2026,109550,Finance,Blank Checks
IEAGR,Infinite Eagle Acquisition Corp. Rights,$0.20,0.00,0.00%,0.00,United States,2026,621,Finance,Blank Checks
IEAGU,Infinite Eagle Acquisition Corp. Unit,$10.25,0.04,0.392%,0.00,United States,2026,1087,,
IEP,Icahn Enterprises L.P. Common Stock,$8.11,0.10,1.248%,5450329985.00,United States,,1090142,Consumer Discretionary,Auto Parts:O.E.M.
IESC,IES Holdings Inc. Common Stock,$697.21,19.43,2.867%,13891133255.00,United States,,199036,Industrials,Engineering & Construction
IFBD,Infobird Co. Ltd Ordinary Shares,$0.884,-0.076,-7.917%,7238699.00,China,2021,2569,Technology,Computer Software: Prepackaged Software
IFRX,InflaRx N.V. Common Stock,$2.38,-0.14,-5.556%,172057004.00,Germany,2017,2350644,Health Care,Biotechnology: Pharmaceutical Preparations
IGIC,International General Insurance Holdings Ltd. Ordinary Share,$25.04,0.43,1.747%,1072769089.00,Jordan,2018,24349,Finance,Property-Casualty Insurers
IHRT,iHeartMedia Inc. Class A Common Stock,$4.765,-0.445,-8.541%,720241172.00,United States,,1390135,Consumer Discretionary,Broadcasting
III,Information Services Group Inc. Common Stock,$4.25,-0.01,-0.235%,203316915.00,United States,,342520,Consumer Discretionary,Professional Services
IIIV,i3 Verticals Inc. Class A Common Stock,$18.69,-0.195,-1.033%,522039997.00,United States,2018,460829,Technology,Computer Software: Prepackaged Software
IINN,Inspira Technologies Oxy B.H.N. Ltd. Ordinary Shares,$0.3957,-0.0093,-2.296%,17377956.00,Israel,2021,282277,Health Care,Medical/Dental Instruments
IINNW,Inspira Technologies Oxy B.H.N. Ltd. Warrant,$0.0481,-0.0206,-29.985%,2112408.00,Israel,2021,1984,Health Care,Medical/Dental Instruments
IKT,Inhibikase Therapeutics Inc. Common Stock,$1.86,-0.04,-2.105%,245580703.00,United States,2020,287397,Health Care,Biotechnology: Biological Products (No Diagnostic Substances)
ILAG,Intelligent Living Application Group Inc. Ordinary Shares,$4.29,0.18,4.38%,8910107.00,Hong Kong,2022,21105,Consumer Discretionary,Office Equipment/Supplies/Services
ILLR,Triller Group Inc. Common Stock,$0.217,-0.021,-8.824%,43149229.00,United States,2019,446132,Finance,Investment Managers
ILLRW,Triller Group Inc. Warrant,$0.0277,0.0004,1.465%,5507989.00,United States,2019,399,Finance,Investment Managers
ILLUU,Illumination Acquisition Corp I Units,$9.96,0.00,0.00%,0.00,United States,2026,629,Finance,Blank Checks
ILMN,Illumina Inc. Common Stock,$143.24,-1.76,-1.214%,21672212000.00,United States,2000,2008082,Health Care,Medical Specialities
ILPT,Industrial Logistics Properties Trust Common Shares of Beneficial Interest,$7.95,0.27,3.516%,529990494.00,United States,2018,415356,Real Estate,Real Estate Investment Trusts
IMA,ImageneBio Inc. Common Stock,$5.91,0.14,2.426%,66659658.00,United States,2021,11755,Health Care,Biotechnology: Biological Products (No Diagnostic Substances)
IMCC,IM Cannabis Corp. Common Shares,$0.243,-0.0082,-3.264%,1432439.00,Canada,,136610,Health Care, Medicinal Chemicals and Botanical Products 
IMCR,Immunocore Holdings plc American Depositary Shares,$28.76,-0.19,-0.656%,1383020831.00,United Kingdom,2021,151910,Health Care,Biotechnology: Biological Products (No Diagnostic Substances)
IMDX,Insight Molecular Diagnostics Inc. Common Stock,$6.42,1.32,25.882%,207302872.00,United States,,1165638,Health Care,Biotechnology: In Vitro & In Vivo Diagnostic Substances
IMKTA,Ingles Markets Incorporated Class A Common Stock,$86.10,0.86,1.009%,1635415774.00,United States,1987,133605,Consumer Staples,Food Chains
IMMP,Immutep Limited American Depositary Shares,$0.4514,-0.0125,-2.695%,66442484.00,Australia,,569857,Health Care,Biotechnology: Pharmaceutical Preparations
IMMR,Immersion Corporation Common Stock,$6.23,-0.16,-2.504%,206215816.00,United States,1999,346918,Technology,Computer peripheral equipment
IMMX,Immix Biopharma Inc. Common Stock,$10.10,-0.39,-3.718%,549555413.00,United States,2021,759923,Health Care,Biotechnology: Pharmaceutical Preparations
IMNM,Immunome Inc. Common Stock,$22.02,-0.18,-0.811%,2493773676.00,United States,2020,603788,Health Care,Biotechnology: Pharmaceutical Preparations
IMNN,Imunon Inc. Common Stock,$2.55,-0.05,-1.923%,10715401.00,United States,,23556,Health Care,Biotechnology: Pharmaceutical Preparations
IMOS,ChipMOS TECHNOLOGIES INC. American Depositary Shares,$53.61,-0.94,-1.723%,1876304753.00,Taiwan,,77026,Technology,Semiconductors
IMPP,Imperial Petroleum Inc. Common Shares,$4.85,-0.09,-1.822%,219286241.00,Greece,,454576,Consumer Discretionary,Marine Transportation
IMPPP,Imperial Petroleum Inc. 8.75% Series A Cumulative Redeemable Perpetual Preferred Shares,$25.87,-0.1695,-0.651%,1169677332.00,Greece,,155,Consumer Discretionary,Marine Transportation
IMRN,Immuron Limited American Depositary Shares,$1.11,0.22,24.719%,7443104.00,Australia,2017,262772,Health Care,Biotechnology: Pharmaceutical Preparations
IMRX,Immuneering Corporation Class A Common Stock,$5.14,-0.24,-4.461%,332543747.00,United States,2021,880841,Health Care,Biotechnology: Pharmaceutical Preparations
IMSR,Terrestrial Energy Inc. Common Stock  ,$8.15,1.03,14.466%,670705489.00,United States,2024,5728765,,
IMSRW,Terrestrial Energy Inc. Warrant,$3.68,0.20,5.747%,0.00,United States,2024,163996,,
IMTE,Integrated Media Technology Limited Ordinary Shares,$0.5605,0.0155,2.844%,1931726.00,Australia,,27707,Consumer Staples,Consumer Electronics/Appliances
IMTX,Immatics N.V. Ordinary Shares,$11.17,0.38,3.522%,1497858754.00,Germany,,308881,Health Care,Biotechnology: Biological Products (No Diagnostic Substances)
IMUX,Immunic Inc. Common Stock,$12.655,-0.295,-2.278%,172380412.00,United States,2014,213579,Health Care,Biotechnology: Pharmaceutical Preparations
IMVT,Immunovant Inc. Common Stock,$28.96,-0.29,-0.991%,5894291933.00,United States,2019,1218882,Health Care,Biotechnology: Biological Products (No Diagnostic Substances)
IMXI,International Money Express Inc. Common Stock,$15.23,0.08,0.528%,458339113.00,United States,2017,959886,Real Estate,Real Estate
INAB,IN8bio Inc. Common Stock,$1.59,0.00,0.00%,15656872.00,United States,2021,23357,Health Care,Biotechnology: Biological Products (No Diagnostic Substances)
INAC,Indigo Acquisition Corp. Ordinary Shares,$10.20,0.00,0.00%,0.00,United States,2025,143,,
INACR,Indigo Acquisition Corp. Right,$0.15,0.0299,24.896%,0.00,United States,2025,4193,,
INBK,First Internet Bancorp Common Stock,$23.85,-0.09,-0.376%,207892389.00,United States,,38293,Finance,Major Banks
INBKZ,First Internet Bancorp 6.0% Fixed-to-Floating Rate Subordinated Notes Due 2029,$25.30,0.10,0.397%,220441278.00,United States,,8386,Finance,Major Banks
INBS,Intelligent Bio Solutions Inc. Common Stock,$4.11,0.12,3.008%,9830487.00,United States,2020,659265,Health Care,Medical/Dental Instruments
INBX,Inhibrx Biosciences Inc. Common Stock,$116.16,-1.79,-1.518%,1696782342.00,United States,,563691,Health Care,Biotechnology: Biological Products (No Diagnostic Substances)
INCR,Intercure Ltd. Ordinary Shares,$0.82,0.00,0.00%,44838695.00,Israel,,6315,Health Care,Biotechnology: Pharmaceutical Preparations
INCY,Incyte Corp. Common Stock,$97.63,-1.19,-1.204%,19502348937.00,United States,,1350400,Health Care,Biotechnology: Commercial Physical & Biological Resarch
INDB,Independent Bank Corp. Common Stock,$76.92,0.75,0.985%,3717321301.00,United States,,278941,Finance,Major Banks
INDI,indie Semiconductor Inc. Class A Common Stock,$4.32,-0.19,-4.213%,980224148.00,United States,,4582058,Technology,Semiconductors
INDP,Indaptus Therapeutics Inc. Common Stock,$1.75,0.00,0.00%,3924067.00,United States,,5493,Health Care,Biotechnology: Pharmaceutical Preparations
INDV,Indivior Pharmaceuticals Inc. Common Stock,$37.83,-0.52,-1.356%,4720042291.00,United Kingdom,,1278299,Health Care,Biotechnology: Pharmaceutical Preparations
INEO,INNEOVA Holdings Limited Class A Ordinary Shares,$0.6334,0.0634,11.123%,10242473.00,Singapore,2024,318189,Consumer Discretionary,Motor Vehicles
INGN,Inogen Inc Common Stock,$6.80,-0.01,-0.147%,184106709.00,United States,2014,252806,Health Care,Industrial Specialties
INHD,Inno Holdings Inc. Common Stock,$1.46,0.08,5.797%,3680165.00,United States,2023,179418,Industrials,Steel/Iron Ore
INKT,MiNK Therapeutics Inc. Common Stock,$10.51,-0.54,-4.887%,52359758.00,United States,2021,65640,Health Care,Biotechnology: Biological Products (No Diagnostic Substances)
INLF,INLIF LIMITED Class A Ordinary Shares,$4.27,-0.05,-1.157%,58952688.00,China,2025,1648,Industrials,Industrial Machinery/Components
INM,InMed Pharmaceuticals Inc. Common Shares,$0.6501,0.0161,2.539%,1823001.00,Canada,,15035,Health Care,Biotechnology: Pharmaceutical Preparations
INMB,INmune Bio Inc. Common stock,$1.68,0.22,15.068%,44663233.00,United States,2019,4276175,Health Care,Biotechnology: Biological Products (No Diagnostic Substances)
INMD,InMode Ltd. Ordinary Shares,$14.05,0.01,0.071%,890190438.00,Israel,2019,978764,Health Care,Biotechnology: Electromedical & Electrotherapeutic Apparatus
INNV,InnovAge Holding Corp. Common Stock,$7.43,0.04,0.541%,1008521400.00,United States,2021,318874,Health Care,Medical/Nursing Services
INO,Inovio Pharmaceuticals Inc. Common Stock,$1.36,0.02,1.493%,111891602.00,United States,,2512720,Health Care,Medical/Dental Instruments
INOD,Innodata Inc. Common Stock,$90.15,0.20,0.222%,2943880524.00,United States,1993,2791977,Technology,EDP Services
INSE,Inspired Entertainment Inc. Common Stock,$7.34,-0.01,-0.136%,195797106.00,United States,2014,61710,Technology,Computer Software: Prepackaged Software
INSG,Inseego Corp. Common Stock,$14.08,-0.98,-6.507%,229176035.00,United States,,349523,Telecommunications,Telecommunications Equipment
INSM,Insmed Incorporated Common Stock,$115.62,-2.37,-2.009%,25060918385.00,United States,,2761719,Health Care,Biotechnology: Pharmaceutical Preparations
INTA,Intapp Inc. Common Stock,$20.80,-0.69,-3.211%,1602881176.00,United States,2021,1901718,Technology,Computer Software: Prepackaged Software
INTC,Intel Corporation Common Stock,$115.93,-4.36,-3.625%,582664180000.00,United States,,118280328,Technology,Semiconductors
INTG,Intergroup Corporation (The) Common Stock,$38.37,-0.57,-1.464%,82449916.00,United States,,33870,Real Estate,Building operators
INTJ,Intelligent Group Limited Class A Ordinary Shares ,$10.15,0.00,0.00%,15605605.00,Hong Kong,2024,229,Consumer Discretionary,Professional Services
INTR,Inter & Co. Inc. Class A Common Shares,$6.06,-0.08,-1.303%,2674409278.00,Brazil,,10042775,Finance,Commercial Banks
INTS,Intensity Therapeutics Inc. Common stock,$4.90,0.13,2.725%,13243818.00,United States,2023,23512,Health Care,Biotechnology: Biological Products (No Diagnostic Substances)
INTU,Intuit Inc. Common Stock,$378.29,6.58,1.77%,104616099500.00,United States,1993,2461927,Technology,Computer Software: Prepackaged Software
INTZ,Intrusion Inc. Common Stock,$0.7782,0.0152,1.992%,15851207.00,United States,,293452,Telecommunications,Computer Communications Equipment
INV,Innventure Inc. Common Stock,$7.32,0.17,2.378%,600934624.00,United States,,2891104,Finance,Blank Checks
INVA,Innoviva Inc. Common Stock,$22.86,-0.28,-1.21%,1687268002.00,United States,2004,633971,Health Care,Biotechnology: Pharmaceutical Preparations
INVE,Identiv Inc. Common Stock,$3.96,-0.86,-17.842%,94834357.00,United States,,473121,Technology,Computer peripheral equipment
INVZ,Innoviz Technologies Ltd. Ordinary shares,$0.7467,-0.1698,-18.527%,160184743.00,Israel,,17689248,Consumer Discretionary,Auto Parts:O.E.M.
IONR,ioneer Ltd American Depositary Shares,$4.55,-0.17,-3.602%,345016677.00,Australia,,86958,Industrials,Mining & Quarrying of Nonmetallic Minerals (No Fuels)
IONS,Ionis Pharmaceuticals Inc. Common Stock,$75.68,-1.92,-2.474%,12507070238.00,United States,,1798306,Health Care,Biotechnology: Pharmaceutical Preparations
IOSP,Innospec Inc. Common Stock,$80.00,0.31,0.389%,1970483760.00,United States,,232293,Industrials,Major Chemicals
IOTR,iOThree Limited Ordinary Shares,$1.96,-0.175,-8.197%,5027402.00,Singapore,2025,13130,Consumer Discretionary,Telecommunications Equipment
IOVA,Iovance Biotherapeutics Inc. Common Stock,$3.52,-0.14,-3.825%,1571688434.00,United States,,12614534,Health Care,Biotechnology: Biological Products (No Diagnostic Substances)
IPAR,Interparfums Inc. Common Stock,$87.72,-1.04,-1.172%,2809301509.00,United States,,164189,Consumer Discretionary,Package Goods/Cosmetics
IPCX,Inflection Point Acquisition Corp. III Class A Ordinary Shares,$10.30,0.00,0.00%,0.00,United States,2025,185844,Finance,Blank Checks
IPCXR,Inflection Point Acquisition Corp. III Rights,$0.3802,0.0201,5.582%,0.00,United States,2025,1850,Finance,Blank Checks
IPDN,Professional Diversity Network Inc. Common Stock,$0.6599,0.0798,13.756%,6944809.00,United States,2013,64787,Technology,Computer Software: Programming Data Processing
IPEX,Inflection Point Acquisition Corp. V Class A Ordinary Shares,$10.46,0.015,0.144%,,United States,2025,39609,Health Care,Biotechnology: Pharmaceutical Preparations
IPFXU,Inflection Point Acquisition Corp. VI Units,$10.15,-0.01,-0.098%,0.00,United States,2026,22586,Finance,Blank Checks
IPGP,IPG Photonics Corporation Common Stock,$105.10,-1.50,-1.407%,4460824042.00,United States,2006,428703,Technology,Semiconductors
IPHA,Innate Pharma S.A. ADS,$2.17,0.85,64.394%,203524393.00,France,2019,2385258,Health Care,Biotechnology: Biological Products (No Diagnostic Substances)
IPM,Intelligent Protection Management Corp. Common Stock ,$1.94,-0.01,-0.513%,17529314.00,United States,,27420,Technology,Computer Software: Programming Data Processing
IPOD,Dune Acquisition Corporation II Class A Ordinary Shares,$10.37,0.00,0.00%,0.00,United States,2025,122,Finance,Blank Checks
IPSC,Century Therapeutics Inc. Common Stock,$2.38,0.10,4.386%,429244445.00,United States,2021,756927,Health Care,Biotechnology: Biological Products (No Diagnostic Substances)
IPST,IP Strategy Holdings Inc. Common Stock,$8.06,2.26,38.966%,4389049.00,United States,2024,478845,Consumer Staples,Beverages (Production/Distribution)
IPW,iPower Inc. Common Stock,$0.93,0.1141,13.985%,1229904.00,United States,2021,2193963,Consumer Discretionary,RETAIL: Building Materials
IPWR,Ideal Power Inc. Common Stock,$7.38,2.00,37.175%,89710549.00,United States,2013,2356818,Technology,Semiconductors
IPX,IperionX Limited American Depositary Share,$39.185,-2.345,-5.647%,1329876478.00,United States,,345148,Basic Materials,Other Metals and Minerals
IQ,iQIYI Inc. American Depositary Shares,$1.18,0.00,0.00%,1138729187.00,China,2018,2880277,Consumer Discretionary,Consumer Electronics/Video Chains
IQST,iQSTEL Inc. Common Stock,$1.30,0.04,3.175%,6591966.00,United States,,118412,Telecommunications,Telecommunications Equipment
IRD,Opus Genetics Inc. Common Stock,$4.97,-0.06,-1.193%,404535829.00,United States,,905675,Health Care,Biotechnology: Pharmaceutical Preparations
IRDM,Iridium Communications Inc Common Stock,$43.43,0.34,0.789%,4591755922.00,United States,,2540410,Telecommunications,Telecommunications Equipment
IREN,IREN Limited Ordinary Shares,$58.40,3.23,5.855%,20870914562.00,Australia,2021,58403214,Technology,EDP Services
IRHO,Iron Horse Acquisitions II Corp. Common Stock,$9.99,0.00,0.00%,0.00,United States,2026,33994,,
IRHOR,Iron Horse Acquisitions Corp. II Rights,$0.165,0.0049,3.061%,0.00,United States,2026,3199,,
IRHOU,Iron Horse Acquisitions II Corp. Units,$10.13,0.01,0.099%,0.00,United States,2025,45227,Finance,Blank Checks
IRIX,IRIDEX Corporation Common Stock,$1.01,-0.02,-1.942%,17569304.00,United States,1996,39712,Health Care,Biotechnology: Electromedical & Electrotherapeutic Apparatus
IRMD,iRadimed Corporation Common Stock,$86.89,1.62,1.90%,1110717911.00,United States,2014,72782,Health Care,Medical/Dental Instruments
IRON,Disc Medicine Inc. Common Stock,$69.70,-0.33,-0.471%,2662476503.00,United States,,560864,Health Care,Biotechnology: Pharmaceutical Preparations
IRTC,iRhythm Holdings Inc. Common Stock,$114.16,-0.50,-0.436%,3751572497.00,United States,2016,371015,Health Care,Medical/Dental Instruments
IRWD,Ironwood Pharmaceuticals Inc. Class A Common Stock,$3.67,-0.01,-0.272%,604131200.00,United States,2010,2425113,Health Care,Biotechnology: Pharmaceutical Preparations
ISBA,Isabella Bank Corporation Common stock,$41.71,1.06,2.608%,305841119.00,United States,,17337,Finance,Major Banks
ISPC,iSpecimen Inc. Common Stock,$3.97,-0.24,-5.701%,2943977.00,United States,2021,188907,Health Care,Biotechnology: Commercial Physical & Biological Resarch
ISPR,Ispire Technology Inc. Common Stock,$1.73,0.01,0.581%,99300955.00,United States,2023,34141,Health Care, Medicinal Chemicals and Botanical Products 
ISRG,Intuitive Surgical Inc. Common Stock,$428.06,-4.21,-0.974%,151602946147.00,United States,2000,2171881,Health Care,Industrial Specialties
ISSC,Innovative Solutions and Support Inc. Common Stock,$17.41,-3.18,-15.444%,309520952.00,United States,2000,2463260,Technology,EDP Services
ISTR,Investar Holding Corporation Common Stock,$27.87,0.24,0.869%,384427214.00,United States,2014,120011,Finance,Major Banks
ITHAW,ITHAX Acquisition Corp III Warrants,$0.21,-0.02,-8.696%,0.00,United States,2026,25200,,
ITIC,Investors Title Company Common Stock,$237.59,5.59,2.409%,448568970.00,United States,,18744,Finance,Specialty Insurers
ITOC,iTonic Holdings Ltd Class A Ordinary Shares,$0.311,0.0009,0.29%,5302550.00,China,2024,31009,Health Care,Biotechnology: Electromedical & Electrotherapeutic Apparatus
ITRI,Itron Inc. Common Stock,$81.53,-0.69,-0.839%,3614986961.00,United States,1993,750421,Industrials,Electrical Products
ITRN,Ituran Location and Control Ltd. Ordinary Shares,$58.83,-0.16,-0.271%,1170339311.00,Israel,2005,71089,Technology,Electronic Components
IVA,Inventiva S.A. American Depository Shares,$5.55,0.01,0.181%,1152776486.00,France,2020,137235,Health Care,Biotechnology: Pharmaceutical Preparations
IVDA,Iveda Solutions Inc. Common Stock,$0.318,0.035,12.367%,3542437.00,United States,,280699,Technology,Computer Software: Prepackaged Software
IVDAW,Iveda Solutions Inc. Warrant,$0.0366,-0.0125,-25.458%,407714.00,United States,,19462,Technology,Computer Software: Prepackaged Software
IVF,INVO Fertility Inc. Common Stock,$1.56,-0.015,-0.952%,2171862.00,United States,,34025,Health Care,Medical/Dental Instruments
IVVD,Invivyd Inc. Common Stock,$1.16,-0.31,-21.088%,328052481.00,United States,2021,11553457,Health Care,Biotechnology: Biological Products (No Diagnostic Substances)
IXHL,Incannex Healthcare Inc. Common Stock,$3.88,0.03,0.779%,46343934.00,Australia,,288301,Health Care,Biotechnology: Pharmaceutical Preparations
IZEA,IZEA Worldwide Inc. Common Stock,$3.77,-0.10,-2.584%,66025333.00,United States,,64605,Consumer Discretionary,Advertising
IZM,ICZOOM Group Inc. Class A Ordinary Shares,$0.415,0.0015,0.363%,4987516.00,China,2023,372585,Consumer Discretionary,Consumer Electronics/Video Chains
JACK,Jack In The Box Inc. Common Stock,$10.98,-1.81,-14.152%,209428304.00,United States,,2716966,Consumer Discretionary,Restaurants
JAGX,Jaguar Health Inc. Common Stock,$3.94,0.61,18.318%,55334451.00,United States,2015,66887,Health Care,Biotechnology: Pharmaceutical Preparations
JAKK,JAKKS Pacific Inc. Common Stock,$21.55,0.04,0.186%,246627057.00,United States,1996,32604,Consumer Discretionary,Recreational Games/Products/Toys
JANX,Janux Therapeutics Inc. Common Stock,$14.39,-0.22,-1.506%,877564854.00,United States,2021,793967,Health Care,Biotechnology: Pharmaceutical Preparations
JATT,JATT II Acquisition Corp Ordinary Shares,$10.5466,0.0266,0.253%,0.00,United States,2026,313,,
JAZZ,Jazz Pharmaceuticals plc Common Stock (Ireland),$231.05,-1.28,-0.551%,14496728561.00,Ireland,2007,695985,Health Care,Biotechnology: Pharmaceutical Preparations
JBDI,JBDI Holdings Limited Ordinary Shares,$0.59,0.00,0.00%,11227148.00,Singapore,2024,4712,,
JBHT,J.B. Hunt Transport Services Inc. Common Stock,$254.66,16.86,7.09%,24014235036.00,United States,,2214589,Industrials,Trucking Freight/Courier Services
JBIO,Jade Biosciences Inc. Common Stock,$24.13,-0.94,-3.75%,1191053784.00,United States,2021,196613,Health Care,Biotechnology: Pharmaceutical Preparations
JBLU,JetBlue Airways Corporation Common Stock,$4.88,0.18,3.83%,1815452203.00,United States,2002,28846350,Consumer Discretionary,Air Freight/Delivery Services
JBSS,John B. Sanfilippo & Son Inc. Common Stock,$74.75,-0.93,-1.229%,873795731.00,United States,1991,96967,Consumer Staples,Specialty Foods
JCAP,Jefferson Capital Inc. Common Stock,$18.69,0.03,0.161%,1153389580.00,United States,2025,160330,Finance,Finance Companies
JCSE,JE Cleantech Holdings Limited Ordinary Shares,$1.27,-0.13,-9.286%,6670954.00,Singapore,2022,24189,Consumer Discretionary,Miscellaneous manufacturing industries
JCTC,Jewett-Cameron Trading Company Common Shares,$2.00,0.01,0.503%,7040226.00,United States,,3865,Consumer Discretionary,RETAIL: Building Materials
JD,JD.com Inc. American Depositary Shares,$32.86,-0.91,-2.695%,44880869254.00,China,2014,13854451,Consumer Discretionary,Other Specialty Stores
JDZG,JIADE LIMITED Class A Ordinary Shares,$1.67,-0.02,-1.183%,7205711.00,China,2024,92279,Real Estate,Other Consumer Services
JEM,707 Cayman Holdings Limited Ordinary Shares,$1.42,0.195,15.918%,2557801.00,China,2025,89683,Consumer Discretionary,Clothing/Shoe/Accessory Stores
JF,J and Friends Holdings Limited American Depositary Shares,$1.01,-0.001,-0.099%,18523556.00,China,2018,2980,Technology,Computer Software: Programming Data Processing
JFB,JFB Construction Holdings Class A Common Stock,$5.28,-0.16,-2.941%,75017712.00,United States,2025,303575,Consumer Discretionary,General Bldg Contractors - Nonresidential Bldgs
JFIN,Jiayin Group Inc. American Depositary Shares,$4.51,0.01,0.222%,236006252.00,China,2019,49321,Finance,Finance: Consumer Services
JFU,9F Inc. American Depositary Shares,$3.96,0.02,0.508%,46622399.00,China,2019,2371,Finance,Finance: Consumer Services
JG,Aurora Mobile Limited American Depositary Shares,$6.20,-0.22,-3.427%,36961815.00,China,2018,7222,Technology,Computer Software: Programming Data Processing
JJSF,J & J Snack Foods Corp. Common Stock,$70.72,-0.85,-1.188%,1326241580.00,United States,1986,261938,Consumer Staples,Specialty Foods
JKHY,Jack Henry & Associates Inc. Common Stock,$134.03,-7.40,-5.232%,9522936043.00,United States,1985,2265737,Technology,EDP Services
JL,J-Long Group Limited Class A Ordinary Shares,$6.605,0.205,3.203%,24846035.00,Hong Kong,2024,2090,Consumer Discretionary,Clothing/Shoe/Accessory Stores
JLHL,Julong Holding Limited Class A Ordinary Shares,$19.78,2.78,16.353%,424253941.00,China,2025,55225,Consumer Discretionary,Military/Government/Technical
JMSB,John Marshall Bancorp Inc. Common Stock,$20.88,0.28,1.359%,294663216.00,United States,,67668,Finance,Major Banks
JOUT,Johnson Outdoors Inc. Class A Common Stock,$39.76,0.33,0.837%,416473754.00,United States,,55624,Consumer Discretionary,Recreational Games/Products/Toys
JOYY,JOYY Inc. American Depositary Shares,$57.35,-2.26,-3.791%,2966256241.00,Singapore,2012,261514,Technology,EDP Services
JRSH,Jerash Holdings (US) Inc. Common Stock,$3.31,0.06,1.846%,42036801.00,United States,2018,790122,Consumer Discretionary,Apparel
JRVR,James River Group Holdings Inc. Common Stock,$4.15,0.05,1.22%,191882952.00,Bermuda,2014,479033,Finance,Property-Casualty Insurers
JSM,Navient Corporation 6% Senior Notes due December 15 2043,$18.65,-0.12,-0.639%,1854388859.00,United States,,10522,Finance,Investment Bankers/Brokers/Service
JSPR,Jasper Therapeutics Inc. Common Stock,$0.959,0.0389,4.228%,26848949.00,United States,2020,180469,Health Care,Biotechnology: Biological Products (No Diagnostic Substances)
JSPRW,Japer Therapeutics Inc. Warrants,$0.0133,0.0027,25.472%,372358.00,United States,2020,11450,Health Care,Biotechnology: Biological Products (No Diagnostic Substances)
JTAI,Jet.AI Inc. Common Stock,$6.84,0.55,8.744%,4076968.00,United States,2021,87605,Consumer Discretionary,Transportation Services
JUNS,Jupiter Neurosciences Inc. Common Stock,$0.3495,0.0131,3.894%,12680298.00,United States,2024,62748,Health Care,Biotechnology: Pharmaceutical Preparations
JVA,Coffee Holding Co. Inc. Common Stock,$4.29,-0.03,-0.694%,24489890.00,United States,2005,39661,Consumer Staples,Packaged Foods
JWEL,Jowell Global Ltd. Ordinary Shares,$2.33,-0.05,-2.101%,5536385.00,China,2021,983,Consumer Discretionary,Other Consumer Services
JXG,JX Luxventure Group Inc. Common Stock,$5.2677,0.4177,8.612%,9832805.00,China,2013,3005,Consumer Staples,Apparel
JYD,Jayud Global Logistics Limited Class A Ordinary Shares,$5.12,-0.37,-6.74%,42490368.00,China,2023,26408,Industrials,Integrated Freight & Logistics
JYNT,The Joint Corp. Common Stock,$8.21,-0.09,-1.084%,117036801.00,United States,2014,65837,Miscellaneous,Multi-Sector Companies
JZ,Jianzhi Education Technology Group Company Limited American Depositary Shs,$0.995,0.064,6.874%,47013133.00,China,2022,138849,Real Estate,Other Consumer Services
JZXN,Jiuzi Holdings Inc. Ordinary Shares,$1.18,0.03,2.609%,1568032.00,China,2021,395273,Consumer Discretionary,Retail-Auto Dealers and Gas Stations
KALA,KALA BIO Inc. Common Stock,$3.09,0.03,0.98%,57442581.00,United States,2017,30834,Health Care,Biotechnology: Pharmaceutical Preparations
KALU,Kaiser Aluminum Corporation Common Stock,$177.84,-1.58,-0.881%,2906013371.00,United States,,139056,Industrials,Metal Fabrications
KALV,KalVista Pharmaceuticals Inc. Common Stock,$26.76,-0.04,-0.149%,1352618801.00,United Kingdom,2015,3472220,Health Care,Biotechnology: Pharmaceutical Preparations
KARO,Karooooo Ltd. Ordinary Shares,$44.59,-2.88,-6.067%,1377532247.00,Singapore,2021,230910,Technology,Computer Software: Prepackaged Software
KBON,Karbon Capital Partners Corp. Class A Ordinary Shares,$10.09,0.01,0.099%,0.00,United States,2026,60336,Finance,Blank Checks
KBONU,Karbon Capital Partners Corp. Units,$10.265,0.035,0.342%,0.00,United States,2025,5001,Finance,Blank Checks
KBSX,FST Corp. Ordinary Shares,$1.30,0.01,0.775%,58195804.00,Taiwan,,121748,Consumer Discretionary,Recreational Games/Products/Toys
KC,Kingsoft Cloud Holdings Limited American Depositary Shares,$16.94,-0.98,-5.469%,5071322108.00,China,2020,2284661,Technology,Computer Software: Prepackaged Software
KCHV,Kochav Defense Acquisition Corp. Class A Ordinary Shares,$10.31,-0.01,-0.097%,0.00,United States,2025,454,,
KCHVR,Kochav Defense Acquisition Corp. Right,$0.24,0.00,0.00%,0.00,United States,2025,4170,Finance,Blank Checks
KDK,Kodiak AI Inc. Common Stock ,$8.06,0.07,0.876%,1481834345.00,United States,,1028381,Technology,EDP Services
KDKRW,Kodiak AI Inc. Warrants,$1.39,-0.06,-4.138%,255552077.00,United States,,79387,Technology,EDP Services
KDP,Keurig Dr Pepper Inc. Common Stock,$29.10,-0.21,-0.716%,39592280606.00,United States,,7724969,Consumer Staples,Beverages (Production/Distribution)
KE,Kimball Electronics Inc. Common Stock,$25.01,0.06,0.24%,601463614.00,United States,,150364,Technology,Electrical Products
KEEL,Keel Infrastructure Corp. Common Stock,$4.61,0.46,11.084%,2779143742.00,Canada,,49003383,Finance,Finance: Consumer Services
KELYA,Kelly Services Inc. Class A Common Stock,$9.81,0.04,0.409%,340104754.00,United States,,364490,Consumer Discretionary,Professional Services
KELYB,Kelly Services Inc. Class B Common Stock,$15.99,-0.16,-0.991%,554360348.00,United States,,1910,Consumer Discretionary,Professional Services
KEQU,Kewaunee Scientific Corporation Common Stock,$38.68,1.01,2.681%,110871733.00,United States,,1868,Industrials,Medical Specialities
KFFB,Kentucky First Federal Bancorp Common Stock,$4.66,0.37,8.625%,37684092.00,United States,2005,345,Finance,Savings Institutions
KFII,K&F Growth Acquisition Corp. II Class A Ordinary shares,$10.51,0.01,0.095%,0.00,United States,2025,500,,
KG,Kestrel Group Ltd.,$11.73,0.42,3.714%,91775872.00,Bermuda,2008,3411,Finance,Property-Casualty Insurers
KGEI,Kolibri Global Energy Inc. Common stock,$5.45,0.20,3.81%,193561023.00,United States,,97509,Energy,Oil & Gas Production
KHC,The Kraft Heinz Company Common Stock,$23.31,0.13,0.561%,27640476742.00,United States,,16235856,Consumer Staples,Packaged Foods
KIDS,OrthoPediatrics Corp. Common Stock,$17.90,0.11,0.618%,459761393.00,United States,2017,204701,Health Care,Medical/Dental Instruments
KIDZ,Classover Holdings Inc. Class B Common Stock,$0.55,0.018,3.383%,3805214.00,United States,,596347,Real Estate,Other Consumer Services
KIDZW,Classover Holdings Inc. Warrants,$0.0138,0.00,0.00%,95476.00,United States,,60,Real Estate,Other Consumer Services
KINS,Kingstone Companies Inc. Common Stock,$14.86,0.70,4.944%,215244737.00,United States,,146437,Finance,Property-Casualty Insurers
KITT,Nauticus Robotics Inc. Common stock,$2.00,0.01,0.503%,10005850.00,United States,2021,290308,Industrials,Industrial Machinery/Components
KITTW,Nauticus Robotics Inc. Warrant,$0.0264,0.0004,1.538%,132077.00,United States,2021,79513,Industrials,Industrial Machinery/Components
KLAC,KLA Corporation Common Stock,$1892.94,43.23,2.337%,247270059602.00,United States,1980,810287,Technology,Electronic Components
KLIC,Kulicke and Soffa Industries Inc. Common Stock,$104.09,-0.18,-0.173%,5447329167.00,Singapore,,651588,Technology,Semiconductors
KLRA,Kailera Therapeutics Inc. Common Stock,$21.50,0.39,1.847%,2643398620.00,United States,2026,340465,Health Care,Biotechnology: Pharmaceutical Preparations
KLRS,Kalaris Therapeutics Inc. Common Stock,$5.22,0.39,8.075%,124195691.00,United States,2020,171902,Health Care,Biotechnology: Biological Products (No Diagnostic Substances)
KLTR,Kaltura Inc. Common Stock,$1.51,0.06,4.138%,227065860.00,United States,2021,546872,Technology,Computer Software: Prepackaged Software
KLXE,KLX Energy Services Holdings Inc. Common Stock,$4.02,-0.25,-5.855%,80045271.00,United States,,460397,Energy,Oilfield Services/Equipment
KMB,Kimberly-Clark Corporation Common Stock,$96.67,-0.37,-0.381%,32088674311.00,United States,,3366257,Consumer Discretionary,Containers/Packaging
KMDA,Kamada Ltd. Ordinary Shares,$8.025,0.165,2.099%,462930599.00,Israel,2013,68194,Health Care,Biotechnology: Pharmaceutical Preparations
KMRK,K-Tech Solutions Company Limited Class A Ordinary Shares,$2.58,-0.05,-1.901%,54438000.00,Hong Kong,2025,15478,Consumer Discretionary,Recreational Games/Products/Toys
KMTS,Kestra Medical Technologies Ltd. Common Stock,$22.07,0.62,2.89%,1288299901.00,United States,2025,260216,Health Care,Medical/Dental Instruments
KNDI,Kandi Technologies Group Inc. Ordinary Shares,$0.679,0.0383,5.978%,68182033.00,China,,151358,Industrials,Auto Manufacturing
KNSA,Kiniksa Pharmaceuticals International plc Class A Ordinary Shares,$58.54,-0.58,-0.981%,4503951457.00,United States,2018,410093,Health Care,Biotechnology: Pharmaceutical Preparations
KOD,Kodiak Sciences Inc Common Stock,$38.70,-0.91,-2.297%,2421785667.00,United States,2018,474294,Health Care,Biotechnology: Biological Products (No Diagnostic Substances)
KOPN,Kopin Corporation Common Stock,$5.52,0.50,9.96%,1009720111.00,United States,1992,10339561,Technology,Semiconductors
KOSS,Koss Corporation Common Stock,$3.87,0.07,1.842%,36635115.00,United States,,13560,Consumer Staples,Consumer Electronics/Appliances
KOYN,CSLM Digital Asset Acquisition Corp III Class A Ordinary Shares,$10.11,-0.01,-0.099%,0.00,United States,2025,5984,,
KOYNU,CSLM Digital Asset Acquisition Corp III Units,$10.25,0.00,0.00%,0.00,United States,2025,259,,
KPLT,Katapult Holdings Inc. Common Stock,$6.64,-0.07,-1.043%,31639985.00,United States,2019,6901,Consumer Discretionary,Diversified Commercial Services
KPLTW,Katapult Holdings Inc. Warrant,$0.0015,-0.0003,-16.667%,7148.00,United States,2019,6500,Consumer Discretionary,Diversified Commercial Services
KPRX,Kiora Pharmaceuticals Inc.  Common Stock,$2.58,-0.11,-4.089%,11434405.00,United States,,257905,Health Care,Biotechnology: Pharmaceutical Preparations
KPTI,Karyopharm Therapeutics Inc. Common Stock,$8.90,0.05,0.565%,200706125.00,United States,2013,1009016,Health Care,Biotechnology: Pharmaceutical Preparations
KRAQ,KRAKacquisition Corp Class A Ordinary Shares,$9.91,0.02,0.202%,0.00,United States,2026,47568,,
KRAQU,KRAKacquisition Corp Unit,$10.06,0.00,0.00%,0.00,United States,2026,2595,,
KRAQW,KRAKacquisition Corp Warrants,$0.47,-0.03,-6.00%,0.00,United States,2026,6912,,
KRKR,36Kr Holdings Inc. American Depositary Shares,$3.54,-0.21,-5.60%,139745759.00,China,2019,13407,Real Estate,Real Estate
KRMD,KORU Medical Systems Inc. Common Stock (DE),$3.98,0.13,3.377%,182813340.00,United States,,258318,Health Care,Medical/Dental Instruments
KRNT,Kornit Digital Ltd. Ordinary Shares,$15.83,-0.65,-3.944%,733569751.00,Israel,2015,1280663,Industrials,Industrial Machinery/Components
KRNY,Kearny Financial Corp Common Stock,$7.99,0.10,1.267%,517265816.00,United States,2005,261447,Finance,Savings Institutions
KROS,Keros Therapeutics Inc. Common Stock,$10.99,-1.00,-8.34%,217468329.00,United States,2020,725401,Health Care,Biotechnology: Pharmaceutical Preparations
KRRO,Korro Bio Inc. Common Stock,$11.08,-0.12,-1.071%,159802087.00,United States,2019,63159,Health Care,Biotechnology: Pharmaceutical Preparations
KRT,Karat Packaging Inc. Common Stock,$26.24,-0.99,-3.636%,523848301.00,United States,2021,94747,Industrials,Plastic Products
KRUS,Kura Sushi USA Inc. Class A Common Stock,$48.17,-1.82,-3.641%,585163476.00,United States,2019,308505,Consumer Discretionary,Restaurants
KRYS,Krystal Biotech Inc. Common Stock,$316.30,3.72,1.19%,9324446823.00,United States,2017,387774,Health Care,Biotechnology: Biological Products (No Diagnostic Substances)
KSCP,Knightscope Inc. Class A Common Stock,$2.94,0.04,1.379%,47871764.00,United States,2022,469825,Telecommunications,Telecommunications Equipment
KSPI,Joint Stock Company Kaspi.kz American Depository Shares,$88.58,0.58,0.659%,16771158330.00,Kazakhstan,2024,257631,,
KTCC,Key Tronic Corporation Common Stock,$3.14,0.02,0.641%,34098105.00,United States,1983,10676,Technology,Electrical Products
KTOS,Kratos Defense & Security Solutions Inc. Common Stock,$54.85,2.36,4.496%,10285471122.00,United States,,5498137,Industrials,Military/Government/Technical
KTTA,Pasithea Therapeutics Corp. Common Stock,$0.7942,0.0092,1.172%,19807307.00,United States,2021,424750,Health Care,Biotechnology: Pharmaceutical Preparations
KTWO,K2 Capital Acquisition Corporation Class A Ordinary Share,$9.99,0.035,0.352%,200211188.00,Cayman Islands,2026,158,,
KTWOR,K2 Capital Acquisition Corporation Rights,$0.19,-0.01,-5.00%,3807820.00,Cayman Islands,2026,231100,,
KURA,Kura Oncology Inc. Common Stock,$9.74,0.26,2.743%,864662315.00,United States,,2022450,Health Care,Biotechnology: Pharmaceutical Preparations
KUST,Kustom Entertainment Inc. Common Stock,$3.20,-0.17,-5.045%,1685162.00,United States,,50105,Technology,Radio And Television Broadcasting And Communications Equipment
KVAC,Keen Vision Acquisition Corporation Ordinary Shares,$12.46,0.00,0.00%,0.00,United States,2023,15,,
KVACW,Keen Vision Acquisition Corporation Warrant,$0.0127,0.0005,4.098%,0.00,United States,2023,1301,,
KVHI,KVH Industries Inc. Common Stock,$10.90,-0.07,-0.638%,212525486.00,United States,1996,198486,Technology,Radio And Television Broadcasting And Communications Equipment
KWM,K Wave Media Ltd. Ordinary Shares,$0.283,0.0008,0.283%,20728004.00,Cayman Islands,,551650,Consumer Discretionary,Movies/Entertainment
KWMWW,K Wave Media Ltd. Warrant,$0.03,-0.0073,-19.571%,2197315.00,Cayman Islands,,900,Consumer Discretionary,Movies/Entertainment
KXIN,Kaixin Holdings Ordinary Shares,$5.66,-0.05,-0.876%,9360299.00,China,2017,208895,Consumer Discretionary,Retail-Auto Dealers and Gas Stations
KYIV,Kyivstar Group Ltd. Common Shares,$13.71,-0.84,-5.773%,3165140285.00,United Arab Emirates,,794217,Telecommunications,Telecommunications Equipment
KYIVW,Kyivstar Group Ltd. Warrant,$5.30,-0.41,-7.18%,1223577207.00,United Arab Emirates,,5767,Telecommunications,Telecommunications Equipment
KYMR,Kymera Therapeutics Inc. Common Stock,$84.50,-1.09,-1.274%,6950766186.00,United States,2020,327498,Health Care,Biotechnology: Biological Products (No Diagnostic Substances)
KYNB,Kyntra Bio Inc. Common Stock,$7.01,0.01,0.143%,28377265.00,United States,2014,9197,Health Care,Biotechnology: Pharmaceutical Preparations
KYTX,Kyverna Therapeutics Inc. Common Stock,$10.74,-0.04,-0.371%,652940577.00,United States,2024,912904,Health Care,Biotechnology: Biological Products (No Diagnostic Substances)
KZIA,Kazia Therapeutics Limited American Depositary Shares,$13.83,-0.17,-1.214%,158034013.00,Australia,,143496,Health Care,Biotechnology: Pharmaceutical Preparations
LAB,Standard BioTools Inc. Common Stock,$0.9997,-0.0103,-1.02%,390251009.00,United States,2011,1323419,Industrials,Biotechnology: Laboratory Analytical Instruments
LABT,Lakewood-Amedex Biotherapeutics Inc. Common Stock,$1.96,-0.99,-33.559%,28067917.00,United States,,411352,Health Care,Biotechnology: Pharmaceutical Preparations
LAES,SEALSQ Corp Ordinary Shares,$3.09,0.13,4.392%,688371657.00,Switzerland,,10810267,Technology,Semiconductors
LAFAR,LaFayette Acquisition Corp. Rights,$0.0901,-0.0101,-10.08%,0.00,France,2025,83580,,
LAKE,Lakeland Industries Inc. Common Stock,$10.49,-0.03,-0.285%,112486420.00,United States,1986,77627,Health Care,Industrial Specialties
LAMR,Lamar Advertising Company Class A Common Stock,$147.41,0.79,0.539%,14958444638.00,United States,1996,696745,Real Estate,Real Estate Investment Trusts
LAND,Gladstone Land Corporation Common Stock,$9.44,-0.09,-0.944%,407209249.00,United States,1993,708721,Real Estate,Real Estate Investment Trusts
LANDO,Gladstone Land Corporation 6.00% Series B Cumulative Redeemable Preferred Stock,$20.93,0.00,0.00%,902848473.00,United States,,9370,Real Estate,Real Estate Investment Trusts
LANDP,Gladstone Land Corporation 6.00% Series C Cumulative Redeemable Preferred Stock,$20.67,0.09,0.437%,891632964.00,United States,,11208,Real Estate,Real Estate Investment Trusts
LARK,Landmark Bancorp Inc. Common Stock,$27.79,0.30,1.091%,169472424.00,United States,,3896,Finance,Major Banks
LASE,Laser Photonics Corporation Common Stock,$0.9243,0.043,4.879%,35648645.00,United States,2022,1207190,Miscellaneous,Industrial Machinery/Components
LASR,nLIGHT Inc. Common Stock,$81.33,0.91,1.132%,4587720303.00,United States,2018,806270,Technology,Semiconductors
LATA,Galata Acquisition Corp. II Class A Ordinary Shares,$10.05,0.00,0.00%,0.00,United States,2025,4,Finance,Blank Checks
LATAW,Galata Acquisition Corp. II Warrant,$0.33,0.00,0.00%,0.00,United States,2025,1,Finance,Blank Checks
LAUR,Laureate Education Inc. Common Stock,$32.49,-0.18,-0.551%,4547894610.00,United States,2017,1001622,Real Estate,Other Consumer Services
LBGJ,Li Bang International Corporation Inc. Class A Ordinary Shares,$0.9891,0.1805,22.323%,1372356.00,China,2024,794374,Industrials,Industrial Machinery/Components
LBRDA,Liberty Broadband Corporation Class A Common Stock,$34.50,1.19,3.573%,4950671685.00,United States,,190029,Telecommunications,Cable & Other Pay Television Services
LBRDK,Liberty Broadband Corporation Class C Common Stock,$34.55,1.15,3.443%,4957846572.00,United States,,1917893,Telecommunications,Cable & Other Pay Television Services
LBRDP,Liberty Broadband Corporation Series A Cumulative Redeemable Preferred Stock,$21.985,0.315,1.454%,3154797594.00,United States,,13905,Telecommunications,Cable & Other Pay Television Services
LBRX,LB Pharmaceuticals Inc Common Stock,$31.41,-0.90,-2.786%,900733639.00,United States,2025,77177,Health Care,Biotechnology: Pharmaceutical Preparations
LBTYA,Liberty Global Ltd. Class A Common Shares,$11.53,-0.14,-1.20%,3898252633.00,United Kingdom,,1613862,Telecommunications,Cable & Other Pay Television Services
LBTYB,Liberty Global Ltd. Class B Common Shares,$14.80,-0.0346,-0.233%,5003828185.00,United Kingdom,,7501,Telecommunications,Cable & Other Pay Television Services
LBTYK,Liberty Global Ltd. Class C Common Shares,$11.26,-0.11,-0.967%,3806966579.00,United Kingdom,,1048720,Telecommunications,Cable & Other Pay Television Services
LCCC,Lakeshore Acquisition III Corp. Ordinary Shares,$10.35,0.00,0.00%,0.00,United States,2025,2,Finance,Blank Checks
LCCCR,Lakeshore Acquisition III Corp. Rights,$0.15,0.00,0.00%,0.00,United States,2025,34,Finance,Blank Checks
LCFY,Locafy Limited Ordinary Share,$4.2501,-0.0749,-1.732%,7646164.00,Australia,2022,4019,Technology,Computer Software: Programming Data Processing
LCFYW,Locafy Limited Warrant,$3.41,0.41,13.667%,6134778.00,Australia,2022,208,Technology,Computer Software: Programming Data Processing
LCID,Lucid Group Inc. Common Stock,$6.27,-0.12,-1.878%,2446910186.00,United States,,15463151,Industrials,Auto Manufacturing
LCNB,LCNB Corporation Common Stock,$16.06,0.24,1.517%,228790872.00,United States,,15454,Finance,Major Banks
LCUT,Lifetime Brands Inc. Common Stock,$7.75,0.75,10.714%,177126312.00,United States,1991,225489,Consumer Discretionary,Industrial Machinery/Components
LE,Lands' End Inc. Common Stock,$10.86,-0.25,-2.25%,333183605.00,United States,,722128,Consumer Discretionary,Clothing/Shoe/Accessory Stores
LECO,Lincoln Electric Holdings Inc. Common Shares,$266.37,1.11,0.418%,14593642491.00,United States,,208670,Industrials,Industrial Machinery/Components
LEDS,SemiLEDS Corporation Common Stock,$2.37,0.06,2.597%,19570638.00,Taiwan,2010,38441,Technology,Semiconductors
LEE,Lee Enterprises Incorporated Common Stock,$7.85,0.03,0.384%,174504998.00,United States,,55317,Consumer Discretionary,Newspapers/Magazines
LEGH,Legacy Housing Corporation Common Stock (TX),$22.65,0.24,1.071%,538653263.00,United States,2018,82373,Consumer Discretionary,Homebuilding
LEGN,Legend Biotech Corporation American Depositary Shares,$28.60,-0.07,-0.244%,5289731533.00,United States,2020,2223888,Health Care,Biotechnology: Pharmaceutical Preparations
LENZ,LENZ Therapeutics Inc. Common Stock,$7.29,-0.76,-9.441%,228573532.00,United States,2021,998732,Health Care,Biotechnology: Biological Products (No Diagnostic Substances)
LESL,Leslie's Inc. Common Stock,$3.50,2.07,144.755%,32758068.00,United States,2020,41604589,Consumer Discretionary,Other Specialty Stores
LEXX,Lexaria Bioscience Corp. Common Stock,$0.6109,0.0085,1.411%,15142651.00,Canada,,120807,Health Care,Biotechnology: Pharmaceutical Preparations
LFAC,Leapfrog Acquisition Corporation Class A Ordinary Shares,$9.99,0.00,0.00%,0.00,United States,2026,3,Finance,Blank Checks
LFACW,Leapfrog Acquisition Corporation Warrants,$0.25,-0.02,-7.407%,0.00,United States,2026,32000,Finance,Blank Checks
LFCR,Lifecore Biomedical Inc. Common Stock,$4.55,0.05,1.111%,170667802.00,United States,,271056,Health Care,Biotechnology: Pharmaceutical Preparations
LFMD,LifeMD Inc. Common Stock,$4.45,-0.09,-1.982%,215213170.00,United States,,831356,Health Care,Medical/Nursing Services
LFMDP,LifeMD Inc. 8.875% Series A Cumulative Perpetual Preferred Stock,$23.8999,0.0399,0.167%,1155859153.00,United States,,4367,Health Care,Medical/Nursing Services
LFS,LEIFRAS Co. Ltd. American Depositary Shares  ,$1.87,0.02,1.081%,48920358.00,Japan,2025,42457,Consumer Discretionary,Other Consumer Services
LFST,LifeStance Health Group Inc. Common Stock,$7.89,-0.21,-2.593%,3060013668.00,United States,2021,5261022,Health Care,Medical/Nursing Services
LFUS,Littelfuse Inc. Common Stock,$459.99,-21.03,-4.372%,11632642951.00,United States,,574244,Energy,Electrical Products
LFVN,Lifevantage Corporation Common Stock (Delaware),$5.12,-0.15,-2.846%,64593009.00,United States,,98185,Health Care,Biotechnology: Pharmaceutical Preparations
LFWD,Lifeward Ltd. Ordinary Shares,$6.595,-0.035,-0.528%,18324768.00,Israel,2014,5242,Health Care,Industrial Specialties
LGCB,Linkage Global Inc. Class A Ordinary Shares,$0.4048,0.0707,21.161%,4518589.00,Japan,2023,2028001,Consumer Discretionary,Catalog/Specialty Distribution
LGCL,Lucas GC Limited Ordinary Shares,$1.815,-0.065,-3.457%,77664583.00,China,2024,8256,Technology,Computer Software: Programming Data Processing
LGHL,Lion Group Holding Ltd. American Depositary Share,$0.94,0.181,23.847%,4386432.00,China,,990825,Finance,Investment Bankers/Brokers/Service
LGIH,LGI Homes Inc. Common Stock,$43.72,-1.76,-3.87%,1015715238.00,United States,2013,449762,Consumer Discretionary,Homebuilding
LGN,Legence Corp. Class A Common stock,$89.00,-11.00,-11.00%,9615375948.00,United States,2025,3108221,Consumer Discretionary,Engineering & Construction
LGND,Ligand Pharmaceuticals Incorporated Common Stock,$218.98,-2.23,-1.008%,4388591538.00,United States,,151189,Health Care,Biotechnology: Pharmaceutical Preparations
LGO,Largo Inc. Common Shares,$1.015,-0.105,-9.375%,102443712.00,Canada,,3214308,Industrials,Mining & Quarrying of Nonmetallic Minerals (No Fuels)
LGVN,Longeveron Inc. Class A Common Stock,$0.7026,-0.0524,-6.94%,21883416.00,United States,2021,861962,Health Care,Biotechnology: Pharmaceutical Preparations
LHAI,Linkhome Holdings Inc. Common stock,$0.9843,-0.0357,-3.50%,15975189.00,United States,2025,126847,Finance,Real Estate
LHSW,Lianhe Sowell International Group Ltd Class A Ordinary Shares,$0.2432,0.027,12.488%,12646400.00,China,2025,762685,Technology,Computer Software: Prepackaged Software
LI,Li Auto Inc. American Depositary Shares,$19.27,-0.75,-3.746%,20585283543.00,China,2020,5868679,Industrials,Auto Manufacturing
LICN,Lichen International Limited Class A Ordinary Shares,$8.39,0.06,0.72%,137904962.00,China,2023,29988,Consumer Discretionary,Professional Services
LIDR,AEye Inc. Class A Common Stock,$2.08,-0.35,-14.403%,94319512.00,United States,2021,3670219,Consumer Discretionary,Auto Parts:O.E.M.
LIDRW,AEye Inc. Warrant,$0.0291,-0.0155,-34.753%,1319566.00,United States,2021,66729,Consumer Discretionary,Auto Parts:O.E.M.
LIEN,Chicago Atlantic BDC Inc. Common Stock,$9.83,0.76,8.379%,224329997.00,United States,2022,197693,Finance,Finance: Consumer Services
LIF,Life360 Inc. Common Stock,$40.06,-0.10,-0.249%,3246129541.00,United States,2024,587334,Technology,EDP Services
LIFE,Ethos Technologies Inc. Class A Common Stock,$22.47,-1.97,-8.061%,1415481067.00,United States,2026,785776,Finance,Specialty Insurers
LILA,Liberty Latin America Ltd. Class A Common Stock,$7.56,0.01,0.132%,1522584000.00,United States,,252898,Telecommunications,Cable & Other Pay Television Services
LILAK,Liberty Latin America Ltd. Class C Common Stock,$7.73,0.01,0.13%,1556822000.00,United States,,559547,Telecommunications,Cable & Other Pay Television Services
LIMN,Liminatus Pharma Inc. Class A Common Stock,$0.184,-0.001,-0.541%,8257484.00,United States,,529320,,
LIN,Linde plc Ordinary Shares,$511.65,-1.61,-0.314%,236689054129.00,United States,,1968970,Basic Materials,Major Chemicals
LINC,Lincoln Educational Services Corporation Common Stock,$50.99,-1.03,-1.98%,1617439921.00,United States,2005,544786,Real Estate,Other Consumer Services
LIND,Lindblad Expeditions Holdings Inc. Common Stock,$19.36,0.48,2.542%,1269460716.00,United States,2013,691844,Consumer Discretionary,Transportation Services
LINE,Lineage Inc. Common Stock,$39.40,-0.41,-1.03%,8970369981.00,United States,2024,1296659,Real Estate,Real Estate Investment Trusts
LINK,Interlink Electronics Inc. Common Stock,$3.70,0.12,3.352%,58275026.00,United States,,37868,Technology,Computer peripheral equipment
LIQT,LiqTech International Inc. Common Stock,$2.12,-0.07,-3.196%,21089423.00,Denmark,,47330,Technology,Industrial Machinery/Components
LITE,Lumentum Holdings Inc. Common Stock,$1001.81,-28.56,-2.772%,77940818000.00,United States,,3557130,Telecommunications,Telecommunications Equipment
LITS,Lite Strategy Inc. Common Stock,$1.22,0.04,3.39%,41510744.00,United States,2003,301151,Health Care,Biotechnology: Pharmaceutical Preparations
LIVE,Live Ventures Incorporated Common Stock,$10.24,-3.51,-25.527%,31453757.00,United States,,45439,Consumer Discretionary,Other Specialty Stores
LIVN,LivaNova PLC Ordinary Shares,$71.67,-0.77,-1.063%,3937086668.00,United Kingdom,,386430,Health Care,Biotechnology: Electromedical & Electrotherapeutic Apparatus
LIXT,Lixte Biotechnology Holdings Inc. Common Stock,$5.04,0.04,0.80%,58554438.00,United States,,89528,Health Care,Biotechnology: Pharmaceutical Preparations
LKFN,Lakeland Financial Corporation Common Stock,$58.17,0.06,0.103%,1449223298.00,United States,,330865,Finance,Major Banks
LKFT,Lakefront Biotherapeutics American Depositary Shares,$27.49,-0.65,-2.31%,1811510482.00,Belgium,2015,130551,Health Care,Biotechnology: Pharmaceutical Preparations
LKQ,LKQ Corporation Common Stock,$26.01,-0.36,-1.365%,6627109618.00,United States,2003,2787479,Consumer Discretionary,Motor Vehicles
LKSP,Lake Superior Acquisition Corp. Class A Ordinary Shares,$10.11,0.0001,0.001%,0.00,United States,2025,3235,,
LKSPR,Lake Superior Acquisition Corp. Rights,$0.8083,-0.1917,-19.17%,0.00,United States,2025,38754,,
LKSPU,Lake Superior Acquisition Corp. Units,$10.19,0.00,0.00%,0.00,United States,2025,2,,
LLYVA,Liberty Live Holdings Inc. Series A Liberty Live Group Common Stock,$97.14,0.65,0.674%,8937310233.00,United States,,2066713,Consumer Discretionary,Services-Misc. Amusement & Recreation
LLYVK,Liberty Live Holdings Inc. Series C Liberty Live Group Common Stock,$100.03,0.84,0.847%,9203203033.00,United States,,333207,Consumer Discretionary,Services-Misc. Amusement & Recreation
LMAT,LeMaitre Vascular Inc. Common Stock,$99.50,1.33,1.355%,2273648531.00,United States,2006,272814,Health Care,Medical/Dental Instruments
LMB,Limbach Holdings Inc. Common Stock,$74.89,3.15,4.391%,892768708.00,United States,,388980,Consumer Discretionary,Engineering & Construction
LMFA,LM Funding America Inc. Common Stock,$0.2555,0.0344,15.559%,4143387.00,United States,2015,1912333,Finance,Finance: Consumer Services
LMNR,Limoneira Co Common Stock,$13.31,0.05,0.377%,241002533.00,United States,,56564,Consumer Staples,Farming/Seeds/Milling
LMRI,Lumexa Imaging Holdings Inc. Common Stock,$7.21,-0.84,-10.435%,692742099.00,United States,2025,2687389,Health Care,Medical Specialities
LNAI,Lunai Bioworks Inc. Common Stock,$0.2766,-0.0204,-6.869%,10032592.00,United States,,1010140,Health Care,Biotechnology: Pharmaceutical Preparations
LNKS,Linkers Industries Limited Class A Ordinary Shares,$1.63,0.28,20.741%,2618779.00,Malaysia,2024,32524005,Technology,Electrical Products
LNSR,LENSAR Inc. Common Stock,$5.83,0.06,1.04%,70568232.00,United States,,60596,Health Care,Medical/Dental Instruments
LNT,Alliant Energy Corporation Common Stock,$72.45,0.15,0.207%,18712171331.00,United States,,1558125,Utilities,Power Generation
LNTH,Lantheus Holdings Inc. Common Stock,$96.67,0.21,0.218%,6293804947.00,United States,2015,843509,Health Care,Biotechnology: In Vitro & In Vivo Diagnostic Substances
LNZA,LanzaTech Global Inc. Common Stock,$17.15,-1.09,-5.976%,173029145.00,United States,2021,25089,Industrials,Major Chemicals
LNZAW,LanzaTech Global Inc. Warrant,$0.0148,-0.0005,-3.268%,149320.00,United States,2021,1151,Industrials,Major Chemicals
LOAN,Manhattan Bridge Capital Inc,$4.22,0.04,0.957%,48231861.00,United States,,20948,Real Estate,Real Estate Investment Trusts
LOBO,LOBO TECHNOLOGIES LTD. Class A Ordinary Shares,$0.6202,0.1074,20.944%,8584770.00,China,2024,7825858,Consumer Discretionary,Motor Vehicles
LOCO,El Pollo Loco Holdings Inc. Common Stock,$13.48,0.34,2.588%,410537417.00,United States,2014,361334,Consumer Discretionary,Restaurants
LOGI,Logitech International S.A. Ordinary Shares,$100.95,-3.04,-2.923%,14798154099.00,United States,1997,1399269,Technology,Computer peripheral equipment
LOKV,Live Oak Acquisition Corp. V Class A Ordinary Shares,$10.48,0.01,0.096%,0.00,United States,2025,40441,,
LOKVU,Live Oak Acquisition Corp. V Units,$11.50,0.00,0.00%,0.00,United States,2025,59,Finance,Blank Checks
LOKVW,Live Oak Acquisition Corp. V Warrants,$1.775,0.00,0.00%,0.00,United States,2025,9,,
LONA,LeonaBio Inc. Common Stock,$11.00,0.68,6.589%,103328654.00,United States,2020,85526,Health Care,Biotechnology: Biological Products (No Diagnostic Substances)
LOOP,Loop Industries Inc. Common Stock,$1.42,-0.02,-1.389%,68639328.00,Canada,,56351,Industrials,Major Chemicals
LOPE,Grand Canyon Education Inc. Common Stock,$160.45,-0.29,-0.18%,4254218793.00,United States,2008,379427,Real Estate,Other Consumer Services
LOT,Lotus Technology Inc. American Depositary Shares,$1.40,-0.03,-2.098%,898925825.00,China,,110254,Industrials,Auto Manufacturing
LOVE,The Lovesac Company Common Stock,$15.32,0.175,1.155%,226428068.00,United States,2018,116316,Consumer Discretionary,Other Specialty Stores
LPAA,Launch One Acquisition Corp. Class A Ordinary shares,$10.75,-0.03,-0.278%,0.00,United States,2024,788,,
LPAAW,Launch One Acquisition Corp. Warrant,$0.136,0.006,4.615%,0.00,United States,2024,24544,Finance,Blank Checks
LPBB,Launch Two Acquisition Corp. Class A Ordinary Shares,$10.66,0.00,0.00%,0.00,United States,2024,5,,
LPCN,Lipocine Inc. Common Stock,$2.33,0.01,0.431%,19209109.00,United States,,130782,Health Care,Biotechnology: Pharmaceutical Preparations
LPCV,Launchpad Cadenza Acquisition Corp I Class A Ordinary Share,$9.97,0.00,0.00%,0.00,United States,2026,3,,
LPCVU,Launchpad Cadenza Acquisition Corp I Unit,$10.035,0.00,0.00%,0.00,United States,2025,500,Finance,Blank Checks
LPCVW,Launchpad Cadenza Acquisition Corp I Warrant,$0.37,0.04,12.121%,0.00,United States,2026,587,,
LPLA,LPL Financial Holdings Inc. Common Stock,$298.21,-2.97,-0.986%,23851688979.00,United States,2010,618142,Finance,Investment Bankers/Brokers/Service
LPRO,Open Lending Corporation Common Stock,$1.83,-0.02,-1.081%,216337260.00,United States,,1386504,Finance,Finance: Consumer Services
LPSN,LivePerson Inc. Common Stock,$2.18,0.03,1.395%,26543739.00,United States,2000,101552,Technology,Computer Software: Prepackaged Software
LPTH,LightPath Technologies Inc. Class A Common Stock,$12.15,0.03,0.248%,762891295.00,United States,1996,3113702,Technology,Semiconductors
LQDA,Liquidia Corporation Common Stock,$59.30,1.71,2.969%,5273436271.00,United States,2018,1577568,Health Care,Biotechnology: Pharmaceutical Preparations
LQDT,Liquidity Services Inc. Common Stock,$33.34,0.17,0.513%,1039582242.00,United States,2006,161373,Real Estate,Real Estate
LRCX,Lam Research Corporation Common Stock,$299.15,3.71,1.256%,374108314650.00,United States,1984,6404925,Technology,Industrial Machinery/Components
LRE,Lead Real Estate Co. Ltd American Depositary Shares,$1.23,-0.055,-4.28%,16779537.00,Japan,2023,33117,Consumer Discretionary,Homebuilding
LRHC,La Rosa Holdings Corp. Common Stock,$1.40,0.00,0.00%,74900.00,United States,2023,119706,Finance,Real Estate
LRMR,Larimar Therapeutics Inc. Common Stock,$3.89,-0.21,-5.122%,404104625.00,United States,2014,3647412,Health Care,Biotechnology: Pharmaceutical Preparations
LSAK,Lesaka Technologies Inc. Common Stock,$5.29,0.48,9.979%,453544620.00,South Africa,,354583,Finance,Investment Bankers/Brokers/Service
LSBK,Lake Shore Bancorp Inc. Common Stock,$15.79,0.02,0.127%,124153454.00,United States,2006,12654,Finance,Savings Institutions
LSCC,Lattice Semiconductor Corporation Common Stock,$124.85,-0.80,-0.637%,17105430946.00,United States,,1813140,Technology,Semiconductors
LSE,Leishen Energy Holding Co. Ltd. Class A Ordinary Shares,$4.588,-0.232,-4.813%,78110700.00,China,2024,7756,Consumer Discretionary,Oil and Gas Field Machinery
LSH,Lakeside Holding Limited Common Stock,$0.5492,-0.0168,-2.968%,18907615.00,United States,2024,46751,,
LSTA,Lisata Therapeutics Inc. Common Stock,$3.08,-0.20,-6.098%,28047684.00,United States,,42212,Health Care,Misc Health and Biotechnology Services
LSTR,Landstar System Inc. Common Stock,$167.95,-7.04,-4.023%,5698242870.00,United States,1993,1374678,Industrials,Trucking Freight/Courier Services
LTBR,Lightbridge Corporation Common Stock,$12.83,-0.08,-0.62%,450936793.00,United States,,644154,Consumer Discretionary,Professional Services
LTRN,Lantern Pharma Inc. Common Stock,$3.13,0.62,24.701%,35227202.00,United States,2020,1261235,Health Care,Biotechnology: Pharmaceutical Preparations
LTRX,Lantronix Inc. Common Stock,$6.45,0.32,5.22%,256819199.00,United States,2000,1622869,Telecommunications,Computer Communications Equipment
LTRYW,Sports Entertainment Gaming Global Corporation Warrants,$0.0097,0.0006,6.593%,122641.00,United States,2023,42541,Technology,Computer Software: Prepackaged Software
LUCD,Lucid Diagnostics Inc. Common Stock,$1.02,0.00,0.00%,207128119.00,United States,2021,1829841,Health Care,Medical/Dental Instruments
LUCY,Innovative Eyewear Inc. Common Stock,$1.01,0.0141,1.416%,6363668.00,United States,2022,169750,Health Care,Ophthalmic Goods
LULU,lululemon athletica inc. Common Stock,$121.06,-0.15,-0.124%,13375032151.00,Canada,2007,2672514,Consumer Discretionary,Apparel
LUNG,Pulmonx Corporation Common Stock,$1.34,0.01,0.752%,56597852.00,United States,2020,406010,Health Care,Medical/Dental Instruments
LUNR,Intuitive Machines Inc. Class A Common Stock,$36.52,0.84,2.354%,7918058893.00,United States,2021,19232991,Industrials,Industrial Machinery/Components
LVLU,Lulu's Fashion Lounge Holdings Inc. Common Stock,$9.625,0.325,3.495%,27569898.00,United States,2021,7774,Consumer Discretionary,Catalog/Specialty Distribution
LVO,LiveOne Inc. Common Stock,$5.44,-0.09,-1.627%,73283562.00,United States,,41000,Consumer Discretionary,Restaurants
LWAC,LightWave Acquisition Corp. Class A Ordinary Shares,$10.1801,0.00,0.00%,0.00,United States,2025,16,Finance,Blank Checks
LWACU,LightWave Acquisition Corp. Units,$10.30,0.00,0.00%,0.00,United States,2025,12,Finance,Blank Checks
LWAY,Lifeway Foods Inc. Common Stock,$26.00,-1.25,-4.587%,397329088.00,United States,,932413,Consumer Staples,Packaged Foods
LWLG,Lightwave Logic Inc. Common Stock,$14.93,-3.285,-18.035%,2300155096.00,United States,,17015714,Industrials,Containers/Packaging
LX,LexinFintech Holdings Ltd. American Depositary Shares,$2.02,-0.05,-2.415%,332872313.00,China,2017,1349259,Finance,Finance: Consumer Services
LXEH,Lixiang Education Holding Co. Ltd. American Depositary Shares,$1.08,0.01,0.935%,2070000.00,China,2020,17460,Real Estate,Other Consumer Services
LXEO,Lexeo Therapeutics Inc. Common Stock,$5.50,-0.26,-4.514%,431868987.00,United States,2023,424512,Health Care,Biotechnology: Biological Products (No Diagnostic Substances)
LXRX,Lexicon Pharmaceuticals Inc. Common Stock,$2.33,-0.11,-4.508%,1034977589.00,United States,,2521373,Health Care,Biotechnology: Pharmaceutical Preparations
LYEL,Lyell Immunopharma Inc. Common Stock,$19.02,-0.22,-1.143%,443814335.00,United States,2021,37599,Health Care,Biotechnology: Pharmaceutical Preparations
LYFT,Lyft Inc. Class A Common Stock,$13.05,-0.63,-4.605%,4954857043.00,United States,2019,22033576,Real Estate,Real Estate
LYTS,LSI Industries Inc. Common Stock,$24.15,0.36,1.513%,886604557.00,United States,1985,294516,Consumer Discretionary,Building Products
LZ,LegalZoom.com Inc. Common Stock,$5.88,-0.03,-0.508%,1009288852.00,United States,2021,2861833,Technology,EDP Services
LZMH,LZ Technology Holdings Limited Class B Ordinary Shares,$0.0842,-0.0057,-6.34%,13305284.00,China,2025,1078763,Technology,EDP Services
MAAS,Maase Inc. Class A Ordinary Shares,$10.14,0.24,2.424%,4483660361.00,China,2019,17514,Finance,Investment Managers
MACI,Melar Acquisition Corp. I Class A Ordinary Shares,$10.83,0.00,0.00%,0.00,United States,2024,1830,,
MACIU,Melar Acquisition Corp. I Unit,$10.86,0.06,0.556%,0.00,United States,2024,2625,Finance,Blank Checks
MACIW,Melar Acquisition Corp. I Warrant,$0.13,0.00,0.00%,0.00,United States,2024,1806,Finance,Blank Checks
MAKO,Mako Mining Corp Common Stock,$7.93,-0.34,-4.111%,694387651.00,Canada,,99751,,
MAMA,Mama's Creations Inc. Common Stock,$14.14,0.47,3.438%,574889980.00,United States,,352177,Consumer Staples,Specialty Foods
MAMO,Massimo Group Common Stock,$0.9899,0.0241,2.495%,41220376.00,United States,2024,42711,Consumer Discretionary,Industrial Specialties
MANH,Manhattan Associates Inc. Common Stock,$129.05,3.49,2.78%,7635191888.00,United States,1998,452429,Technology,Computer Software: Prepackaged Software
MAR,Marriott International Class A Common Stock,$353.47,3.28,0.937%,93206017572.00,United States,,1138923,Consumer Discretionary,Hotels/Resorts
MARA,MARA Holdings Inc. Common Stock,$13.29,0.54,4.235%,5067084985.00,United States,,51372360,Technology,EDP Services
MARPS,Marine Petroleum Trust Units of Beneficial Interest,$4.975,-0.025,-0.50%,9950000.00,United States,,18635,Energy,Oil & Gas Production
MASI,Masimo Corporation Common Stock,$178.35,-0.06,-0.034%,9339441857.00,United States,2007,585759,Health Care,Biotechnology: Electromedical & Electrotherapeutic Apparatus
MASK,3 E Network Technology Group Ltd Class A Ordinary Shares,$1.81,-0.09,-4.737%,2086575.00,China,2025,268110,Technology,EDP Services
MASS,908 Devices Inc. Common Stock,$7.30,-0.24,-3.183%,276039433.00,United States,2020,151431,Industrials,Industrial Machinery/Components
MAT,Mattel Inc. Common Stock,$15.11,0.29,1.957%,4390966000.00,United States,,3799777,Consumer Discretionary,Recreational Games/Products/Toys
MATH,Metalpha Technology Holding Limited Ordinary Shares,$0.984,0.0249,2.596%,42712558.00,China,2017,129129,Finance,Finance/Investors Services
MATW,Matthews International Corporation Class A Common Stock,$27.32,-0.47,-1.691%,852450606.00,United States,1994,189904,Telecommunications,Metal Fabrications
MAYS,J. W. Mays Inc. Common Stock,$42.54,0.00,0.00%,85751281.00,United States,,13,Real Estate,Building operators
MAZE,Maze Therapeutics Inc. Common Stock,$26.43,-0.53,-1.966%,1462775248.00,United States,2025,351008,Health Care,Biotechnology: Biological Products (No Diagnostic Substances)
MB,MasterBeef Group Ordinary Shares,$6.81,-0.08,-1.161%,115770000.00,Hong Kong,2025,4921,Consumer Discretionary,Restaurants
MBAI,Check-Cap Ltd. Ordinary Share,$1.79,-0.21,-10.50%,12566699.00,Israel,2015,260951,Health Care,Medical Electronics
MBAV,M3-Brigade Acquisition V Corp. Class A Ordinary shares,$10.81,-0.04,-0.369%,0.00,United States,2024,883,,
MBAVU,M3-Brigade Acquisition V Corp. Units,$10.35,0.00,0.00%,0.00,United States,2024,162,Finance,Blank Checks
MBAVW,M3-Brigade Acquisition V Corp. Warrant,$0.3312,0.0312,10.40%,0.00,United States,2024,11841,Finance,Blank Checks
MBBC,Marathon Bancorp Inc. Common Stock,$14.96,-0.50,-3.234%,44143160.00,United States,,6344,Finance,Banks
MBIN,Merchants Bancorp Common Stock,$45.06,-0.02,-0.044%,2069849484.00,United States,2017,166113,Finance,Major Banks
MBINL,Merchants Bancorp Depositary Shares Each Representing a 1/40thInterest in a Share of 7.25% Fixed Rate Series E Non-CumulativePerpetual Preferred Stock without par value,$24.82,0.02,0.081%,1140116827.00,United States,,10929,Finance,Major Banks
MBINM,Merchants Bancorp Depositary Shares Each Representing a 1/40th Interest in a Share of 8.25% Fixed-Rate Reset Series D Non-Cumulative Perpetual Preferred Stock,$25.71,0.11,0.43%,1180999340.00,United States,,8526,Finance,Major Banks
MBINN,Merchants Bancorp Depositary Shares Preferred Series C,$21.04,0.14,0.67%,966480984.00,United States,,4774,Finance,Major Banks
MBIO,Mustang Bio Inc. Common Stock,$0.6262,-0.0239,-3.676%,4215654.00,United States,,23619,Health Care,Biotechnology: Pharmaceutical Preparations
MBLY,Mobileye Global Inc. Class A Common Stock,$10.38,-0.15,-1.425%,8741892144.00,Israel,2022,7804381,Technology,Computer Software: Prepackaged Software
MBNKO,Medallion Bank Fixed-Rate Reset Non-Cumulative Perpetual Preferred Stock Series G par value $1.00 per share,$25.49,-0.07,-0.274%,25490000.00,United States,,451,Finance,Commercial Banks
MBOT,Microbot Medical Inc. Common Stock,$1.85,-0.32,-14.747%,124254882.00,Israel,,8925646,Health Care,Biotechnology: Biological Products (No Diagnostic Substances)
MBRX,Moleculin Biotech Inc. Common Stock,$2.20,0.06,2.804%,11739970.00,United States,2016,264582,Health Care,Biotechnology: Pharmaceutical Preparations
MBUU,Malibu Boats Inc. Class A Common Stock,$27.24,-0.90,-3.198%,534913324.00,United States,2014,291427,Industrials,Marine Transportation
MBVI,M3-Brigade Acquisition VI Corp. Class A Ordinary Shares,$10.13,0.00,0.00%,0.00,United States,2025,25106,,
MBVIW,M3-Brigade Acquisition VI Corp. Warrant,$0.36,-0.0001,-0.028%,0.00,United States,2025,100,,
MBWM,Mercantile Bank Corporation Common Stock,$51.10,0.50,0.988%,882720563.00,United States,1998,194731,Finance,Major Banks
MBX,MBX Biosciences Inc. Common Stock,$35.36,-2.14,-5.707%,1683048873.00,United States,2024,840034,Health Care,Biotechnology: Pharmaceutical Preparations
MCAHU,Mountain Crest Acquisition 6 Corp. Units,$10.04,0.00,0.00%,0.00,United States,2026,467,,
MCBS,MetroCity Bankshares Inc. Common Stock,$31.60,0.19,0.605%,905657327.00,United States,2019,59923,Finance,Major Banks
MCFT,MasterCraft Boat Holdings Inc. Common Stock,$24.64,-0.25,-1.004%,401136490.00,United States,2015,235515,Industrials,Marine Transportation
MCGA,Yorkville Acquisition Corp. Class A Ordinary Share,$10.21,0.01,0.098%,0.00,United States,2025,17765,Utilities,Electric Utilities: Central
MCGAU,Yorkville Acquisition Corp. Unit,$10.2701,0.00,0.00%,0.00,United States,2025,98,Finance,Blank Checks
MCGAW,Yorkville Acquisition Corp. Warrant,$0.3465,0.0365,11.774%,0.00,United States,2025,600,,
MCHB,Mechanics Bancorp Class A Common Stock,$14.60,0.34,2.384%,3232455768.00,United States,2012,410367,Finance,Major Banks
MCHP,Microchip Technology Incorporated Common Stock,$97.04,0.33,0.341%,52511784844.00,United States,1993,6977353,Technology,Semiconductors
MCHPP,Microchip Technology Incorporated Depositary Shares Each Representing a 1/20th Interest in a Share of 7.50% Series A Mandatory Convertible Preferred Stock,$82.33,0.47,0.574%,44551682257.00,United States,,19725,Technology,Semiconductors
MCHX,Marchex Inc. Class B Common Stock,$1.62,0.02,1.25%,71134521.00,United States,2004,21339,Technology,Computer Software: Prepackaged Software
MCRB,Seres Therapeutics Inc. Common Stock,$8.03,0.27,3.479%,77761990.00,United States,2015,36601,Health Care,Biotechnology: Pharmaceutical Preparations
MCRI,Monarch Casino & Resort Inc. Common Stock,$116.88,0.74,0.637%,2074563430.00,United States,1993,146990,Consumer Discretionary,Hotels/Resorts
MCW,Mister Car Wash Inc. Common Stock,$7.10,0.02,0.282%,2335151234.00,United States,,11270898,Consumer Discretionary,Automotive Aftermarket
MDAI,Spectral AI Inc. Class A Common Stock,$2.13,0.09,4.412%,67785088.00,United States,2021,603892,Health Care,Medical/Dental Instruments
MDAIW,Spectral AI Inc. Warrants,$0.72,0.0898,14.249%,22913269.00,United States,2021,37544,Health Care,Medical/Dental Instruments
MDB,MongoDB Inc. Class A Common Stock,$303.09,0.09,0.03%,24398724996.00,United States,2017,1145661,Technology,Computer Software: Prepackaged Software
MDBH,MDB Capital Holdings LLC Class A common,$3.21,-0.44,-12.055%,33063424.00,United States,2023,4891,Finance,Finance: Consumer Services
MDCX,Medicus Pharma Ltd. Common Stock  ,$0.337,0.0169,5.28%,18590425.00,Canada,,1586619,Health Care,Biotechnology: Pharmaceutical Preparations
MDCXW,Medicus Pharma Ltd. Warrant,$0.4148,-0.0852,-17.04%,22882220.00,Canada,,11634,Health Care,Biotechnology: Pharmaceutical Preparations
MDGL,Madrigal Pharmaceuticals Inc. Common Stock,$539.89,21.02,4.051%,12447519738.00,United States,2007,343567,Health Care,Biotechnology: Pharmaceutical Preparations
MDIA,Mediaco Holding Inc. Class A Common Stock ,$0.941,0.0091,0.976%,76909653.00,United States,,21380,Consumer Discretionary,Broadcasting
MDLN,Medline Inc. Class A Common Stock,$38.90,0.19,0.491%,51102469580.00,United States,2025,4361152,Health Care,Medical/Dental Instruments
MDLZ,Mondelez International Inc. Class A Common Stock,$60.97,-0.55,-0.894%,78264126233.00,United States,,5913355,Consumer Staples,Packaged Foods
MDRR,Medalist Diversified Inc. Common Stock,$11.15,0.00,0.00%,18157775.00,United States,2018,35,Real Estate,Real Estate Investment Trusts
MDWD,MediWound Ltd. Ordinary Shares,$16.795,0.545,3.354%,215742927.00,Israel,2014,64093,Health Care, Medicinal Chemicals and Botanical Products 
MDXG,MiMedx Group Inc Common Stock,$3.55,0.03,0.852%,528757345.00,United States,,1106528,Health Care,Biotechnology: Pharmaceutical Preparations
MDXH,MDxHealth SA Ordinary Shares,$0.9847,-0.9653,-49.503%,50578643.00,Belgium,2021,11032333,Health Care,Medical Specialities
MEDP,Medpace Holdings Inc. Common Stock,$419.17,-4.59,-1.083%,11971364838.00,United States,2016,252435,Health Care,Biotechnology: Commercial Physical & Biological Resarch
MEGL,Magic Empire Global Limited Class A Ordinary Shares,$1.16,0.04,3.571%,5874298.00,Hong Kong,2022,43744,Finance,Finance: Consumer Services
MEHA,Functional Brands Inc. Common Stock,$0.0855,-0.0115,-11.856%,1873550.00,United States,,8045004,Health Care, Medicinal Chemicals and Botanical Products 
MELI,MercadoLibre Inc. Common Stock,$1607.37,45.37,2.905%,81489129431.00,Argentina,2007,701721,Real Estate,Real Estate
MENS,Jyong Biotech Ltd. Ordinary Shares,$2.08,0.06,2.97%,158137547.00,Taiwan,2025,42766,Health Care,Biotechnology: Pharmaceutical Preparations
MEOH,Methanex Corporation Common Stock,$62.56,-0.98,-1.542%,4839908293.00,Canada,,510477,Industrials,Major Chemicals
MERC,Mercer International Inc. Common Stock,$0.9338,0.1209,14.873%,62548264.00,Canada,,963858,Basic Materials,Paper
MESH,Meshflow Acquisition Corp. Class A Ordinary Shares,$9.99,0.03,0.301%,0.00,United States,2026,3405,,
MESHW,Meshflow Acquisition Corp. Warrants,$0.26,-0.03,-10.345%,0.00,United States,2026,8122,,
MESO,Mesoblast Limited American Depositary Shares,$15.08,0.35,2.376%,1946529703.00,Australia,2015,285658,Health Care,Biotechnology: Biological Products (No Diagnostic Substances)
META,Meta Platforms Inc. Class A Common Stock,$618.43,1.80,0.292%,1569837123893.00,United States,2012,10651774,Technology,Computer Software: Programming Data Processing
METC,Ramaco Resources Inc. Class A Common Stock,$15.19,-0.12,-0.784%,990006169.00,United States,2017,1877095,Energy,Coal Mining
METCB,Ramaco Resources Inc. Class B Common Stock,$10.265,0.145,1.433%,669019969.00,United States,,29798,Energy,Coal Mining
METCI,Ramaco Resources Inc. 8.250% Senior Notes due 2030,$25.3075,0.0075,0.03%,0.00,United States,,1552,,
METCZ,Ramaco Resources Inc. 8.375% Senior Notes due 2029,$25.36,0.00,0.00%,0.00,United States,,912,Energy,Coal Mining
MEVO,M Evo Global Acquisition Corp II Class A Ordinary Shares,$9.89,0.00,0.00%,0.00,United States,2026,32884,Finance,Blank Checks
MEVOU,M Evo Global Acquisition Corp II Units,$10.05,0.00,0.00%,0.00,United States,2026,917,Finance,Blank Checks
MEVOW,M Evo Global Acquisition Corp II Warrants,$0.37,-0.02,-5.128%,0.00,United States,2026,525,Finance,Blank Checks
MFI,mF International Limited Class A Ordinary Shares,$10.295,0.1849,1.829%,516566645.00,Hong Kong,2024,2557,Technology,EDP Services
MFIC,MidCap Financial Investment Corporation Common Stock,$10.98,-0.03,-0.272%,904451455.00,United States,2004,599426,Finance,Finance/Investors Services
MFICL,MidCap Financial Investment Corporation 8.00% Notes due 2028,$25.41,-0.015,-0.059%,2370845035.00,United States,,20068,Finance,Finance/Investors Services
MFIN,Medallion Financial Corp. Common Stock,$9.68,0.31,3.308%,230867681.00,United States,,47170,Finance,Finance: Consumer Services
MGEE,MGE Energy Inc,$75.74,0.84,1.121%,2783931402.00,United States,,349669,Energy,Electric Utilities: Central
MGIH,Millennium Group International Holdings Limited Ordinary Shares,$1.48,-0.31,-17.318%,16650000.00,Hong Kong,2023,32086,Consumer Discretionary,Publishing
MGN,Megan Holdings Limited Class A Ordinary Shares,$0.1565,0.0035,2.288%,2543125.00,Malaysia,2025,3140969,Consumer Staples,Farming/Seeds/Milling
MGNI,Magnite Inc. Common Stock,$12.42,-0.49,-3.796%,1778730337.00,United States,,3708816,Technology,Computer Software: Programming Data Processing
MGNX,MacroGenics Inc. Common Stock,$4.16,0.71,20.58%,264422592.00,United States,2013,3657336,Health Care,Biotechnology: Pharmaceutical Preparations
MGPI,MGP Ingredients Inc.,$18.23,0.13,0.718%,389597651.00,United States,,115817,Consumer Staples,Beverages (Production/Distribution)
MGRC,McGrath RentCorp Common Stock,$115.56,1.37,1.20%,2838358141.00,United States,1984,142162,Consumer Discretionary,Diversified Commercial Services
MGRT,Mega Fortune Company Limited Ordinary Shares,$136.9775,-5.2225,-3.673%,1883440625.00,Hong Kong,2025,14110,Technology,EDP Services
MGRX,Mangoceuticals Inc. Common Stock,$0.3931,0.0531,15.618%,6669893.00,United States,2023,938995,Health Care,Misc Health and Biotechnology Services
MGTX,MeiraGTx Holdings plc Ordinary Shares,$9.95,-0.02,-0.201%,921106554.00,United States,2018,904103,Health Care,Biotechnology: Biological Products (No Diagnostic Substances)
MGX,Metagenomi Therapeutics Inc. Common Stock,$1.35,-0.03,-2.174%,50823258.00,United States,2024,369211,Health Care,Biotechnology: Biological Products (No Diagnostic Substances)
MGYR,Magyar Bancorp Inc. Common Stock,$17.65,0.19,1.088%,114067167.00,United States,2006,1001,Finance,Savings Institutions
MIDD,Middleby Corporation (The) Common Stock,$147.04,-0.41,-0.278%,6855275501.00,United States,,540815,Industrials,Industrial Machinery/Components
MIMI,Mint Incorporation Limited Class A Ordinary Shares,$3.31,0.32,10.702%,10596138.00,Hong Kong,2025,282099,Real Estate,Real Estate
MIND,MIND Technology Inc. Common Stock (DE),$6.88,0.07,1.028%,62532698.00,United States,1994,93430,Industrials,Industrial Machinery/Components
MIRA,MIRA Pharmaceuticals Inc. Common Stock,$0.9751,0.0041,0.422%,40975737.00,United States,2023,130694,Health Care,Biotechnology: Pharmaceutical Preparations
MIRM,Mirum Pharmaceuticals Inc. Common Stock,$111.39,2.23,2.043%,6792698876.00,United States,2019,1032459,Health Care,Biotechnology: Pharmaceutical Preparations
MIST,Milestone Pharmaceuticals Inc. Common Shares,$1.63,-0.09,-5.233%,202931707.00,Canada,2019,3880553,Health Care,Biotechnology: Pharmaceutical Preparations
MITK,Mitek Systems Inc. Common Stock,$13.57,-0.32,-2.304%,612805608.00,United States,,1929244,Technology,Computer peripheral equipment
MKDW,MKDWELL Tech Inc. Ordinary Share,$7.22,0.11,1.547%,30312751.00,Taiwan,,3423,Technology,Consumer Electronics/Appliances
MKDWW,MKDWELL Tech Inc. Warrants,$0.0119,0.00,0.00%,49961.00,Taiwan,,1,Technology,Consumer Electronics/Appliances
MKLY,McKinley Acquisition Corporation Class A Ordinary Shares,$10.13,-0.01,-0.099%,0.00,United States,2025,23311,,
MKLYR,McKinley Acquisition Corporation Rights,$0.12,-0.01,-7.692%,0.00,United States,2025,53100,,
MKLYU,McKinley Acquisition Corporation Units,$10.21,-0.04,-0.39%,0.00,United States,2025,100,Finance,Blank Checks
MKSI,MKS Inc. Common Stock,$313.81,-3.50,-1.103%,21196023121.00,United States,1999,984259,Industrials,Industrial Machinery/Components
MKTW,MarketWise Inc. Class A Common Stock,$17.27,-0.95,-5.214%,269853318.00,United States,,115281,Technology,Computer Software: Prepackaged Software
MKTX,MarketAxess Holdings Inc. Common Stock,$140.51,1.23,0.883%,4993648541.00,United States,2004,420918,Finance,Investment Bankers/Brokers/Service
MKZR,MacKenzie Realty Capital Inc. Common Stock,$2.24,-0.06,-2.609%,4404736.00,United States,,16144,Real Estate,Real Estate Investment Trusts
MLAA,Mountain Lake Acquisition Corp. II Class A Ordinary Shares,$10.04,0.0399,0.399%,0.00,United States,2026,1770,Finance,Blank Checks
MLAAW,Mountain Lake Acquisition Corp. II Warrants,$0.525,0.025,5.00%,0.00,United States,2026,6017,Finance,Blank Checks
MLAB,Mesa Laboratories Inc. Common Stock,$100.50,-0.29,-0.288%,555243707.00,United States,,134210,Industrials,Industrial Machinery/Components
MLAC,Mountain Lake Acquisition Corp. Class A Ordinary Shares,$10.61,0.01,0.094%,0.00,United States,2025,568,Industrials,Auto Manufacturing
MLACR,Mountain Lake Acquisition Corp. Right,$0.208,0.00,0.00%,0.00,United States,2025,27607,,
MLACU,Mountain Lake Acquisition Corp. Units,$10.69,0.00,0.00%,0.00,United States,2024,28,Finance,Blank Checks
MLCI,Mount Logan Capital Inc. Common Stock,$3.685,0.115,3.221%,41230610.00,United States,,49325,Finance,Investment Managers
MLCIL,Mount Logan Capital Inc. 8.00% Notes Due 2031,$23.25,0.25,1.087%,0.00,United States,,3714,Finance,Investment Managers
MLCO,Melco Resorts & Entertainment Limited American Depositary Shares,$5.48,0.03,0.55%,2229220187.00,Hong Kong,2006,1718706,Consumer Discretionary,Hotels/Resorts
MLEC,Moolec Science SA Ordinary Shares,$8.48,0.14,1.679%,6157481.00,Luxembourg,,13287,Finance,Blank Checks
MLECW,Moolec Science SA Warrant,$0.0179,-0.002,-10.05%,12998.00,Luxembourg,,132179,Finance,Blank Checks
MLGO,MicroAlgo Inc. Class A Ordinary Shares,$4.55,0.53,13.184%,56590448.00,United States,2021,445808,Technology,EDP Services
MLKN,MillerKnoll Inc. Common Stock,$14.94,0.22,1.495%,1021518496.00,United States,,648074,Consumer Discretionary,Office Equipment/Supplies/Services
MLTX,MoonLake Immunotherapeutics Class A Ordinary Shares,$18.39,-0.02,-0.109%,1353787132.00,United States,2020,692165,Health Care,Biotechnology: Pharmaceutical Preparations
MLYS,Mineralys Therapeutics Inc. Common Stock,$27.27,0.41,1.526%,2249723214.00,United States,2023,708535,Health Care,Biotechnology: Pharmaceutical Preparations
MMED,MiniMed Group Inc. Common Stock,$11.08,-0.10,-0.894%,3111485467.00,United States,2026,471854,Health Care,Medical/Dental Instruments
MMLP,Martin Midstream Partners L.P. Limited Partnership,$2.69,0.02,0.749%,105245405.00,United States,2002,26914,Energy,Oil Refining/Marketing
MMSI,Merit Medical Systems Inc. Common Stock,$62.56,-0.06,-0.096%,3732007729.00,United States,,998497,Health Care,Medical/Dental Instruments
MMTXW,Miluna Acquisition Corp Warrant,$0.14,0.00,0.00%,0.00,Taiwan,2025,1,Finance,Blank Checks
MMYT,MakeMyTrip Limited Ordinary Shares,$43.25,0.12,0.278%,4812099795.00,India,2010,859479,Consumer Discretionary,Transportation Services
MNDO,MIND C.T.I. Ltd. Ordinary Shares,$0.9254,-0.0063,-0.676%,18679353.00,Israel,,28951,Technology,EDP Services
MNDR,Mobile-health Network Solutions Class A Ordinary Shares,$1.03,0.01,0.98%,5491495.00,Singapore,2024,109080,Technology,Computer Software: Prepackaged Software
MNDY,monday.com Ltd. Ordinary Shares,$69.73,2.03,2.999%,3239862968.00,Israel,2021,1777411,Technology,Computer Software: Prepackaged Software
MNKD,MannKind Corporation Common Stock,$3.22,0.01,0.312%,994819535.00,United States,2004,3592268,Health Care,Biotechnology: Pharmaceutical Preparations
MNOV,Medicinova Inc Common Stock,$1.40,0.03,2.19%,68909744.00,United States,,22284,Health Care,Biotechnology: Pharmaceutical Preparations
MNPR,Monopar Therapeutics Inc. Common Stock,$60.99,-0.45,-0.732%,408558470.00,United States,2019,483844,Health Care,Biotechnology: Pharmaceutical Preparations
MNRO,Monro Inc. Common Stock,$16.32,0.44,2.771%,489920851.00,United States,1991,757851,Consumer Discretionary,Automotive Aftermarket
MNSB,MainStreet Bancshares Inc. Common Stock,$22.66,0.22,0.98%,161281145.00,United States,,21603,Finance,Major Banks
MNSBP,MainStreet Bancshares Inc. Depositary Shares,$25.10,0.095,0.38%,178647694.00,United States,,541,Finance,Major Banks
MNST,Monster Beverage Corporation,$85.82,-0.11,-0.128%,83932656000.00,United States,,4129476,Consumer Staples,Beverages (Production/Distribution)
MNTK,Montauk Renewables Inc. Common Stock,$1.62,0.10,6.579%,230592645.00,United States,2021,558592,Utilities,Natural Gas Distribution
MNTS,Momentus Inc. Class A Common Stock,$5.56,-0.32,-5.442%,55557733.00,United States,2019,2653087,Industrials,Military/Government/Technical
MNTSW,Momentus Inc. Warrant,$0.012,-0.0001,-0.826%,119909.00,United States,2019,209108,Industrials,Military/Government/Technical
MNY,MoneyHero Limited Class A Ordinary Shares,$1.35,0.02,1.504%,59984844.00,Singapore,,16180,Real Estate,Real Estate
MOB,Mobilicom Limited Ordinary Shares,$5.89,0.06,1.029%,74410555.00,Israel,2022,153727,Industrials,Aerospace
MOBBW,Mobilicom Limited Warrants,$2.20,0.10,4.762%,27793416.00,Israel,2022,13633,Industrials,Aerospace
MOBI,Mobia Medical Inc. Common Stock,$12.05,-0.06,-0.495%,398678962.00,United States,2026,67673,Health Care,Medical/Dental Instruments
MOBX,Mobix Labs Inc. Class A Common Stock,$3.11,1.37,78.736%,33105471.00,United States,2021,158811989,Technology,Semiconductors
MOBXW,Mobix Labs Inc Warrants,$0.1381,0.0431,45.368%,1470053.00,United States,2021,384379,Technology,Semiconductors
MODD,Modular Medical Inc. Common Stock,$3.46,0.16,4.848%,18722672.00,United States,,14241,Health Care,Medical/Dental Instruments
MOLN,Molecular Partners AG American Depositary Shares,$3.84,-0.16,-4.00%,154994285.00,Switzerland,2021,3098,Health Care,Biotechnology: Biological Products (No Diagnostic Substances)
MOMO,Hello Group Inc. American Depositary Shares,$6.18,-0.11,-1.749%,913078938.00,China,2014,529998,Technology,Computer Software: Prepackaged Software
MORN,Morningstar Inc. Common Stock,$166.05,-0.17,-0.102%,6314552389.00,United States,2005,520205,Finance,Investment Managers
MOVE,Corvex Inc. Common Stock,$20.92,1.67,8.675%,41443503.00,United States,2021,126947,Health Care,Biotechnology: Electromedical & Electrotherapeutic Apparatus
MPAA,Motorcar Parts  of America Inc. Common Stock,$11.38,0.19,1.698%,218620657.00,United States,,37462,Consumer Discretionary,Auto Parts:O.E.M.
MPB,Mid Penn Bancorp Common Stock,$31.56,0.32,1.024%,799886370.00,United States,,123154,Finance,Major Banks
MPLT,MapLight Therapeutics Inc. Common Stock,$29.29,-1.38,-4.50%,1248049214.00,United States,2025,275899,Health Care,Biotechnology: Pharmaceutical Preparations
MPWR,Monolithic Power Systems Inc. Common Stock,$1613.97,-36.38,-2.204%,79294346100.00,United States,2004,373763,Technology,Semiconductors
MQ,Marqeta Inc. Class A Common Stock,$3.86,-0.02,-0.515%,1636757008.00,United States,2021,3182932,Technology,Computer Software: Prepackaged Software
MRAM,Everspin Technologies Inc. Common Stock,$40.63,-0.83,-2.002%,952675054.00,United States,2016,6935411,Technology,Semiconductors
MRBK,Meridian Corporation Common Stock,$17.41,0.03,0.173%,207009740.00,United States,2017,81192,Finance,Major Banks
MRCY,Mercury Systems Inc Common Stock,$94.545,2.045,2.211%,5676792191.00,United States,1998,338206,Technology,Electrical Products
MRDN,Meridian Holdings Inc. Common Stock,$10.50,-0.35,-3.226%,133029530.00,United States,,61662,Technology,Computer Software: Prepackaged Software
MREO,Mereo BioPharma Group plc American Depositary Shares,$0.246,-0.0135,-5.202%,38165819.00,United Kingdom,,1415511,Health Care,Biotechnology: Pharmaceutical Preparations
MRKR,Marker Therapeutics Inc. Common Stock,$1.46,0.03,2.098%,24342765.00,United States,,51715,Health Care,Biotechnology: Pharmaceutical Preparations
MRLN,Merlin Inc. Common Stock,$7.06,-0.73,-9.371%,657327054.00,United States,2024,3280197,Technology,EDP Services
MRM,MEDIROM Healthcare Technologies Inc. American Depositary Share,$0.91,-0.0501,-5.218%,7190775.00,Japan,2020,36016,Consumer Discretionary,Other Consumer Services
MRNA,Moderna Inc. Common Stock,$50.03,-0.39,-0.774%,19851216538.00,United States,2018,7668130,Health Care,Biotechnology: Biological Products (No Diagnostic Substances)
MRNO,Murano Global Investments PLC Ordinary Shares,$0.2916,-0.0151,-4.923%,23125553.00,Mexico,,12819093,Consumer Discretionary,Hotels/Resorts
MRNOW,Murano Global Investments PLC Warrants,$0.04,0.0001,0.251%,3172229.00,Mexico,,7894,Consumer Discretionary,Hotels/Resorts
MRTN,Marten Transport Ltd. Common Stock,$15.55,0.55,3.667%,1268711049.00,United States,1986,1063335,Industrials,Trucking Freight/Courier Services
MRVI,Maravai LifeSciences Holdings Inc. Class A Common Stock,$4.29,-0.08,-1.831%,1107636147.00,United States,2020,2046358,Health Care,Biotechnology: Pharmaceutical Preparations
MRVL,Marvell Technology Inc. Common Stock,$182.58,4.63,2.602%,159858498326.00,United States,2000,32661076,Technology,Semiconductors
MRX,Marex Group plc Ordinary Shares,$57.36,-0.89,-1.528%,4252259530.00,United Kingdom,2024,646156,Finance,Investment Bankers/Brokers/Service
MSAI,MultiSensor AI Holdings Inc. Common Stock,$6.27,0.44,7.547%,12661851.00,United States,2021,67666,Technology,Electronic Components
MSAIW,MultiSensor AI Holdings Inc. Warrant,$0.026,-0.002,-7.143%,52505.00,United States,2021,68785,Technology,Electronic Components
MSBI,Midland States Bancorp Inc. Common Stock,$27.04,0.37,1.387%,560533765.00,United States,2016,119185,Finance,Major Banks
MSBIP,Midland States Bancorp Inc. Depositary Shares Each Representing a 1/40th Interest in a Share of 7.750% Fixed-Rate Reset Non-Cumulative Perpetual Preferred Stock Series A,$25.49,0.21,0.831%,528402577.00,United States,,1477,Finance,Major Banks
MSEX,Middlesex Water Company Common Stock,$51.92,-0.11,-0.211%,966975162.00,United States,,98620,Utilities,Water Supply
MSFT,Microsoft Corporation Common Stock,$409.43,4.22,1.041%,3041424020859.00,United States,1986,27077776,Technology,Computer Software: Prepackaged Software
MSGM,Motorsport Games Inc. Class A Common Stock,$4.50,-0.57,-11.243%,18783248.00,United States,2021,294877,Technology,Computer Software: Prepackaged Software
MSGY,Masonglory Limited Ordinary Shares,$0.528,0.098,22.791%,7392000.00,Hong Kong,2025,2329637,,
MSLE,Satellos Bioscience Inc. Common Stock,$7.17,-0.11,-1.511%,149359632.00,Canada,,16284,Health Care,Biotechnology: Pharmaceutical Preparations
MSS,Maison Solutions Inc. Class A Common Stock,$1.02,-0.04,-3.774%,6001783.00,United States,2023,74931,Consumer Staples,Food Chains
MSTR,Strategy Inc Common Stock Class A,$186.97,8.94,5.022%,65523238628.00,United States,1998,15859460,Technology,Computer Software: Prepackaged Software
MSW,Ming Shing Group Holdings Limited Ordinary Shares,$1.74,-0.01,-0.571%,22576500.00,Hong Kong,2024,28152,Consumer Discretionary,Engineering & Construction
MTC,MMTec Inc. Common Shares,$5.39,0.12,2.277%,536778301.00,China,2019,86086,Technology,Computer Software: Prepackaged Software
MTCH,Match Group Inc. Common Stock,$35.73,-0.34,-0.943%,8334612974.00,United States,,2355029,Technology,Computer Software: Programming Data Processing
MTEK,Maris-Tech Ltd. Ordinary Shares,$1.18,0.02,1.724%,11444379.00,Israel,2022,125937,Telecommunications,Telecommunications Equipment
MTEN,Mingteng International Corporation Inc. Class A Ordinary Shares,$1.04,0.015,1.463%,5240415.00,China,2024,18085,Industrials,Building Products
MTEX,Mannatech Incorporated Common Stock,$4.62,-0.58,-11.154%,8915075.00,United States,,20475,Health Care, Medicinal Chemicals and Botanical Products 
MTLS,Materialise NV American Depositary Shares,$5.87,0.28,5.009%,346724382.00,Belgium,2014,135492,Technology,Computer Software: Prepackaged Software
MTRX,Matrix Service Company Common Stock,$12.25,0.45,3.814%,344639663.00,United States,1990,291000,Consumer Discretionary,Engineering & Construction
MTSI,MACOM Technology Solutions Holdings Inc. Common Stock,$383.56,2.01,0.527%,29264007075.00,United States,2012,1543412,Technology,Semiconductors
MTVA,MetaVia Inc. Common Stock,$1.19,-0.01,-0.833%,6145600.00,United States,2016,64494,Health Care,Biotechnology: Pharmaceutical Preparations
MU,Micron Technology Inc. Common Stock,$776.01,-27.62,-3.437%,875132900917.00,United States,,42142858,Technology,Semiconductors
MUZE,Muzero Acquisition Corp Class A Ordinary Shares,$9.88,0.00,0.00%,0.00,United States,2026,84,Finance,Blank Checks
MUZEW,Muzero Acquisition Corp Warrant,$0.27,-0.03,-10.00%,0.00,United States,2026,2950,,
MVBF,MVB Financial Corp. Common Stock,$25.48,-0.14,-0.546%,327415477.00,United States,,36613,Finance,Major Banks
MVIS,MicroVision Inc. Common Stock,$0.5995,-0.1605,-21.118%,196026145.00,United States,1996,27410942,Technology,Industrial Machinery/Components
MVST,Microvast Holdings Inc. Common Stock,$1.48,-0.04,-2.632%,493072928.00,United States,2019,5428449,Miscellaneous,Industrial Machinery/Components
MVSTW,Microvast Holdings Inc. Warrants,$0.0148,-0.0015,-9.202%,4930729.00,United States,2019,119268,Miscellaneous,Industrial Machinery/Components
MWC,Micware Co. Ltd. American Depositary Shares,$8.20,0.20,2.50%,477993695.00,Japan,2026,756987,Technology,EDP Services
MWH,SOLV Energy Inc. Class A Common Stock,$44.82,-1.95,-4.169%,9071367789.00,United States,2026,943248,Industrials,Military/Government/Technical
MWYN,Marwynn Holdings Inc. Common stock,$0.8264,0.0141,1.736%,16688986.00,United States,2025,100413,Consumer Discretionary,Food Distributors
MXCT,MaxCyte Inc. Common Stock,$1.09,0.07,6.863%,116762622.00,United States,2021,2168476,Health Care,Biotechnology: Commercial Physical & Biological Resarch
MXL,MaxLinear Inc. Common Stock,$88.78,1.05,1.197%,7949890240.00,United States,2010,4517429,Technology,Semiconductors
MYFW,First Western Financial Inc. Common Stock,$28.75,0.18,0.63%,279707830.00,United States,2018,34208,Finance,Major Banks
MYGN,Myriad Genetics Inc. Common Stock,$3.62,-0.11,-2.949%,341902520.00,United States,1995,1697495,Health Care,Biotechnology: In Vitro & In Vivo Diagnostic Substances
MYPS,PLAYSTUDIOS Inc.  Class A Common Stock,$0.427,-0.0325,-7.073%,54807679.00,United States,2020,671062,Technology,Computer Software: Prepackaged Software
MYRG,MYR Group Inc. Common Stock,$473.07,5.10,1.09%,7366190001.00,United States,2008,163807,Industrials,Water Sewer Pipeline Comm & Power Line Construction
MYSE,Myseum.AI Inc. Common Stock,$1.78,0.13,7.879%,9044668.00,United States,2021,228619,Telecommunications,Telecommunications Equipment
MYSEW,Myseum.AI Inc. Series A Warrant,$0.0462,-0.0035,-7.042%,234755.00,United States,2021,1019,Telecommunications,Telecommunications Equipment
MYSZ,My Size Inc. Common Stock,$0.53,-0.01,-1.852%,2553627.00,Israel,,15328,Technology,Computer Software: Prepackaged Software
MYXXU,Maywood Acquisition Corp. 2 Units,$10.08,-0.01,-0.099%,0.00,United States,2026,15013,Finance,Blank Checks
MZTI,The Marzetti Company Common Stock,$114.39,0.14,0.123%,3136802580.00,United States,,281455,Consumer Staples,Packaged Foods
NA,Nano Labs Ltd Class A Ordinary Shares,$2.40,-0.18,-6.977%,55713816.00,China,2022,179926,Technology,Semiconductors
NAAS,NaaS Technology Inc. American Depositary Shares,$2.79,0.03,1.087%,33634011.00,China,2017,6363,Consumer Discretionary,Other Specialty Stores
NAGE,Niagen Bioscience Inc. Common Stock,$3.80,0.04,1.064%,302648443.00,United States,,815794,Health Care, Medicinal Chemicals and Botanical Products 
NAII,Natural Alternatives International Inc. Common Stock,$2.6999,-0.0101,-0.373%,16676683.00,United States,,12603,Health Care, Medicinal Chemicals and Botanical Products 
NAKA,Nakamoto Inc. Common Stock,$0.184,0.0142,8.363%,128079748.00,United States,2024,9192974,Health Care,Medical/Nursing Services
NAMI,Jinxin Technology Holding Company American Depositary Shares,$0.3725,0.011,3.043%,29454101.00,China,2024,3949,Real Estate,Other Consumer Services
NAMM,Namib Minerals Ordinary Shares,$1.56,-0.02,-1.266%,84992945.00,Cayman Islands,,153550,Basic Materials,Precious Metals
NAMMW,Namib Minerals Warrants,$0.1931,0.0154,8.666%,10520601.00,Cayman Islands,,7033,Basic Materials,Precious Metals
NAMS,NewAmsterdam Pharma Company N.V. Ordinary Shares,$36.88,-0.87,-2.305%,4311418746.00,Netherlands,,1297925,Health Care,Biotechnology: Pharmaceutical Preparations
NATH,Nathan's Famous Inc. Common Stock,$100.98,-0.24,-0.237%,413453017.00,United States,1993,11289,Consumer Discretionary,Restaurants
NATR,Nature's Sunshine Products Inc. Common Stock,$22.28,-0.05,-0.224%,391790926.00,United States,,107513,Health Care,Biotechnology: Pharmaceutical Preparations
NAUT,Nautilus Biotechnology Inc. Common Stock,$2.62,-0.33,-11.186%,332946600.00,United States,2020,644837,Industrials,Biotechnology: Laboratory Analytical Instruments
NAVI,Navient Corporation Common Stock,$8.13,0.24,3.042%,764057270.00,United States,,961349,Finance,Investment Bankers/Brokers/Service
NAVN,Navan Inc. Class A Common Stock,$18.52,0.45,2.49%,4677273578.00,United States,2025,3917945,Technology,Computer Software: Prepackaged Software
NB,NioCorp Developments Ltd. Common Stock,$5.86,-0.09,-1.513%,734382068.00,United States,,3345826,Basic Materials,Metal Mining
NBBK,NB Bancorp Inc. Common Stock,$19.62,-0.10,-0.507%,877134918.00,United States,2023,245453,Finance,Banks
NBIS,Nebius Group N.V. Class A Ordinary Shares,$221.15,13.88,6.697%,56149585603.00,Netherlands,2011,29737809,Technology,Computer Software: Programming Data Processing
NBIX,Neurocrine Biosciences Inc. Common Stock,$159.05,-2.27,-1.407%,15992474796.00,United States,1996,1285278,Health Care,Biotechnology: Biological Products (No Diagnostic Substances)
NBN,Northeast Bank Common Stock,$118.32,-0.29,-0.244%,961941600.00,United States,,87117,Finance,Major Banks
NBP,NovaBridge Biosciences American Depositary Shares,$1.92,-0.13,-6.341%,221532849.00,China,2020,712466,Health Care,Biotechnology: Pharmaceutical Preparations
NBRG,Newbridge Acquisition Limited Class A Ordinary Share,$9.96,0.06,0.606%,0.00,Hong Kong,2026,100,Finance,Blank Checks
NBRGR,Newbridge Acquisition Limited Rights,$0.175,0.00,0.00%,0.00,Hong Kong,2026,307,,
NBTB,NBT Bancorp Inc. Common Stock,$44.38,-0.16,-0.359%,2308214096.00,United States,,321871,Finance,Major Banks
NBTX,Nanobiotix S.A. American Depositary Shares,$55.07,3.03,5.822%,2665942445.00,France,2020,142463,Health Care,Biotechnology: Pharmaceutical Preparations
NCEL,NewcelX Ltd. Ordinary Shares,$3.43,0.1901,5.867%,18466678.00,Switzerland,2021,9395,Health Care,Biotechnology: Pharmaceutical Preparations
NCEW,New Century Logistics (BVI) Limited Ordinary Shares,$15.7501,0.7501,5.001%,50400320.00,Hong Kong,2024,276,Industrials,Integrated Freight & Logistics
NCI,Neo-Concept International Group Holdings Limited Class A Ordinary Shares,$1.03,-0.05,-4.63%,19481439.00,Hong Kong,2024,261274,Consumer Discretionary,Apparel
NCMI,National CineMedia Inc. Common Stock,$2.94,-0.04,-1.342%,275714050.00,United States,2007,374357,Consumer Discretionary,Advertising
NCNA,NuCana plc American Depositary Share,$1.98,0.11,5.882%,8240703.00,United Kingdom,2017,62040,Health Care,Biotechnology: Pharmaceutical Preparations
NCNO,nCino Inc. Common Stock,$14.61,-0.72,-4.697%,1589489077.00,United States,2020,4690830,Technology,Computer Software: Prepackaged Software
NCPL,Netcapital Inc. Common Stock,$0.3801,-0.0059,-1.528%,2982986.00,United States,,164422,Finance,Finance: Consumer Services
NCPLW,Netcapital Inc. Warrants,$0.0299,0.0017,6.028%,234652.00,United States,,1896,Finance,Finance: Consumer Services
NCRA,Nocera Inc. Common Stock,$0.2086,0.0172,8.986%,3561943.00,Taiwan,,688707,Consumer Staples,Farming/Seeds/Milling
NCSM,NCS Multistage Holdings Inc. Common Stock,$43.86,1.83,4.354%,115111579.00,United States,2017,21526,Energy,Oilfield Services/Equipment
NCT,Intercont (Cayman) Limited Class A Ordinary shares,$2.47,-0.18,-6.792%,3011849.00,China,2025,26663,Consumer Discretionary,Restaurants
NCTY,The9 Limited American Depository Shares,$6.08,-0.16,-2.564%,92571241.00,China,2004,25168,Finance,Finance: Consumer Services
NDAQ,Nasdaq Inc. Common Stock,$90.93,0.72,0.798%,51424624762.00,United States,,3481073,Finance,Investment Bankers/Brokers/Service
NDLS,Noodles & Company Class A Common Stock,$12.49,-0.24,-1.885%,73591692.00,United States,2013,18500,Consumer Discretionary,Restaurants
NDRA,ENDRA Life Sciences Inc. Common Stock,$5.74,0.08,1.413%,7121911.00,United States,2017,13377,Health Care,Biotechnology: Electromedical & Electrotherapeutic Apparatus
NDSN,Nordson Corporation Common Stock,$280.28,1.35,0.484%,15635026847.00,United States,,304475,Industrials,Industrial Machinery/Components
NECB,NorthEast Community Bancorp Inc. Common Stock,$23.51,-0.11,-0.466%,324800219.00,United States,2021,27720,Finance,Banks
NEGG,Newegg Commerce Inc. Common Shares,$22.25,-1.02,-4.383%,466650585.00,China,2010,85589,Consumer Discretionary,Other Specialty Stores
NEO,NeoGenomics Inc. Common Stock,$8.36,0.10,1.211%,1088570481.00,United States,,1019504,Health Care,Precision Instruments
NEOG,Neogen Corporation Common Stock,$8.43,-0.26,-2.992%,1834983736.00,United States,1989,3333779,Health Care,Biotechnology: In Vitro & In Vivo Diagnostic Substances
NEON,Neonode Inc. Common Stock,$1.73,0.09,5.488%,29034455.00,Sweden,,128684,Technology,Industrial Machinery/Components
NEOV,NeoVolta Inc. Common Stock,$2.82,-0.17,-5.686%,120445869.00,United States,,729567,Miscellaneous,Industrial Machinery/Components
NEOVW,NeoVolta Inc. Warrant,$1.29,0.01,0.781%,55097578.00,United States,,1685,Miscellaneous,Industrial Machinery/Components
NEPH,Nephros Inc. Common Stock,$3.34,-0.21,-5.915%,36260864.00,United States,,49808,Health Care,Medical/Dental Instruments
NERV,Minerva Neurosciences Inc Common Stock,$5.50,-0.05,-0.901%,256237900.00,United States,2014,63030,Health Care,Biotechnology: Pharmaceutical Preparations
NESR,National Energy Services Reunited Corp Ordinary Shares,$25.99,-0.70,-2.623%,2621020157.00,United States,,1457720,Energy,Oilfield Services/Equipment
NEUP,Neuphoria Therapeutics Inc. Common Stock,$5.09,0.11,2.209%,27439656.00,United States,2021,21353,Health Care,Biotechnology: Pharmaceutical Preparations
NEWT,NewtekOne Inc. Common Stock,$13.10,0.26,2.025%,378051865.00,United States,,165718,Finance,Major Banks
NEWTG,NewtekOne Inc. 8.50% Fixed Rate Senior Notes due 2029,$25.60,0.046,0.18%,673839411.00,United States,,1287,Finance,Major Banks
NEWTH,NewtekOne Inc. 8.625% Fixed Rate Senior Notes due 2029,$25.27,0.08,0.318%,0.00,United States,,5415,Finance,Major Banks
NEWTI,NewtekOne Inc. 8.00% Fixed Rate Senior Notes due 2028,$25.33,-0.081,-0.319%,666732511.00,United States,,1617,Finance,Major Banks
NEWTP,NewtekOne Inc. Depositary Shares Non-Cumulative Perpetual Preferred Stock Series B,$24.65,0.1974,0.807%,711372403.00,United States,,6526,Finance,Major Banks
NEXM,NexMetals Mining Corp. Common Shares,$3.14,-0.09,-2.786%,0.00,Canada,,24399,,
NEXN,Nexxen International Ltd. Ordinary Shares,$8.08,0.47,6.176%,529746374.00,Israel,2021,440290,Technology,Computer Software: Programming Data Processing
NEXR,Nexera Technologies Ltd Ordinary Shares,$1.40,-0.13,-8.497%,1132837.00,Israel,2022,99711,Consumer Discretionary,Other Specialty Stores
NEXRW,Nexera Technologies Ltd Warrant,$0.0198,0.0018,10.00%,16022.00,Israel,2022,8176,Consumer Discretionary,Other Specialty Stores
NEXT,NextDecade Corporation Common Stock,$8.92,0.38,4.45%,2363737444.00,United States,2015,3588723,Utilities,Oil & Gas Production
NFBK,Northfield Bancorp Inc. Common Stock (Delaware),$14.04,0.07,0.501%,586364482.00,United States,2007,172091,Finance,Savings Institutions
NFE,New Fortress Energy Inc. Class A Common Stock,$0.691,-0.0533,-7.161%,197373543.00,United States,2019,5552111,Utilities,Oil/Gas Transmission
NFLX,Netflix Inc. Common Stock,$86.94,-0.62,-0.708%,366086824024.00,United States,2002,29408528,Consumer Discretionary,Consumer Electronics/Video Chains
NGEN,NervGen Pharma Corp. Common stock,$3.71,0.07,1.923%,270220781.00,Canada,,123048,,
NGNE,Neurogene Inc. Common Stock ,$31.27,-1.35,-4.139%,494125444.00,Canada,2014,122265,Health Care,Biotechnology: Pharmaceutical Preparations
NHIC,NewHold Investment Corp III Class A Ordinary Shares,$10.56,0.00,0.00%,0.00,United States,2025,503,,
NHICW,NewHold Investment Corp III Warrants,$0.715,-0.005,-0.694%,0.00,United States,2025,1613,,
NHIVU,NewHold Investment Corp IV Units,$10.10,-0.0079,-0.078%,0.00,United States,2026,2658,Finance,Blank Checks
NHP,National Healthcare Properties Inc. Class A Common Stock,$14.45,1.29,9.802%,410556044.00,United States,,697245,,
NHPAP,National Healthcare Properties Inc. 7.375% Series A Cumulative Redeemable Perpetual Preferred Stock,$21.73,0.525,2.476%,617396737.00,United States,,5858,Real Estate,Real Estate Investment Trusts
NHPBP,National Healthcare Properties Inc. 7.125% Series B Cumulative Redeemable Perpetual Preferred Stock,$20.89,0.39,1.902%,593530503.00,United States,,1596,Real Estate,Real Estate Investment Trusts
NHTC,Natural Health Trends Corp. Common Stock,$2.93,0.07,2.448%,25133095.00,United States,,35950,Consumer Discretionary,Consumer Specialties
NICE,NICE Ltd American Depositary Shares,$87.94,1.56,1.806%,5223950825.00,Israel,,685346,Technology,Computer Software: Prepackaged Software
NICM,Nicola Mining Inc. American Depositary Shares,$6.48,-0.15,-2.262%,1487326594.00,Canada,,14342,,
NIOBW,NioCorp Developments Ltd. Warrant,$1.98,-0.055,-2.703%,248135921.00,United States,,19658,Basic Materials,Metal Mining
NIPG,NIP Group Inc. American Depositary Shares,$0.5305,-0.0361,-6.371%,119021791.00,Sweden,2024,107514,Consumer Discretionary,Services-Misc. Amusement & Recreation
NIU,Niu Technologies American Depositary Shares,$2.83,-0.16,-5.351%,221974129.00,China,2018,287068,Industrials,Auto Manufacturing
NIVF,NewGenIvf Group Limited Class A Ordinary Shares,$0.9708,-0.0792,-7.543%,6397356.00,Singapore,,160896,Health Care,Misc Health and Biotechnology Services
NIVFW,NewGenIvf Group Limited Warrants,$0.0234,0.0005,2.183%,13304.00,Singapore,,891,Health Care,Misc Health and Biotechnology Services
NIXX,Nixxy Inc. Common Stock,$0.58,-0.05,-7.937%,15597609.00,United States,,1361824,Technology,EDP Services
NIXXW,Nixxy Inc. Warrant,$0.0055,-0.0045,-45.00%,147908.00,United States,,354,Technology,EDP Services
NKLR,Terra Innovatum Global N.V. Ordinary shares,$6.34,0.48,8.191%,445708010.00,Italy,,480909,Industrials,Metal Fabrications
NKSH,National Bankshares Inc. Common Stock,$35.15,-0.03,-0.085%,223849612.00,United States,,20213,Finance,Major Banks
NKTR,Nektar Therapeutics  Common Stock,$74.33,-1.62,-2.133%,2511315759.00,United States,,788841,Health Care,Biotechnology: Pharmaceutical Preparations
NKTX,Nkarta Inc. Common Stock,$2.81,-0.25,-8.17%,201042456.00,United States,2020,837972,Health Care,Biotechnology: Pharmaceutical Preparations
NMFC,New Mountain Finance Corporation Common Stock,$8.05,-0.03,-0.371%,760341740.00,United States,,426876,Finance,Finance/Investors Services
NMFCZ,New Mountain Finance Corporation 8.250% Notes due 2028,$25.16,-0.0201,-0.08%,2676041779.00,United States,,18944,,
NMIH,NMI Holdings Inc. Common Stock,$37.67,0.59,1.591%,2861861134.00,United States,2013,527523,Finance,Property-Casualty Insurers
NMP,NMP Acquisition Corp. Class A Ordinary Shares,$10.20,-0.04,-0.391%,0.00,United States,2025,160,Finance,Blank Checks
NMRA,Neumora Therapeutics Inc. Common Stock,$1.97,0.19,10.674%,365009961.00,United States,2023,1375825,Health Care,Biotechnology: Biological Products (No Diagnostic Substances)
NMRK,Newmark Group Inc. Class A Common Stock,$14.79,-0.99,-6.274%,2625634934.00,United States,2017,1627574,Finance,Real Estate
NMTC,NeuroOne Medical Technologies Corporation Common Stock,$4.60,0.09,1.996%,39651430.00,United States,,118348,Health Care,Medical/Dental Instruments
NN,NextNav Inc. Common Stock,$22.18,1.15,5.468%,3017105321.00,United States,,4757559,Industrials,Industrial Machinery/Components
NNAVW,NextNav Inc. Warrant,$10.74,1.16,12.109%,1460942793.00,United States,,268304,Industrials,Industrial Machinery/Components
NNBR,NN Inc. Common Stock,$2.33,0.07,3.097%,122962283.00,United States,1994,787585,Industrials,Industrial Machinery/Components
NNDM,Nano Dimension Ltd. American Depositary Shares,$1.64,-0.01,-0.606%,343102089.00,Israel,,3005396,Technology,Electrical Products
NNE,Nano Nuclear Energy Inc. Common Stock,$27.54,0.49,1.811%,1434371163.00,United States,2024,2104879,Utilities,Electric Utilities: Central
NNNN,Anbio Biotechnology Class A Ordinary Shares,$25.07,-0.17,-0.674%,3607352384.00,Germany,2025,10326,Health Care,Biotechnology: In Vitro & In Vivo Diagnostic Substances
NNOX,NANO-X IMAGING LTD Ordinary Shares,$1.77,-0.02,-1.117%,123174704.00,Israel,2020,963763,Health Care,Medical Electronics
NODK,NI Holdings Inc. Common Stock,$13.93,0.21,1.531%,285306417.00,United States,2017,13872,Finance,Property-Casualty Insurers
NOEM,CO2 Energy Transition Corp. Common Stock,$10.44,0.00,0.00%,0.00,United States,2025,38,,
NOEMR,CO2 Energy Transition Corp. Right,$0.1301,-0.0099,-7.071%,0.00,United States,2025,17873,,
NOEMW,CO2 Energy Transition Corp. Warrant,$0.0812,0.0059,7.835%,0.00,United States,2025,893,,
NOMA,NOMADAR Corp. Class A Common Stock,$3.40,0.10,3.03%,48538060.00,United States,,6911,Consumer Discretionary,Services-Misc. Amusement & Recreation
NOTV,Inotiv Inc. Common Stock,$0.3092,-0.0048,-1.529%,10787415.00,United States,,1139064,Health Care,Biotechnology: Commercial Physical & Biological Resarch
NOVT,Novanta Inc. Common Stock,$155.71,0.27,0.174%,5545122409.00,United States,,694405,Miscellaneous,Industrial Machinery/Components
NOVTU,Novanta Inc. Tangible Equity Units,$66.43,0.21,0.317%,2365695727.00,United States,,356298,Miscellaneous,Industrial Machinery/Components
NPAC,New Providence Acquisition Corp. III Class A Ordinary Shares,$10.34,0.005,0.048%,0.00,United States,2025,41829,Finance,Blank Checks
NPACU,New Providence Acquisition Corp. III Units,$10.40,0.02,0.193%,0.00,United States,2025,889,Finance,Blank Checks
NPACW,New Providence Acquisition Corp. III Warrants,$0.30,0.01,3.448%,0.00,United States,2025,7748,Finance,Blank Checks
NPCE,Neuropace Inc. Common Stock,$15.79,-0.02,-0.127%,538340234.00,United States,2021,123761,Health Care,Medical/Dental Instruments
NPT,Texxon Holding Limited Ordinary shares,$1.21,-0.01,-0.82%,26843850.00,China,2025,46894,Consumer Discretionary,Specialty Chemicals
NRC,NRC Health Common Stock,$18.93,0.26,1.393%,426619655.00,United States,,88663,Health Care,Biotechnology: Commercial Physical & Biological Resarch
NRDS,NerdWallet Inc. Class A Common Stock,$7.58,-0.21,-2.696%,498754775.00,United States,2021,1909124,Technology,EDP Services
NRIM,Northrim BanCorp Inc Common Stock,$23.50,0.09,0.384%,522752001.00,United States,,110425,Finance,Savings Institutions
NRIX,Nurix Therapeutics Inc. Common stock,$16.00,-0.18,-1.112%,1654493008.00,United States,2020,529150,Health Care,Biotechnology: Pharmaceutical Preparations
NRSN,NeuroSense Therapeutics Ltd. Ordinary Shares,$0.8509,0.0184,2.21%,30079156.00,Israel,2021,93473,Health Care,Biotechnology: Pharmaceutical Preparations
NRSNW,NeuroSense Therapeutics Ltd. Warrant,$0.14,0.00,0.00%,4948974.00,Israel,2021,76,Health Care,Biotechnology: Pharmaceutical Preparations
NRXP,NRX Pharmaceuticals Inc. Common Stock,$3.21,0.26,8.814%,106147092.00,United States,2017,1511717,Health Care,Biotechnology: Pharmaceutical Preparations
NRXPW,NRX Pharmaceuticals Inc. Warrant,$0.005,-0.005,-50.00%,165338.00,United States,2017,116585,Health Care,Biotechnology: Pharmaceutical Preparations
NSIT,Insight Enterprises Inc. Common Stock,$89.35,2.03,2.325%,2698719984.00,United States,1995,587577,Consumer Discretionary,Catalog/Specialty Distribution
NSPR,InspireMD Inc. Common Stock,$1.14,-0.03,-2.564%,53396417.00,Israel,,189676,Health Care,Medical/Dental Instruments
NSSC,NAPCO Security Technologies Inc. Common Stock,$37.52,-0.37,-0.977%,1340489684.00,United States,,345388,Telecommunications,Telecommunications Equipment
NSTS,NSTS Bancorp Inc. Common Stock,$13.65,0.01,0.073%,71819925.00,United States,2022,73427,Finance,Savings Institutions
NSYS,Nortech Systems Incorporated Common Stock,$12.11,-1.85,-13.252%,33841807.00,United States,,33716,Technology,Industrial Machinery/Components
NTAP,NetApp Inc. Common Stock,$119.93,1.35,1.138%,23665834872.00,United States,1995,4518432,Technology,Electronic Components
NTCL,NETCLASS TECHNOLOGY INC Class A Ordinary Shares,$0.382,-0.0431,-10.139%,22898189.00,China,2024,84751,Technology,Computer Software: Prepackaged Software
NTCT,NetScout Systems Inc. Common Stock,$38.94,-0.46,-1.168%,2812260429.00,United States,1999,532004,Technology,EDP Services
NTES,NetEase Inc. American Depositary Shares,$116.28,-3.58,-2.987%,74201536049.00,China,,875141,Technology,Computer Software: Prepackaged Software
NTGR,NETGEAR Inc. Common Stock,$25.82,0.14,0.545%,693006295.00,United States,2003,411624,Utilities,Telecommunications Equipment
NTHI,NeOnc Technologies Holdings Inc. Common Stock,$5.46,0.04,0.738%,136016692.00,United States,,78572,Health Care,Biotechnology: Pharmaceutical Preparations
NTIC,Northern Technologies International Corporation Common Stock,$7.98,-0.02,-0.25%,75746168.00,United States,,9914,Industrials,Industrial Specialties
NTLA,Intellia Therapeutics Inc. Common Stock,$13.09,-1.19,-8.333%,1828964606.00,United States,2016,14169870,Health Care,Biotechnology: In Vitro & In Vivo Diagnostic Substances
NTNX,Nutanix Inc. Class A Common Stock,$45.54,1.04,2.337%,12077758897.00,United States,2016,3018521,Technology,Computer Software: Prepackaged Software
NTRA,Natera Inc. Common Stock,$196.91,1.59,0.814%,28200540870.00,United States,2015,1382253,Health Care,Medical Specialities
NTRB,Nutriband Inc. Common Stock,$3.59,0.09,2.571%,43639979.00,United States,,5583,Health Care,Industrial Specialties
NTRBW,Nutriband Inc. Warrant,$1.12,0.00,0.00%,13614701.00,United States,,99,Health Care,Industrial Specialties
NTRP,NextTrip Inc. Common Stock,$2.5796,0.0696,2.773%,35254895.00,United States,,53158,Consumer Discretionary,Miscellaneous manufacturing industries
NTRS,Northern Trust Corporation Common Stock,$164.30,1.33,0.816%,30403264489.00,United States,,794854,Finance,Major Banks
NTRSO,Northern Trust Corporation Depositary Shares Each Representing a 1/1000th Interest in a Share of Series E Non-Cumulative Perpetual Preferred Stock,$19.22,0.02,0.104%,3556608299.00,United States,,13010,Finance,Major Banks
NTSK,Netskope Inc. Class A Common Stock,$10.92,0.36,3.409%,4371432243.00,United States,2025,2657348,Technology,Computer Software: Prepackaged Software
NTWK,NetSol Technologies Inc. Common  Stock,$4.15,-0.29,-6.532%,49220809.00,United States,,70927,Technology,Computer Software: Prepackaged Software
NTWO,Newbury Street II Acquisition Corp Class A Ordinary Shares,$10.64,0.00,0.00%,0.00,United States,2024,104,,
NTWOW,Newbury Street II Acquisition Corp Warrant,$0.215,0.0307,16.658%,0.00,United States,2024,210,,
NUAI,New Era Energy & Digital Inc. Common Stock,$5.28,0.29,5.812%,524572900.00,United States,,6501038,Energy,Oil & Gas Production
NUAIW,New Era Energy & Digital Inc. Warrants,$2.285,0.09,4.10%,227016870.00,United States,,85986,Energy,Oil & Gas Production
NUCL,Eagle Nuclear Energy Corp. Common stock,$10.86,0.17,1.59%,321231339.00,United States,,296769,Basic Materials,Other Metals and Minerals
NUCLW,Eagle Nuclear Energy Corp. Warrants,$1.6301,-0.0499,-2.97%,48217238.00,United States,,142033,Basic Materials,Other Metals and Minerals
NUTX,Nutex Health Inc. Common Stock,$127.84,-4.06,-3.078%,879710378.00,United States,,87733,Real Estate,Real Estate
NUVL,Nuvalent Inc. Class A Common Stock,$104.41,-0.81,-0.77%,8248172305.00,United States,2021,303797,Health Care,Biotechnology: Pharmaceutical Preparations
NUWE,Nuwellis Inc. Common Stock,$1.02,-0.01,-0.971%,2688432.00,United States,,122648,Health Care,Biotechnology: Electromedical & Electrotherapeutic Apparatus
NVA,Nova Minerals Limited American Depositary Shares,$6.03,-0.10,-1.631%,226641675.00,Australia,2024,386618,Basic Materials,Precious Metals
NVAWW,Nova Minerals Limited Warrant,$23.20,-0.63,-2.644%,10463854310.00,Australia,2024,637,Basic Materials,Precious Metals
NVAX,Novavax Inc. Common Stock,$9.35,0.12,1.30%,1537496413.00,United States,,4610176,Health Care,Biotechnology: Biological Products (No Diagnostic Substances)
NVCR,NovoCure Limited Ordinary Shares,$18.05,-0.05,-0.276%,2090567967.00,Jersey,2015,1560920,Health Care,Medical/Dental Instruments
NVCT,Nuvectis Pharma Inc. Common Stock,$12.45,0.41,3.405%,330242886.00,United States,2022,170372,Health Care,Biotechnology: Pharmaceutical Preparations
NVDA,NVIDIA Corporation Common Stock,$235.74,9.91,4.388%,5731344310289.00,United States,1999,180786939,Technology,Semiconductors
NVEC,NVE Corporation Common Stock,$92.66,-2.94,-3.075%,448211802.00,United States,,177903,Technology,Semiconductors
NVMI,Nova Ltd. Ordinary Shares,$556.11,52.46,10.416%,17674828559.00,Israel,2000,599691,Technology,Electronic Components
NVNI,Nvni Group Limited Ordinary Shares,$1.15,0.01,0.877%,13445953.00,Cayman Islands,,61921,Technology,Computer Software: Prepackaged Software
NVNIW,Nvni Group Limited Warrants,$0.0483,0.0044,10.023%,564730.00,Cayman Islands,,200,Technology,Computer Software: Prepackaged Software
NVNO,enVVeno Medical Corporation Common Stock,$10.30,0.85,8.995%,6876991.00,United States,2018,14322,Health Care,Medical/Dental Instruments
NVTS,Navitas Semiconductor Corporation Common Stock,$22.32,1.15,5.432%,5216477865.00,United States,,40119644,Technology,Semiconductors
NVVE,Nuvve Holding Corp. Common Stock,$0.4092,-0.0034,-0.824%,2173631.00,United States,2020,388769,Industrials,Electrical Products
NVX,NOVONIX Limited American Depository Shares,$0.64,-0.01,-1.538%,134411808.00,Australia,,601026,Miscellaneous,Industrial Machinery/Components
NWBI,Northwest Bancshares Inc. Common Stock,$13.58,0.06,0.444%,1986952961.00,United States,2009,806907,Finance,Major Banks
NWE,NorthWestern Energy Group Inc. Common Stock,$71.68,0.50,0.702%,4408894587.00,United States,,325440,Utilities,Power Generation
NWFL,Norwood Financial Corp. Common Stock,$29.35,0.03,0.102%,319642016.00,United States,,11263,Finance,Major Banks
NWGL,CL Workshop Group Limited American Depositary Shares,$0.81,-0.0316,-3.755%,13408064.00,China,2023,29192,Energy,
NWL,Newell Brands Inc. Common Stock,$3.95,-0.09,-2.228%,1678464699.00,United States,,7882078,Industrials,Plastic Products
NWPX,NWPX Infrastructure Inc. Common Stock,$113.53,0.05,0.044%,1094089518.00,United States,1995,107713,Industrials,Steel/Iron Ore
NWS,News Corporation Class B Common Stock,$30.08,-0.60,-1.956%,16467198541.00,United States,,1236986,Consumer Discretionary,Newspapers/Magazines
NWSA,News Corporation Class A Common Stock,$26.25,-0.41,-1.538%,14370477450.00,United States,,4241348,Consumer Discretionary,Newspapers/Magazines
NWTG,Newton Golf Company Inc. Common Stock,$1.11,0.00,0.00%,5097190.00,United States,2023,44897,Consumer Discretionary,Recreational Games/Products/Toys
NXGL,NexGel Inc Common Stock,$0.542,0.009,1.689%,4593826.00,United States,2021,123478,Health Care,Medical/Dental Instruments
NXL,Nexalin Technology Inc. Common Stock,$0.34,-0.0004,-0.118%,6997760.00,United States,2022,74309,Health Care,Biotechnology: Electromedical & Electrotherapeutic Apparatus
NXPI,NXP Semiconductors N.V. Common Stock,$294.17,-4.24,-1.421%,74269417309.00,Netherlands,2010,2172470,Technology,Semiconductors
NXPL,NextPlat Corp Common Stock,$6.265,-0.145,-2.262%,16968796.00,United States,,16843,Telecommunications,Telecommunications Equipment
NXPLW,NextPlat Corp Warrants,$0.0068,-0.0006,-8.108%,18418.00,United States,,11339,Telecommunications,Telecommunications Equipment
NXST,Nexstar Media Group Inc. Common Stock,$197.30,1.33,0.679%,6025337795.00,United States,2003,470136,Industrials,Broadcasting
NXT,Nextpower Inc. Class A Common Stock,$142.75,6.38,4.678%,21194926588.00,United States,2023,3155392,Industrials,Industrial Machinery/Components
NXTC,NextCure Inc. Common Stock,$10.25,0.45,4.592%,37023984.00,United States,2019,27769,Health Care,Biotechnology: Pharmaceutical Preparations
NXTS,Nexentis Technologies Inc. Common Stock,$4.64,-0.07,-1.486%,3389330.00,Israel,,7259,Industrials,Agricultural Chemicals
NXTT,Next Technology Holding Inc. Ordinary Shares,$1.45,-0.08,-5.229%,110583342.00,China,,89774,Technology,EDP Services
NXXT,NextNRG Inc. Common Stock,$0.2981,0.0031,1.051%,46698847.00,United States,2021,1614374,Consumer Discretionary,Retail-Auto Dealers and Gas Stations
NYAX,Nayax Ltd. Ordinary Shares,$65.42,-3.09,-4.51%,2444038537.00,Israel,,79564,Technology,Computer Software: Prepackaged Software
NYXH,Nyxoah SA Ordinary Shares,$2.92,-0.16,-5.195%,127494217.00,Belgium,2021,71112,Health Care,Medical/Dental Instruments
OABI,OmniAb Inc. Common Stock,$2.19,0.18,8.955%,317489948.00,United States,2021,1137214,Health Care,Biotechnology: Commercial Physical & Biological Resarch
OABIW,OmniAb Inc. Warrant,$0.09,0.00,0.00%,13047532.00,United States,2021,297,Health Care,Biotechnology: Commercial Physical & Biological Resarch
OACC,Oaktree Acquisition Corp. III Life Sciences Class A Ordinary Share,$10.64,0.00,0.00%,0.00,United States,2024,77,Finance,Blank Checks
OACCU,Oaktree Acquisition Corp. III Life Sciences Unit,$10.68,0.00,0.00%,0.00,United States,2024,72,Finance,Blank Checks
OACCW,Oaktree Acquisition Corp. III Life Sciences Warrant,$0.85,0.00,0.00%,0.00,United States,2024,5,Finance,Blank Checks
OBA,Oxley Bridge Acquisition Limited Class A Ordinary Shares,$10.18,0.00,0.00%,0.00,Hong Kong,2025,5,Finance,Blank Checks
OBAI,Our Bond Inc. Common Stock,$0.5785,0.0368,6.793%,11959438.00,United States,,349464,Consumer Discretionary,Telecommunications Equipment
OBIO,Orchestra BioMed Holdings Inc. Ordinary Shares,$4.11,0.05,1.232%,246109739.00,United States,2020,627262,Health Care, Medicinal Chemicals and Botanical Products 
OBT,Orange County Bancorp Inc. Common Stock,$33.17,0.02,0.06%,444740176.00,United States,,34294,Finance,Major Banks
OCC,Optical Cable Corporation Common Stock,$13.13,1.63,14.174%,115958882.00,United States,,358622,Industrials,Telecommunications Equipment
OCCI,OFS Credit Company Inc. Common Stock,$3.65,-0.04,-1.084%,42400262.00,United States,2018,560590,Finance,Trusts Except Educational Religious and Charitable
OCCIM,OFS Credit Company Inc. 7.875% Series F Term Preferred Stock,$25.45,0.00,0.00%,0.00,United States,,45,,
OCCIN,OFS Credit Company Inc. 5.25% Series E Term Preferred Stock Due 2026,$24.87,0.14,0.566%,288902604.00,United States,,3207,Finance,Trusts Except Educational Religious and Charitable
OCFC,OceanFirst Financial Corp. Common Stock,$18.55,0.37,2.035%,1068481280.00,United States,,666209,Finance,Major Banks
OCG,Oriental Culture Holding LTD Ordinary Shares,$2.06,-0.30,-12.712%,3994058.00,China,2020,1643298,Consumer Discretionary,Other Consumer Services
OCGN,Ocugen Inc. Common Stock,$1.46,-0.01,-0.68%,494241910.00,United States,2014,4238693,Health Care,Biotechnology: Biological Products (No Diagnostic Substances)
OCS,Oculis Holding AG Ordinary shares,$30.22,-1.15,-3.666%,1752289716.00,Switzerland,,243144,Health Care,Biotechnology: Pharmaceutical Preparations
OCSAW,Oculis Holding AG Warrants,$19.08,-3.22,-14.439%,1106343077.00,Switzerland,,101,Health Care,Biotechnology: Pharmaceutical Preparations
OCSL,Oaktree Specialty Lending Corporation Common Stock,$12.09,0.09,0.75%,1064953973.00,United States,,303159,Finance,Finance: Consumer Services
OCUL,Ocular Therapeutix Inc. Common Stock,$9.50,0.26,2.814%,2080123401.00,United States,2014,2843021,Health Care,Biotechnology: Pharmaceutical Preparations
ODD,ODDITY Tech Ltd. Class A Ordinary Shares,$12.54,-0.12,-0.948%,710474830.00,Israel,2023,1295819,Consumer Discretionary,Package Goods/Cosmetics
ODFL,Old Dominion Freight Line Inc. Common Stock,$198.81,9.63,5.09%,41346174343.00,United States,1991,2482082,Industrials,Trucking Freight/Courier Services
ODTX,Odyssey Therapeutics Inc. Common Stock,$17.32,-0.62,-3.456%,779309399.00,United States,2026,356670,Health Care,Biotechnology: Biological Products (No Diagnostic Substances)
ODVWZ,Osisko Development Corp. Warrant expiring 5/27/2027,$0.125,-0.0251,-16.722%,38090172.00,Canada,,12035,Basic Materials,Precious Metals
ODYS,Odysight.ai Inc. Common Stock,$4.52,0.01,0.222%,73944533.00,Israel,,297568,Technology,Electronic Components
OESX,Orion Energy Systems Inc. Common Stock,$9.68,0.245,2.597%,39231714.00,United States,2015,22082,Consumer Discretionary,Building Products
OFAL,OFA Group Class A Ordinary Shares,$0.5801,-0.1399,-19.431%,26839397.00,Hong Kong,2025,960495,Consumer Discretionary,Military/Government/Technical
OFIX,Orthofix Medical Inc. Common Stock (DE),$12.29,0.08,0.655%,496782103.00,Curacao,1992,237220,Health Care,Medical/Dental Instruments
OFLX,Omega Flex Inc. Common Stock,$27.45,-0.42,-1.507%,277089139.00,United States,,33559,Industrials,Industrial Specialties
OFS,OFS Capital Corporation Common Stock,$3.60,0.27,8.108%,48233081.00,United States,,41001,Finance,Finance/Investors Services
OFSSH,OFS Capital Corporation 4.95% Notes due 2028,$23.75,0.00,0.00%,318204353.00,United States,,91,Finance,Finance Companies
OGI,Organigram Global Inc. Common Shares,$1.09,-0.025,-2.242%,153436777.00,Canada,,703233,Health Care,Biotechnology: Pharmaceutical Preparations
OIM,OneIM Acquisition Corp. Class A Ordinary Shares,$9.99,0.00,0.00%,0.00,United States,2026,10,,
OIMAU,OneIM Acquisition Corp. Units,$10.14,0.00,0.00%,0.00,United States,2026,141,Finance,Blank Checks
OIMAW,OneIM Acquisition Corp. Warrant,$0.59,0.006,1.027%,0.00,United States,2026,2811,,
OIO,OIO Group Ordinary Shares,$1.78,0.03,1.714%,619479352.00,Singapore,,51272,Utilities,Environmental Services
OKTA,Okta Inc. Class A Common Stock,$81.05,2.85,3.645%,14248678831.00,United States,2017,2548110,Technology,Computer Software: Prepackaged Software
OKUR,OnKure Therapeutics Inc. Class A Common Stock,$3.34,-0.06,-1.765%,134920903.00,United States,2021,90203,Health Care,Biotechnology: Pharmaceutical Preparations
OKYO,OKYO Pharma Limited Ordinary Shares,$1.61,-0.01,-0.617%,54482400.00,Guernsey,2022,35229,Health Care,Biotechnology: Biological Products (No Diagnostic Substances)
OLB,The OLB Group Inc. Common Stock,$0.4257,-0.0043,-1.00%,5323697.00,United States,,175835,Real Estate,Real Estate
OLED,Universal Display Corporation Common Stock,$92.49,1.70,1.872%,4323989909.00,United States,,756853,Technology,Electrical Products
OLLI,Ollie's Bargain Outlet Holdings Inc. Common Stock,$78.75,4.53,6.103%,4777076903.00,United States,2015,1717542,Consumer Discretionary,Department/Specialty Retail Stores
OLMA,Olema Pharmaceuticals Inc. Common Stock,$13.82,0.24,1.767%,1207142049.00,United States,2020,1164642,Health Care,Biotechnology: Pharmaceutical Preparations
OLOX,Olenox Industries Inc. Common Stock,$5.06,0.34,7.203%,4862377.00,United States,2017,47296,Consumer Discretionary,RETAIL: Building Materials
OLPX,Olaplex Holdings Inc. Common Stock,$2.03,-0.01,-0.49%,1364245617.00,United States,2021,3596080,Consumer Discretionary,Package Goods/Cosmetics
OM,Outset Medical Inc. Common Stock,$3.81,-0.08,-2.057%,70626888.00,United States,2020,329977,Health Care,Biotechnology: Electromedical & Electrotherapeutic Apparatus
OMAB,Grupo Aeroportuario del Centro Norte S.A.B. de C.V. ADS,$104.48,-1.38,-1.304%,5043372677.00,Mexico,2006,54617,Consumer Discretionary,Aerospace
OMCL,Omnicell Inc. Common Stock ($0.001 par value),$43.80,0.63,1.459%,1991976214.00,United States,2001,456310,Technology,Computer Manufacturing
OMDA,Omada Health Inc. Common Stock,$16.58,0.54,3.367%,985656246.00,United States,2025,1644671,Health Care,Medical/Nursing Services
OMER,Omeros Corporation Common Stock,$13.28,-1.10,-7.65%,961144714.00,United States,2009,3446070,Health Care,Biotechnology: Pharmaceutical Preparations
OMEX,Odyssey Marine Exploration Inc. Common Stock,$1.15,0.01,0.877%,67360232.00,United States,,784863,Consumer Discretionary,Marine Transportation
OMH,Ohmyhome Limited Class A Ordinary Shares,$0.89,0.00,0.00%,20560007.00,Singapore,2023,27089,Finance,Real Estate
OMSE,OMS Energy Technologies Inc. Ordinary Shares,$4.44,-0.09,-1.987%,188472246.00,Singapore,2025,11865,Consumer Discretionary,Oil and Gas Field Machinery
ON,ON Semiconductor Corporation Common Stock,$118.37,2.66,2.299%,46389580719.00,United States,,11495275,Technology,Semiconductors
ONB,Old National Bancorp Common Stock,$23.59,0.15,0.64%,9114539070.00,United States,,2356792,Finance,Major Banks
ONBPO,Old National Bancorp Depositary Shares Each Representing a 1/40th Interest in a Share of Series C Preferred Stock,$24.89,0.1372,0.554%,9616823970.00,United States,,5579,Finance,Major Banks
ONBPP,Old National Bancorp Depositary Shares Each Representing a 1/40th Interest in a Share of Series A Preferred Stock,$24.7912,0.0825,0.334%,9578650318.00,United States,,12594,Finance,Major Banks
ONC,BeOne Medicines Ltd. American Depositary Shares,$304.62,-11.93,-3.769%,33865831800.00,Cayman Islands,2016,261909,Health Care,Biotechnology: Pharmaceutical Preparations
ONCH,1RT Acquisition Corp. Class A Ordinary Share,$10.205,0.005,0.049%,0.00,United States,2025,7612,,
ONCHU,1RT Acquisition Corp. Units,$10.31,0.01,0.097%,0.00,United States,2025,1837,,
ONCO,Onconetix Inc. Common Stock,$0.39,0.003,0.775%,4471183.00,United States,2022,397231,Health Care,Biotechnology: Pharmaceutical Preparations
ONCY,Oncolytics Biotech Inc. Common Stock,$0.8729,0.0019,0.218%,94291767.00,Canada,,754846,Health Care,Biotechnology: Pharmaceutical Preparations
ONDS,Ondas Inc. Common Stock,$11.21,2.35,26.524%,5525097048.00,United States,,244801225,Technology,Radio And Television Broadcasting And Communications Equipment
ONEG,OneConstruction Group Limited Ordinary Shares,$1.10,0.25,29.412%,17600000.00,Hong Kong,2024,1287615,Consumer Discretionary,Homebuilding
ONEW,OneWater Marine Inc. Class A Common Stock,$11.22,0.28,2.559%,186448810.00,United States,2020,98208,Consumer Discretionary,Auto & Home Supply Stores
ONFO,Onfolio Holdings Inc. Common Stock,$1.02,-0.01,-0.971%,5980479.00,United States,2022,150888,Technology,EDP Services
ONFOW,Onfolio Holdings Inc. Warrant,$0.07,0.0054,8.359%,410425.00,United States,2022,8907,Technology,EDP Services
ONMD,OneMedNet Corp Class A Common Stock,$0.945,0.014,1.504%,49325909.00,United Kingdom,2021,234763,Health Care,Biotechnology: Commercial Physical & Biological Resarch
ONMDW,OneMedNet Corp Warrant,$0.045,-0.0003,-0.662%,2348853.00,United Kingdom,2021,1519,Health Care,Biotechnology: Commercial Physical & Biological Resarch
OPAL,OPAL Fuels Inc. Class A Common Stock,$2.01,-0.02,-0.985%,351260728.00,United States,2021,284175,Utilities,Natural Gas Distribution
OPBK,OP Bancorp Common Stock,$14.07,0.12,0.86%,209561943.00,United States,2018,22227,Finance,Major Banks
OPCH,Option Care Health Inc. Common Stock,$19.95,0.17,0.859%,3132698705.00,United States,,5184530,Health Care,Medical/Nursing Services
OPEN,Opendoor Technologies Inc Common Stock,$4.47,-0.11,-2.402%,4312372745.00,United States,,42756426,Finance,Real Estate
OPENL,Opendoor Technologies Inc  Series A Warrants each whole warrant exercisable to purchase one share of Common Stock at an exercise price of $13.00 per warrant,$0.278,-0.0086,-3.001%,268196784.00,United States,,180588,Finance,Real Estate
OPENW,Opendoor Technologies Inc  Series K Warrants each whole warrant exercisable to purchase one share of Common Stock at an exercise price of $9.00 per warrant,$0.5193,-0.0379,-6.802%,500987733.00,United States,,1075337,Finance,Real Estate
OPENZ,Opendoor Technologies Inc  Series Z Warrants each whole warrant exercisable to purchase one share of Common Stock at an exercise price of $17.00 per warrant,$0.2811,-0.0118,-4.029%,271187467.00,United States,,369914,Finance,Real Estate
OPK,OPKO Health Inc. Common Stock,$1.10,-0.01,-0.901%,830601482.00,United States,,2059132,Health Care,Biotechnology: Pharmaceutical Preparations
OPRA,Opera Limited American Depositary Shares,$18.10,-0.09,-0.495%,1626837285.00,Norway,2018,322503,Technology,Computer Software: Prepackaged Software
OPRT,Oportun Financial Corporation Common Stock,$5.38,0.08,1.509%,246073361.00,United States,2019,294071,Finance,Finance: Consumer Services
OPRX,OptimizeRx Corporation Common Stock,$5.18,0.265,5.392%,97203089.00,United States,,1180214,Real Estate,Real Estate
OPTX,Syntec Optics Holdings Inc. Class A Common Stock,$7.64,0.90,13.353%,296876724.00,United States,2022,1046158,Technology,Electronic Components
OPTXW,Syntec Optics Holdings Inc. Warrant,$1.15,0.16,16.162%,44686942.00,United States,2022,32528,Technology,Electronic Components
OPXS,Optex Systems Holdings Inc. Common Stock,$11.22,0.00,0.00%,78089775.00,United States,,18585,Technology,Electronic Components
ORBS,Eightco Holdings Inc. Common Stock,$0.89,0.0425,5.015%,334440003.00,United States,,14128566,,
ORGN,Origin Materials Inc. Common Stock,$1.23,-0.02,-1.60%,6672796.00,United States,2020,561241,Industrials,Major Chemicals
ORGNW,Origin Materials Inc. Warrants,$0.001,0.00,0.00%,5425.00,United States,2020,69144,Industrials,Major Chemicals
ORGO,Organogenesis Holdings Inc. Class A Common Stock,$2.59,-0.11,-4.074%,333267079.00,United States,2016,3053928,Health Care,Biotechnology: Pharmaceutical Preparations
ORIC,Oric Pharmaceuticals Inc. Common Stock,$8.34,-0.26,-3.023%,863336467.00,United States,2020,2736340,Health Care,Biotechnology: Pharmaceutical Preparations
ORIO,Orion Digital Corp. Common Shares,$0.9672,0.0259,2.752%,23182382.00,Canada,,32782,Finance,Finance: Consumer Services
ORIQ,Origin Investment Corp I Ordinary Shares,$10.28,0.02,0.195%,0.00,Singapore,2025,329824,,
ORIQW,Origin Investment Corp I Warrant.,$0.186,0.0157,9.219%,0.00,Singapore,2025,1843,Finance,Blank Checks
ORIS,Oriental Rise Holdings Limited Ordinary Shares,$0.538,0.1177,28.004%,2720566.00,China,2024,1105706,Consumer Staples,Farming/Seeds/Milling
ORKA,Oruka Therapeutics Inc. Common Stock,$63.90,0.72,1.14%,3853943254.00,United States,,1084533,Health Care,Biotechnology: In Vitro & In Vivo Diagnostic Substances
ORKT,Orangekloud Technology Inc. Class A Ordinary Shares,$1.03,0.01,0.98%,6014963.00,Singapore,2024,113623,Technology,Computer Software: Prepackaged Software
ORLY,O'Reilly Automotive Inc. Common Stock,$89.68,-0.02,-0.022%,74319168285.00,United States,1993,7053941,Consumer Discretionary,Auto & Home Supply Stores
ORMP,Oramed Pharmaceuticals Inc. Common Stock,$4.73,0.17,3.728%,191310427.00,Israel,,118034,Health Care,Biotechnology: Pharmaceutical Preparations
ORRF,Orrstown Financial Services Inc. Common Stock,$36.03,0.43,1.208%,707910666.00,United States,,86853,Finance,Major Banks
OSBC,Old Second Bancorp Inc. Common Stock,$20.71,0.06,0.291%,1065164424.00,United States,,279763,Finance,Major Banks
OSIS,OSI Systems Inc. Common Stock (DE),$215.86,-2.63,-1.204%,3557996635.00,United States,1997,402874,Technology,Semiconductors
OSPN,OneSpan Inc. Common Stock,$12.18,0.25,2.096%,451547313.00,United States,,357582,Technology,EDP Services
OSRH,OSR Holdings Inc. Common Stock,$0.6001,-0.0165,-2.676%,21066507.00,United States,2023,1162451,Health Care,Medical/Dental Instruments
OSRHW,OSR Holdings Inc. Warrant,$0.0644,0.0003,0.468%,2260762.00,United States,2023,3099,Health Care,Medical/Dental Instruments
OSS,One Stop Systems Inc. Common Stock,$17.24,1.38,8.701%,427017853.00,United States,2018,2118673,Technology,Computer Manufacturing
OSUR,OraSure Technologies Inc. Common Stock,$2.95,-0.09,-2.961%,203103231.00,United States,,868115,Health Care,Medical/Dental Instruments
OSW,OneSpaWorld Holdings Limited Common Shares,$23.82,0.53,2.276%,2418083632.00,Bahamas,,689854,Consumer Discretionary,Hotels/Resorts
OTEX,Open Text Corporation Common Shares,$22.39,-0.44,-1.927%,5610996177.00,Canada,1996,4380886,Technology,EDP Services
OTGA,OTG Acquisition Corp. I Class A Ordinary Share ,$10.12,0.01,0.099%,0.00,United States,2025,7569,Finance,Blank Checks
OTGAU,OTG Acquisition Corp. I Unit,$10.26,0.00,0.00%,0.00,United States,2025,496,Finance,Blank Checks
OTLK,Outlook Therapeutics Inc. Common Stock,$0.2332,0.0032,1.391%,28185310.00,United States,2016,3022591,Health Care,Biotechnology: Biological Products (No Diagnostic Substances)
OTLY,Oatly Group AB American Depositary Shares,$10.05,0.00,0.00%,313811250.00,Sweden,2021,54098,Consumer Staples,Packaged Foods
OTTR,Otter Tail Corporation Common Stock,$90.18,0.85,0.952%,3786130647.00,United States,,199894,Utilities,Electric Utilities: Central
OUST,Ouster Inc. Common Stock,$34.86,0.69,2.019%,2212253632.00,United States,,6546126,Industrials,Industrial Machinery/Components
OVBC,Ohio Valley Banc Corp. Common Stock,$45.95,0.30,0.657%,216470496.00,United States,,10650,Finance,Major Banks
OVID,Ovid Therapeutics Inc. Common Stock,$2.80,0.00,0.00%,522592286.00,United States,2017,1324034,Health Care,Biotechnology: Pharmaceutical Preparations
OVLY,Oak Valley Bancorp (CA) Common Stock,$33.16,0.28,0.852%,278990267.00,United States,,15982,Finance,Major Banks
OWLS,OBOOK Holdings Inc. Class A Common Shares,$5.89,0.10,1.727%,520627796.00,Taiwan,,33009,Technology,Computer Software: Prepackaged Software
OXBR,Oxbridge Re Holdings Limited Ordinary Shares,$0.9351,0.0212,2.32%,7575595.00,Cayman Islands,2014,25792,Finance,Property-Casualty Insurers
OXLC,Oxford Lane Capital Corp. Common Stock,$10.32,0.21,2.077%,1791552000.00,United States,2011,1226157,Finance,Investment Managers
OXLCG,Oxford Lane Capital Corp. 7.95% Notes due 2032,$25.3224,0.1724,0.685%,0.00,United States,,2014,Finance,Investment Managers
OXLCI,Oxford Lane Capital Corp. 8.75% Notes due 2030,$25.6801,-0.0698,-0.271%,0.00,United States,,1280,,
OXLCL,Oxford Lane Capital Corp. 6.75% Notes due 2031,$24.31,-0.0901,-0.369%,4220216000.00,United States,,2846,Finance,Finance Companies
OXLCM,Oxford Lane Capital Corp. Preferred Stock Shares 8.25% Series 2031,$25.33,0.0001,0.00%,4397288000.00,United States,,3074,Finance,Investment Managers
OXLCN,Oxford Lane Capital Corp. 7.125% Series 2029 Term Preferred Stock,$24.98,0.0664,0.267%,4336528000.00,United States,,1216,Finance,Investment Managers
OXLCO,Oxford Lane Capital Corp. Preferred Stock Shares 6.00% Series 2029,$23.98,-0.17,-0.704%,4162928000.00,United States,,7654,Finance,Investment Managers
OXLCP,Oxford Lane Capital Corp. 6.25% Series 2027 Term Preferred Shares,$25.0736,-0.0014,-0.006%,4352776960.00,United States,,649,Finance,Investment Managers
OXLCZ,Oxford Lane Capital Corp. 5.00% Notes due 2027,$24.73,-0.035,-0.141%,4293128000.00,United States,,13226,Finance,Finance Companies
OXSQ,Oxford Square Capital Corp. Common Stock,$1.74,-0.01,-0.571%,162737131.00,United States,2003,2411564,Finance,Blank Checks
OXSQG,Oxford Square Capital Corp. 5.50% Notes due 2028,$24.19,0.0001,0.00%,1542302633.00,United States,,160,Consumer Discretionary,Other Consumer Services
OXSQH,Oxford Square Capital Corp. 7.75% Notes due 2030,$25.3251,0.0251,0.099%,0.00,United States,,208,Finance,Blank Checks
OYSE,Oyster Enterprises II Acquisition Corp Class A Ordinary Shares,$10.24,0.01,0.098%,0.00,United States,2025,385752,Finance,Blank Checks
OZK,Bank OZK Common Stock,$47.12,0.51,1.094%,5330974540.00,United States,,678989,Finance,Major Banks
OZKAP,Bank OZK 4.625% Series A Non-Cumulative Perpetual Preferred Stock,$16.44,0.125,0.766%,1859958010.00,United States,,15600,Finance,Major Banks
PAA,Plains All American Pipeline L.P. Common Units representing Limited Partner Interests,$22.48,0.59,2.695%,15860352234.00,United States,1998,2811395,Energy,Natural Gas Distribution
PAACW,Proem Acquisition Corp I Warrants,$0.32,-0.005,-1.538%,0.00,United States,2026,121601,Finance,Blank Checks
PACB,Pacific Biosciences of California Inc. Common Stock,$1.21,-0.06,-4.724%,375828042.00,United States,2010,9559435,Industrials,Biotechnology: Laboratory Analytical Instruments
PACH,Pioneer Acquisition I Corp Class A Ordinary Shares,$10.20,0.00,0.00%,0.00,United States,2025,9,,
PACHW,Pioneer Acquisition I Corp Warrants,$0.21,0.0001,0.048%,0.00,United States,2025,3956,,
PAGP,Plains GP Holdings L.P. Class A Units representing Limited Partner Interests,$24.12,0.61,2.595%,4773447471.00,United States,,1986015,Energy,Natural Gas Distribution
PAHC,Phibro Animal Health Corporation Class A Common Stock,$36.15,0.89,2.524%,1466414483.00,United States,2014,545062,Health Care,Biotechnology: Pharmaceutical Preparations
PAL,Proficient Auto Logistics Inc. Common Stock,$5.28,-0.16,-2.941%,146827248.00,United States,2024,1044208,Consumer Discretionary,Transportation Services
PALI,Palisade Bio Inc. Common Stock,$1.81,-0.06,-3.209%,314179203.00,United States,,1216261,Health Care,Biotechnology: Biological Products (No Diagnostic Substances)
PALO,Paloma Acquisition Corp I Class A Ordinary Shares,$9.86,0.00,0.00%,0.00,United States,2026,5,Finance,Blank Checks
PAMT,PAMT CORP Common Stock,$11.10,0.47,4.421%,232469931.00,United States,,10385,Industrials,Trucking Freight/Courier Services
PANL,Pangaea Logistics Solutions Ltd. Common Shares,$8.27,0.01,0.121%,540981413.00,United States,2013,733485,Consumer Discretionary,Marine Transportation
PANW,Palo Alto Networks Inc. Common Stock,$238.21,10.42,4.574%,194379360000.00,United States,,10346661,Technology,Computer peripheral equipment
PARK,Park Dental Partners Inc. Common Stock,$17.98,-0.32,-1.749%,81180671.00,United States,2025,36657,Health Care,Misc Health and Biotechnology Services
PASG,Passage Bio Inc. Common Stock,$5.36,-0.16,-2.899%,17193862.00,United States,2020,41339,Health Care,Biotechnology: Biological Products (No Diagnostic Substances)
PASW,Ping An Biomedical Co. Ltd. Ordinary Shares,$0.1488,-0.0007,-0.468%,18533040.00,Hong Kong,2025,131579,Consumer Discretionary,Apparel
PATK,Patrick Industries Inc. Common Stock,$94.14,-1.36,-1.424%,3096568013.00,United States,,454462,Consumer Discretionary,Auto Parts:O.E.M.
PAVM,PAVmed Inc. Common Stock,$6.45,0.14,2.219%,76678451.00,United States,2016,13915,Health Care,Medical/Dental Instruments
PAVS,Paranovus Entertainment Technology Ltd. Class A Ordinary Shares,$1.12,-0.03,-2.609%,615388.00,China,2019,42642,Health Care, Medicinal Chemicals and Botanical Products 
PAX,Patria Investments Limited Class A Common Shares,$11.56,0.27,2.391%,1865712871.00,Cayman Islands,2021,902381,Finance,Investment Managers
PAYO,Payoneer Global Inc. Common Stock,$4.87,-0.06,-1.217%,1630372094.00,United States,,4471308,Real Estate,Real Estate
PAYP,PayPay Corporation American Depository Shares,$19.78,0.09,0.457%,12611158336.00,Japan,2026,940827,Real Estate,Real Estate
PAYS,Paysign Inc. Common Stock,$5.79,-0.04,-0.686%,323694426.00,United States,,944956,Technology,EDP Services
PAYX,Paychex Inc. Common Stock,$88.83,-1.09,-1.212%,31826978959.00,United States,1983,2857485,Industrials,Diversified Commercial Services
PBFS,Pioneer Bancorp Inc. Common Stock,$14.84,0.04,0.27%,372139727.00,United States,2019,12444,Finance,Banks
PBHC,Pathfinder Bancorp Inc. Common Stock (MD),$13.50,0.00,0.00%,65828876.00,United States,,350,Finance,Major Banks
PBM,Psyence Biomedical Ltd. Common Shares,$5.04,-0.12,-2.326%,10928413.00,Canada,,110192,Health Care,Biotechnology: Pharmaceutical Preparations
PBMWW,Psyence Biomedical Ltd. Warrant,$0.0221,-0.0027,-10.887%,47920.00,Canada,,5013,Health Care,Biotechnology: Pharmaceutical Preparations
PBYI,Puma Biotechnology Inc Common Stock,$7.19,0.02,0.279%,365967089.00,United States,,251412,Health Care,Biotechnology: Pharmaceutical Preparations
PCAP,ProCap Acquisition Corp Class A Ordinary Shares,$10.25,0.01,0.098%,0.00,United States,2025,798,Finance,Blank Checks
PCAPU,ProCap Acquisition Corp Unit,$10.32,0.00,0.00%,0.00,United States,2025,131,,
PCAPW,ProCap Acquisition Corp Warrant,$0.35,0.00,0.00%,0.00,United States,2025,398,Finance,Blank Checks
PCAR,PACCAR Inc. Common Stock,$112.60,0.82,0.734%,59259829385.00,United States,,2229317,Consumer Discretionary,Motor Vehicles
PCB,PCB Bancorp Common Stock,$23.77,0.03,0.126%,338359366.00,United States,2018,24878,Finance,Major Banks
PCLA,PicoCELA Inc. American Depositary Shares,$1.54,-0.04,-2.532%,6396860.00,Japan,2025,6871,Consumer Discretionary,Building Products
PCRX,Pacira BioSciences Inc. Common Stock,$23.53,0.49,2.127%,925856652.00,United States,2011,438999,Health Care,Biotechnology: Pharmaceutical Preparations
PCSA,Processa Pharmaceuticals Inc. Common Stock,$3.07,0.52,20.392%,8443031.00,United States,,356760,Health Care,Biotechnology: Pharmaceutical Preparations
PCSC,Perceptive Capital Solutions Corp Class A Ordinary Shares,$11.30,0.00,0.00%,0.00,United States,2024,16637,,
PCT,PureCycle Technologies Inc. Common stock,$12.39,2.19,21.471%,2240899385.00,United States,,15405131,Industrials,Major Chemicals
PCTTU,PureCycle Technologies Inc. Unit,$6.20,0.00,0.00%,1121354010.00,United States,,56,Industrials,Major Chemicals
PCTTW,PureCycle Technologies Inc. Warrant,$3.375,0.805,31.323%,610414481.00,United States,,40966,Industrials,Major Chemicals
PCTY,Paylocity Holding Corporation Common Stock,$103.93,-0.30,-0.288%,5564833948.00,United States,2014,771569,Technology,Computer Software: Prepackaged Software
PCVX,Vaxcyte Inc. Common Stock,$53.53,-0.72,-1.327%,7729607917.00,United States,2020,1363755,Health Care,Biotechnology: Pharmaceutical Preparations
PCYO,Pure Cycle Corporation Common Stock,$10.91,-0.23,-2.065%,262973636.00,United States,,21035,Utilities,Water Supply
PDC,Perpetuals.com Ltd American Depositary Shares,$7.08,-0.195,-2.68%,21598036.00,Japan,2023,91359,Technology,EDP Services
PDD,PDD Holdings Inc. American Depositary Shares,$95.58,-4.02,-4.036%,136048233838.00,China,2018,7610609,Technology,EDP Services
PDEX,Pro-Dex Inc. Common Stock,$58.65,1.21,2.107%,187255315.00,United States,,21678,Health Care,Medical/Dental Instruments
PDFS,PDF Solutions Inc. Common Stock,$46.05,-5.52,-10.704%,1838366195.00,United States,2001,5407146,Technology,Computer Software: Prepackaged Software
PDLB,Ponce Financial Group Inc. Common Stock,$17.65,0.09,0.513%,426916453.00,United States,2017,14455,Finance,Savings Institutions
PDSB,PDS Biotechnology Corporation Common Stock,$1.43,0.10,7.519%,77798095.00,United States,2015,2255059,Health Care,Biotechnology: Pharmaceutical Preparations
PDYN,Palladyne AI Corp. Common Stock,$6.66,0.01,0.15%,314646539.00,United States,,1367592,Technology,Computer Software: Prepackaged Software
PDYNW,Palladyne AI Corp Warrants,$0.0524,-0.0043,-7.584%,2475597.00,United States,,45171,Technology,Computer Software: Prepackaged Software
PEBK,Peoples Bancorp of North Carolina Inc. Common Stock,$40.27,0.37,0.927%,219934202.00,United States,,17251,Finance,Major Banks
PEBO,Peoples Bancorp Inc. Common Stock,$33.35,0.29,0.877%,1198047758.00,United States,,155791,Finance,Major Banks
PECO,Phillips Edison & Company Inc. Common Stock,$39.72,0.36,0.915%,5004720000.00,United States,2021,1070895,Real Estate,Real Estate Investment Trusts
PEGA,Pegasystems Inc. Common Stock,$33.39,0.67,2.048%,5580004943.00,United States,1996,1707609,Technology,EDP Services
PENG,Penguin Solutions Inc. Common Stock,$49.44,1.17,2.424%,2508956796.00,United States,2017,4219430,Technology,Semiconductors
PENN,PENN Entertainment Inc. Common Stock,$15.83,0.00,0.00%,2118740563.00,United States,1994,2460199,Consumer Discretionary,Hotels/Resorts
PEP,PepsiCo Inc. Common Stock,$148.67,-0.60,-0.402%,203197445391.00,United States,,5022225,Consumer Staples,Beverages (Production/Distribution)
PEPG,PepGen Inc. Common Stock,$1.65,-0.13,-7.303%,114129205.00,United States,2022,1081241,Health Care,Biotechnology: Pharmaceutical Preparations
PERI,Perion Network Ltd. Ordinary Shares,$10.40,-0.05,-0.478%,409035318.00,Israel,2006,254213,Technology,EDP Services
PESI,Perma-Fix Environmental Services Inc. Common Stock,$9.155,-0.545,-5.619%,169958739.00,United States,,284904,Industrials,Environmental Services
PETS,PetMed Express Inc. Common Stock,$2.25,-0.01,-0.442%,48151114.00,United States,,56492,Consumer Staples,Retail-Drug Stores and Proprietary Stores
PETZ,TDH Holdings Inc. Common Shares,$0.9601,-0.02,-2.041%,9911370.00,China,2017,1895,Industrials,Steel/Iron Ore
PFAI,Pinnacle Food Group Limited Class A Common Shares,$3.74,0.00,0.00%,43894809.00,Canada,2025,174,Consumer Staples,Farming/Seeds/Milling
PFBC,Preferred Bank Common Stock,$91.27,0.20,0.22%,1310336922.00,United States,,88632,Finance,Major Banks
PFG,Principal Financial Group Inc Common Stock,$100.77,0.35,0.349%,21767567936.00,United States,2001,868200,Finance,Accident &Health Insurance
PFIS,Peoples Financial Services Corp. Common Stock,$57.72,0.23,0.40%,577828051.00,United States,,91050,Finance,Major Banks
PFSA,Profusa Inc. Common Stock,$0.4295,-0.0005,-0.116%,1894210.00,United States,,155529,Health Care,Medical/Dental Instruments
PFX,PhenixFIN Corporation Common Stock,$39.50,0.49,1.256%,76337700.00,United States,,363,Finance,Finance: Consumer Services
PFXNZ,PhenixFIN Corporation  5.25% Notes due 2028,$23.90,0.00,0.00%,47892469.00,United States,,709,Finance,Finance: Consumer Services
PGAC,Pantages Capital Acquisition Corporation Class A Ordinary Shares,$10.53,-0.01,-0.095%,0.00,United States,2025,5137,,
PGC,Peapack-Gladstone Financial Corporation Common Stock,$41.81,0.22,0.529%,740805384.00,United States,,101870,Finance,Commercial Banks
PGEN,Precigen Inc. Common Stock,$4.60,0.45,10.843%,1639950508.00,United States,,9730954,Health Care,Biotechnology: Pharmaceutical Preparations
PGNY,Progyny Inc. Common Stock,$22.87,-0.64,-2.722%,1791461302.00,United States,2019,1211978,Health Care,Misc Health and Biotechnology Services
PGY,Pagaya Technologies Ltd. Class A Ordinary Shares,$13.60,0.44,3.343%,1154612650.00,United States,,2751190,Finance,Finance: Consumer Services
PGYWW,Pagaya Technologies Ltd. Warrants,$0.0591,-0.0071,-10.725%,5017471.00,United States,,36090,Finance,Finance: Consumer Services
PHAR,Pharming Group N.V. ADS each representing 10 ordinary shares,$12.96,-0.01,-0.077%,915302981.00,Netherlands,,12678,Health Care,Biotechnology: Pharmaceutical Preparations
PHAT,Phathom Pharmaceuticals Inc. Common Stock,$13.05,0.49,3.901%,1040815187.00,United States,2019,1674961,Health Care,Biotechnology: Pharmaceutical Preparations
PHIO,Phio Pharmaceuticals Corp. Common Stock,$1.12,-0.01,-0.885%,13011320.00,United States,,108288,Health Care,Biotechnology: Pharmaceutical Preparations
PHOE,Phoenix Asia Holdings Limited Ordinary Shares,$14.18,-0.90,-5.968%,306288000.00,Hong Kong,2025,28110,Consumer Discretionary,Engineering & Construction
PHUN,Phunware Inc. Common Stock,$2.23,0.10,4.695%,45597744.00,Greece,2016,342721,Technology,EDP Services
PHVS,Pharvaris N.V. Ordinary Shares,$30.70,-2.24,-6.80%,2138760107.00,Netherlands,2021,480664,Health Care,Biotechnology: Pharmaceutical Preparations
PI,Impinj Inc. Common Stock,$144.63,-3.11,-2.105%,4405311927.00,United States,2016,271024,Technology,Industrial Machinery/Components
PICS,PicS N.V. Class A Common Shares,$11.55,-0.32,-2.696%,1496736122.00,Brazil,2026,234582,Finance,Finance: Consumer Services
PIII,P3 Health Partners Inc. Class A Common Stock,$4.03,0.46,12.885%,29166778.00,United States,2021,2387486,Health Care,Medical/Nursing Services
PIIIW,P3 Health Partners Inc. Warrant,$0.0046,0.0001,2.222%,33292.00,United States,2021,284978,Health Care,Medical/Nursing Services
PKBK,Parke Bancorp Inc. Common Stock,$30.27,0.22,0.732%,355095857.00,United States,,39436,Finance,Major Banks
PKOH,Park-Ohio Holdings Corp. Common Stock,$30.84,0.77,2.561%,444039532.00,United States,,45307,Industrials,Industrial Specialties
PLAB,Photronics Inc. Common Stock,$52.01,0.15,0.289%,3066842152.00,United States,1987,558297,Technology,Semiconductors
PLAY,Dave & Buster's Entertainment Inc. Common Stock,$10.23,0.23,2.30%,355384113.00,United States,2014,1569935,Consumer Discretionary,Restaurants
PLBC,Plumas Bancorp,$51.44,0.25,0.488%,358440916.00,United States,,22641,Finance,Finance Companies
PLBL,Polibeli Group Ltd Class A Ordinary Shares,$6.99,-0.03,-0.427%,2561048415.00,Indonesia,,4823,Consumer Discretionary,Consumer Electronics/Appliances
PLBY,Playboy Inc. Common Stock,$1.40,0.00,0.00%,162353885.00,United States,2020,1105175,Consumer Discretionary,Other Specialty Stores
PLCE,Children's Place Inc. (The) Common Stock,$3.31,0.24,7.818%,73526708.00,United States,1997,263164,Consumer Discretionary,Clothing/Shoe/Accessory Stores
PLMK,Plum Acquisition Corp. IV Class A Ordinary Shares,$10.64,-0.02,-0.188%,0.00,United States,2025,1483,,
PLMKW,Plum Acquisition Corp. IV Warrants,$0.60,-0.0145,-2.36%,0.00,United States,2025,1002,,
PLMR,Palomar Holdings Inc. Common stock,$110.28,2.12,1.96%,2922846894.00,United States,2019,179509,Finance,Property-Casualty Insurers
PLPC,Preformed Line Products Company Common Stock,$354.07,6.95,2.002%,1730698409.00,United States,,130816,Industrials,Water Sewer Pipeline Comm & Power Line Construction
PLRX,Pliant Therapeutics Inc. Common Stock,$1.165,-0.005,-0.427%,72137090.00,United States,2020,197979,Health Care,Biotechnology: Pharmaceutical Preparations
PLRZ,Polyrizon Ltd. Ordinary Shares,$15.02,-0.16,-1.054%,28115157.00,Israel,2024,68603,Health Care,Biotechnology: Pharmaceutical Preparations
PLSE,Pulse Biosciences Inc Common Stock (DE),$27.10,3.14,13.105%,1852237169.00,United States,2016,1216444,Health Care,Medical/Dental Instruments
PLSM,Pulsenmore Ltd. Ordinary Shares,$4.39,-0.23,-4.978%,0.00,Israel,,54776,Health Care,Medical/Dental Instruments
PLTK,Playtika Holding Corp. Common Stock,$3.69,0.09,2.50%,1403600521.00,Israel,2021,1327601,Technology,EDP Services
PLTR,Palantir Technologies Inc. Class A Common Stock,$133.73,3.68,2.83%,320592530684.00,United States,,37052975,Technology,Computer Software: Prepackaged Software
PLUG,Plug Power Inc. Common Stock,$3.79,-0.17,-4.293%,5287311821.00,United States,1999,91734898,Energy,Industrial Machinery/Components
PLUR,Pluri Inc. Common Stock,$3.40,-0.11,-3.134%,36633864.00,Israel,,10668,Health Care,Biotechnology: Biological Products (No Diagnostic Substances)
PLUS,ePlus inc. Common Stock,$85.37,2.15,2.584%,2253132933.00,United States,1996,129974,Technology,Retail: Computer Software & Peripheral Equipment
PLUT,Plutus Financial Group Limited Ordinary Shares,$2.91,0.16,5.818%,44668500.00,Hong Kong,2025,51241,Finance,Investment Bankers/Brokers/Service
PLXS,Plexus Corp. Common Stock,$262.18,0.27,0.103%,7014998458.00,United States,,294578,Technology,Electrical Products
PLYX,Polaryx Therapeutics Inc. Common Stock,$3.41,0.045,1.337%,161440643.00,United States,,174333,Health Care,Biotechnology: Pharmaceutical Preparations
PMAX,Powell Max Limited Class A Ordinary Shares,$3.09,-0.32,-9.384%,5300379.00,Hong Kong,2024,338535,Consumer Discretionary,Other Consumer Services
PMCB,PharmaCyte  Biotech Inc. Common Stock,$0.9506,0.1386,17.069%,10205308.00,United States,,1781252,Health Care,Biotechnology: Biological Products (No Diagnostic Substances)
PMEC,Primech Holdings Ltd. Ordinary Shares,$0.849,0.0656,8.374%,32304450.00,Singapore,2023,77304,Consumer Discretionary,Diversified Commercial Services
PMN,ProMIS Neurosciences Inc. Common Shares (ON),$10.58,0.01,0.095%,94878192.00,Canada,,18490,Health Care,Biotechnology: Pharmaceutical Preparations
PMTR,Perimeter Acquisition Corp. I Class A Ordinary Shares,$10.34,0.04,0.388%,0.00,United States,2025,318,Finance,Blank Checks
PMTRW,Perimeter Acquisition Corp. I Warrant,$0.65,-0.0501,-7.156%,0.00,United States,2025,2000,Finance,Blank Checks
PMTS,CPI Card Group Inc. Common Stock,$16.13,0.35,2.218%,185101557.00,United States,,46283,Consumer Discretionary,Publishing
PMVP,PMV Pharmaceuticals Inc. Common Stock,$1.33,0.04,3.101%,70931249.00,United States,2020,553758,Health Care,Biotechnology: Pharmaceutical Preparations
PN,Skycorp Solar Group Limited Class A Ordinary Shares,$4.43,-0.48,-9.776%,63401053.00,China,2025,91457,Technology,Retail: Computer Software & Peripheral Equipment
PNBK,Patriot National Bancorp Inc. Common Stock,$1.12,0.06,5.66%,131135999.00,United States,,110213,Finance,Major Banks
PNRG,PrimeEnergy Resources Corporation Common Stock,$253.36,1.86,0.74%,409936480.00,United States,,29480,Energy,Oil & Gas Production
PNTG,The Pennant Group Inc. Common Stock ,$36.90,1.31,3.681%,1282922853.00,United States,,305327,Health Care,Medical/Nursing Services
POCI,Precision Optics Corporation Inc. Common stock,$4.78,0.18,3.913%,52316474.00,United States,,199177,Health Care,Biotechnology: Electromedical & Electrotherapeutic Apparatus
PODC,PodcastOne Inc. Common Stock,$3.61,0.05,1.404%,99231550.00,United States,,70926,Technology,Computer Software: Programming Data Processing
PODD,Insulet Corporation Common Stock,$148.68,-0.16,-0.107%,10298271730.00,United States,2007,1699280,Health Care,Medical/Dental Instruments
POET,POET Technologies Inc. Common Shares,$20.57,6.20,43.145%,3144787060.00,Canada,,133110016,Technology,Semiconductors
POLA,Polar Power Inc. Common Stock,$1.67,-0.01,-0.595%,6079066.00,United States,2016,198084,Miscellaneous,Industrial Machinery/Components
POLE,Andretti Acquisition Corp. II Class A Ordinary Shares,$10.71,0.00,0.00%,0.00,United States,2024,6798,,
POLEW,Andretti Acquisition Corp. II Warrant,$0.24,-0.01,-4.00%,0.00,United States,2024,1711,,
POM,POMDOCTOR LIMITED American Depositary Shares,$0.1172,-0.0109,-8.509%,13878927.00,China,2025,6094200,Consumer Discretionary,Other Specialty Stores
PONO,Pono Capital Four Inc. Class A Ordinary Shares,$9.87,0.00,0.00%,0.00,Cayman Islands,2026,36001,Finance,Blank Checks
PONOR,Pono Capital Four Inc. Rights,$0.20,-0.0001,-0.05%,0.00,Cayman Islands,2026,25100,Finance,Blank Checks
PONY,Pony AI Inc. American Depositary Shares ,$8.79,-0.23,-2.55%,3810830251.00,China,2024,3985470,Technology,EDP Services
POOL,Pool Corporation Common Stock,$175.24,1.17,0.672%,6386271846.00,United States,1995,901183,Consumer Discretionary,Industrial Specialties
POWI,Power Integrations Inc. Common Stock,$71.67,0.52,0.731%,3993451253.00,United States,1997,951862,Technology,Semiconductors
POWL,Powell Industries Inc. Common Stock,$296.98,-3.86,-1.283%,10819471120.00,United States,,600618,Energy,Electrical Products
POWW,Outdoor Holding Company Common Stock,$1.94,0.02,1.042%,227540121.00,United States,,259344,Industrials,Ordnance And Accessories
POWWP,Outdoor Holding Company 8.75% Series A Cumulative Redeemable Perpetual Preferred Stock,$24.91,-0.01,-0.04%,2921662065.00,United States,,1946,Industrials,Ordnance And Accessories
PPBT,Purple Biotech Ltd. American Depositary Shares,$3.69,-0.2583,-6.542%,3429693.00,Israel,2015,24221,Health Care,Biotechnology: Pharmaceutical Preparations
PPC,Pilgrim's Pride Corporation Common Stock,$27.85,-0.01,-0.036%,6626126057.00,United States,,1029526,Consumer Staples,Meat/Poultry/Fish
PPCB,Propanc Biopharma Inc. Common Stock,$0.0731,-0.0199,-21.398%,1597913.00,Australia,,3430745,Health Care,Biotechnology: Pharmaceutical Preparations
PPHC,Public Policy Holding Company Inc. Common Stock,$11.58,-0.05,-0.43%,291060741.00,United States,2026,87961,,
PPIH,Perma-Pipe International Holdings Inc. Common Stock,$33.50,0.89,2.729%,272129646.00,United States,,171749,Industrials,Pollution Control Equipment
PPSI,Pioneer Power Solutions Inc. Common Stock,$4.16,-0.06,-1.422%,46160467.00,United States,,266736,Industrials,Electrical Products
PPTA,Perpetua Resources Corp. Common Shares,$31.10,-0.67,-2.109%,3885935390.00,Canada,,924761,Basic Materials,Precious Metals
PRAA,PRA Group Inc. Common Stock,$14.72,0.02,0.136%,561433871.00,United States,2002,1333191,Finance,Finance: Consumer Services
PRAX,Praxis Precision Medicines Inc. Common Stock,$345.52,-1.32,-0.381%,9632673992.00,United States,2020,249464,Health Care,Biotechnology: Pharmaceutical Preparations
PRCH,Porch Group Inc. Common Stock,$10.43,0.19,1.855%,1332072436.00,United States,2020,1183379,Technology,Computer Software: Prepackaged Software
PRCT,PROCEPT BioRobotics Corporation Common Stock,$26.38,0.68,2.646%,1501519105.00,United States,2021,1410354,Health Care,Medical/Dental Instruments
PRDO,Perdoceo Education Corporation Common Stock,$35.03,0.11,0.315%,2196490749.00,United States,,500520,Real Estate,Other Consumer Services
PRE,Prenetics Global Limited Class A Ordinary Share,$17.59,0.02,0.114%,301553514.00,Hong Kong,,446895,Finance,Blank Checks
PRENW,Prenetics Global Limited Warrant,$0.0179,0.00,0.00%,306868.00,Hong Kong,,201,Finance,Blank Checks
PRFX,PRF Technologies Ltd. Ordinary Shares,$1.58,-0.03,-1.863%,1372634.00,Israel,2020,17686,Health Care,Biotechnology: Pharmaceutical Preparations
PRGS,Progress Software Corporation Common Stock (DE),$26.80,0.43,1.631%,1127706748.00,United States,1991,599770,Technology,Computer Software: Prepackaged Software
PRHI,Presurance Holdings Inc. Common Stock,$0.6702,0.0002,0.03%,17574575.00,United States,2015,16926,Finance,Property-Casualty Insurers
PRHIZ,Presurance Holdings Inc. 9.75% Senior Unsecured Notes due 2028,$17.58,0.00,0.00%,214878248.00,United States,,171,Finance,Property-Casualty Insurers
PRLD,Prelude Therapeutics Incorporated Common Stock,$4.47,-0.19,-4.077%,356014522.00,United States,2020,263613,Health Care,Biotechnology: Pharmaceutical Preparations
PRME,Prime Medicine Inc. Common Stock,$3.13,-0.14,-4.281%,565332622.00,United States,2022,2244216,Health Care,Biotechnology: Biological Products (No Diagnostic Substances)
PROF,Profound Medical Corp. Common Stock,$7.20,0.10,1.408%,261630986.00,Canada,,41890,Health Care,Medical/Dental Instruments
PROK,ProKidney Corp. Class A Ordinary Shares,$1.71,-0.04,-2.286%,516362470.00,United States,2021,1110461,Health Care,Biotechnology: Biological Products (No Diagnostic Substances)
PROP,Prairie Operating Co. Common Stock,$1.01,0.0746,7.975%,98628695.00,United States,,4735066,Finance,Finance: Consumer Services
PROV,Provident Financial Holdings Inc. Common Stock,$17.00,0.14,0.83%,106312747.00,United States,,9379,Finance,Savings Institutions
PRPL,Purple Innovation Inc. Common Stock,$0.4173,-0.0399,-8.727%,45480980.00,United States,2015,540084,Consumer Discretionary,Home Furnishings
PRPO,Precipio Inc.  Common Stock,$28.60,-0.10,-0.348%,51046138.00,United States,,26086,Industrials,Biotechnology: Laboratory Analytical Instruments
PRQR,ProQR Therapeutics N.V. Ordinary Shares,$1.65,-0.05,-2.941%,173845756.00,Netherlands,2014,360262,Health Care,Biotechnology: Pharmaceutical Preparations
PRSO,Peraso Inc. Common Stock,$0.9987,0.0194,1.981%,12597492.00,United States,,1669601,Technology,Semiconductors
PRTA,Prothena Corporation plc Ordinary Shares,$9.86,0.26,2.708%,516202917.00,United States,,452453,Health Care,Biotechnology: Pharmaceutical Preparations
PRTC,PureTech Health plc American Depositary Shares,$17.96,0.45,2.57%,434064536.00,United States,,4277,Health Care,Biotechnology: Pharmaceutical Preparations
PRTH,Priority Technology Holdings Inc. Common Stock,$5.98,0.17,2.926%,492483917.00,United States,2016,291262,Real Estate,Real Estate
PRTS,CarParts.com Inc. Common Stock,$0.6779,0.0168,2.541%,54623863.00,United States,2007,944777,Consumer Discretionary,Auto & Home Supply Stores
PRVA,Privia Health Group Inc. Common Stock,$23.24,0.61,2.696%,2928527572.00,United States,2021,1268093,Health Care,Medical/Nursing Services
PRZO,ParaZero Technologies Ltd. Ordinary Shares,$0.55,-0.0036,-0.65%,12884798.00,Israel,2023,483535,Industrials,Military/Government/Technical
PSEC,Prospect Capital Corporation Common Stock,$2.18,-0.07,-3.111%,1092196684.00,United States,2004,6572341,Finance,Finance: Consumer Services
PSHG,Performance Shipping Inc. Common Shares,$1.76,0.00,0.00%,21879366.00,Greece,,28651,Consumer Discretionary,Marine Transportation
PSIG,PS International Group Ltd. Ordinary Shares,$7.15,-0.04,-0.556%,109942490.00,Hong Kong,,2300609,Industrials,Integrated Freight & Logistics
PSIX,Power Solutions International Inc. Common Stock,$41.30,-3.81,-8.446%,951983585.00,United States,,2136252,Industrials,Industrial Machinery/Components
PSKY,Paramount Skydance Corporation Class B Common Stock,$10.11,-0.36,-3.438%,11314839616.00,United States,,10650611,Industrials,Broadcasting
PSMT,PriceSmart Inc. Common Stock,$159.74,1.63,1.031%,4935307711.00,United States,,158121,Consumer Discretionary,Department/Specialty Retail Stores
PSNL,Personalis Inc. Common Stock,$6.71,0.32,5.008%,702678568.00,United States,2019,3392960,Health Care,Medical Specialities
PSNY,Polestar Automotive Holding UK PLC Class A ADS,$20.87,-1.40,-6.286%,3040654608.00,Sweden,,95308,Industrials,Auto Manufacturing
PSNYW,Polestar Automotive Holding UK PLC Class C-1 ADS (ADW),$3.10,0.09,2.99%,451654494.00,Sweden,,4193,Industrials,Auto Manufacturing
PSTV,PLUS THERAPEUTICS Inc. Common Stock ,$5.76,0.06,1.053%,39525281.00,United States,,162076,Health Care,Medical/Dental Instruments
PTC,PTC Inc. Common Stock,$139.85,-0.96,-0.682%,16153484871.00,United States,,1034214,Technology,Computer Software: Prepackaged Software
PTCT,PTC Therapeutics Inc. Common Stock,$72.72,-0.74,-1.007%,6032075859.00,United States,2013,591040,Health Care,Biotechnology: Pharmaceutical Preparations
PTEN,Patterson-UTI Energy Inc. Common Stock,$12.12,0.12,1.00%,4600965954.00,United States,1993,6176731,Energy,Oil & Gas Production
PTGX,Protagonist Therapeutics Inc. Common Stock,$105.55,1.67,1.608%,6788065420.00,United States,2016,426563,Health Care,Biotechnology: Pharmaceutical Preparations
PTLE,PTL LTD Class A Ordinary Shares,$5.15,-0.25,-4.63%,32347778.00,Singapore,2024,8445,Energy,Oil Refining/Marketing
PTLO,Portillo's Inc. Class A Common Stock,$3.99,-0.05,-1.238%,302463961.00,United States,2021,2015118,Consumer Discretionary,Restaurants
PTON,Peloton Interactive Inc. Class A Common Stock,$5.18,-0.08,-1.521%,2242898172.00,United States,2019,9102091,Consumer Discretionary,Recreational Games/Products/Toys
PTOR,Praetorian Acquisition Corp. Class A Ordinary Shares,$9.89,0.005,0.051%,0.00,United States,2026,7281,Finance,Blank Checks
PTORU,Praetorian Acquisition Corp. Units,$9.96,-0.03,-0.30%,0.00,United States,2026,6811,,
PTORW,Praetorian Acquisition Corp. Warrant,$0.31,0.01,3.333%,0.00,United States,2026,20000,Finance,Blank Checks
PTRN,Pattern Group Inc. Series A Common Stock,$16.26,-0.62,-3.673%,2875842542.00,United States,2025,764148,Consumer Discretionary,Catalog/Specialty Distribution
PUBM,PubMatic Inc. Class A Common Stock,$9.52,0.04,0.422%,442140454.00,United States,2020,655160,Technology,Computer Software: Programming Data Processing
PULM,Pulmatrix Inc. Common Stock,$1.27,0.00,0.00%,4638402.00,United States,2014,30265,Health Care,Biotechnology: Pharmaceutical Preparations
PURR,Hyperliquid Strategies Inc Common Stock,$7.14,1.07,17.628%,961198017.00,United States,,17928664,Finance,Finance: Consumer Services
PVLA,Palvella Therapeutics Inc. Common Stock,$118.97,-1.60,-1.327%,1706368151.00,United States,,157236,Health Care,Biotechnology: Pharmaceutical Preparations
PWP,Perella Weinberg Partners Class A Common Stock,$18.41,0.43,2.392%,1710923648.00,United States,2020,1426739,Finance,Finance: Consumer Services
PXLW,Pixelworks Inc.  Common Stock,$6.38,0.41,6.868%,40584826.00,United States,2000,392210,Technology,Semiconductors
PXS,Pyxis Tankers Inc. Common Stock,$4.31,-0.01,-0.231%,44285849.00,Greece,,18398,Consumer Discretionary,Marine Transportation
PYPD,PolyPid Ltd. Ordinary Shares,$4.38,0.16,3.791%,83584574.00,Israel,2020,94511,Health Care,Biotechnology: Pharmaceutical Preparations
PYPL,PayPal Holdings Inc. Common Stock,$45.04,-0.19,-0.42%,39730031405.00,United States,,9719521,Industrials,Diversified Commercial Services
PYXS,Pyxis Oncology Inc. Common Stock,$2.21,-0.41,-15.649%,138910575.00,United States,2021,1063226,Health Care,Biotechnology: Pharmaceutical Preparations
PZZA,Papa John's International Inc. Common Stock,$32.72,0.02,0.061%,1076553898.00,United States,1993,1942028,Consumer Discretionary,Restaurants
QCLS,Q/C Technologies Inc. Common Stock,$5.13,0.94,22.434%,40288091.00,United States,2014,3786689,Health Care,Biotechnology: In Vitro & In Vivo Diagnostic Substances
QCOM,QUALCOMM Incorporated Common Stock,$200.08,-13.09,-6.141%,210884320000.00,United States,1991,24883925,Technology,Radio And Television Broadcasting And Communications Equipment
QCRH,QCR Holdings Inc. Common Stock,$88.855,0.095,0.107%,1466977302.00,United States,,91728,Finance,Major Banks
QDEL,QuidelOrtho Corporation Common Stock,$11.39,0.34,3.077%,776695365.00,United States,,2316116,Health Care,Biotechnology: In Vitro & In Vivo Diagnostic Substances
QETA,Quetta Acquisition Corporation Common Stock,$11.50,0.00,0.00%,0.00,United States,2023,12,Finance,Blank Checks
QETAR,Quetta Acquisition Corporation Right,$0.73,-0.13,-15.116%,0.00,United States,2023,6262,Finance,Blank Checks
QFIN,Qfin Holdings Inc. American Depositary Shares,$13.10,-0.87,-6.228%,1594949680.00,China,2018,1662942,Finance,Finance: Consumer Services
QLYS,Qualys Inc. Common Stock,$86.73,0.23,0.266%,3060697277.00,United States,2012,691563,Technology,Computer Software: Prepackaged Software
QMCO,Quantum Corporation Common Stock,$8.80,-0.01,-0.114%,128814655.00,United States,,469511,Technology,Electronic Components
QNCX,Quince Therapeutics Inc. Common Stock,$1.18,-0.04,-3.279%,19234873.00,United States,2019,474356,Health Care,Biotechnology: Biological Products (No Diagnostic Substances)
QNRX,Quoin Pharmaceuticals Ltd. American Depositary Shares,$5.81,-0.10,-1.692%,11668903.00,Israel,2016,24504,Health Care,Medical/Dental Instruments
QNST,QuinStreet Inc. Common Stock,$11.15,-0.40,-3.463%,640515876.00,United States,2010,1360385,Real Estate,Real Estate
QNTM,Quantum Biopharma Ltd. Class B Subordinate Voting Shares,$6.87,1.40,25.594%,43958416.00,Canada,,827884,Health Care,Biotechnology: Pharmaceutical Preparations
QQQX,Nuveen NASDAQ 100 Dynamic Overwrite Fund Shares of Beneficial Interest,$30.77,0.08,0.261%,0.00,United States,,109864,Finance,Finance Companies
QRHC,Quest Resource Holding Corporation Common Stock,$1.08,0.01,0.935%,22694710.00,United States,,8993,Utilities,Environmental Services
QRVO,Qorvo Inc. Common Stock,$90.46,-1.05,-1.147%,7961716860.00,United States,,725093,Technology,Semiconductors
QS,QuantumScape Corporation Class A Common Stock,$8.60,-0.06,-0.693%,5290247654.00,United States,,30420929,Miscellaneous,Industrial Machinery/Components
QSEA,Quartzsea Acquisition Corporation Ordinary Shares,$10.43,-0.03,-0.287%,0.00,United States,2025,1100956,Finance,Blank Checks
QSEAR,Quartzsea Acquisition Corporation Rights,$0.20,0.0549,37.836%,0.00,United States,2025,125396,Finance,Blank Checks
QSEAU,Quartzsea Acquisition Corporation Units,$11.00,0.00,0.00%,0.00,United States,2025,2,Finance,Blank Checks
QSI,Quantum-Si Incorporated Class A Common Stock,$0.9329,0.0035,0.377%,203148456.00,United States,2020,4436229,Industrials,Industrial Machinery/Components
QSIAW,Quantum-Si Incorporated Warrant,$0.0497,0.0086,20.925%,10822680.00,United States,2020,55555,Industrials,Industrial Machinery/Components
QTI,QT Imaging Holdings Inc. Common Stock,$6.71,0.39,6.171%,80805175.00,United States,,50338,Health Care,Biotechnology: Electromedical & Electrotherapeutic Apparatus
QTRX,Quanterix Corporation Common Stock,$2.77,-0.11,-3.819%,130483567.00,United States,2017,1561058,Industrials,Biotechnology: Laboratory Analytical Instruments
QTTB,Q32 Bio Inc. Common Stock,$6.25,0.31,5.219%,105977594.00,United States,2018,157543,Health Care,Biotechnology: Pharmaceutical Preparations
QUBT,Quantum Computing Inc. Common Stock,$11.73,0.70,6.346%,2645525398.00,United States,,36851455,Technology,Computer Software: Prepackaged Software
QUCY,Quantum Cyber N.V. Ordinary Shares,$3.00,1.66,123.881%,37546008.00,Germany,2021,268961359,Health Care,Biotechnology: Pharmaceutical Preparations
QUIK,QuickLogic Corporation Common Stock,$20.62,-1.21,-5.543%,375795500.00,United States,1999,769415,Technology,Semiconductors
QUMS,Quantumsphere Acquisition Corp. Ordinary Shares,$10.18,0.01,0.098%,0.00,United States,2025,18701,,
QURE,uniQure N.V. Ordinary Shares,$27.75,-1.42,-4.868%,1750122709.00,Netherlands,2014,1515697,Health Care,Biotechnology: Pharmaceutical Preparations
QXL,Quantum X Labs Inc. Common Stock,$3.55,0.18,5.341%,47344192.00,Israel,,49265,Technology,Computer Software: Prepackaged Software
RAAQ,Real Asset Acquisition Corp. Class A Ordinary Share,$11.46,0.18,1.596%,0.00,United States,2025,125929,Finance,Blank Checks
RAAQU,Real Asset Acquisition Corp. Unit,$13.80,0.00,0.00%,0.00,United States,2025,5,Finance,Blank Checks
RAAQW,Real Asset Acquisition Corp. Warrants,$2.70,0.06,2.273%,0.00,United States,2025,135086,Finance,Blank Checks
RADX,Radiopharm Theranostics Limited American Depositary Shares,$4.73,0.21,4.646%,60326675.00,Australia,,46843,Health Care,Biotechnology: Pharmaceutical Preparations
RAIL,FreightCar America Inc. Common Stock,$8.31,0.28,3.487%,159030198.00,United States,2005,135885,Industrials,Railroads
RAIN,Rain Enhancement Technologies Holdco Inc. Class A Common Stock,$1.73,0.22,14.57%,15565435.00,United States,,20693,Technology,Industrial Machinery/Components
RAINW,Rain Enhancement Technologies Holdco Inc. Warrants,$0.162,-0.0355,-17.975%,1457572.00,United States,,200,Technology,Industrial Machinery/Components
RAND,Rand Capital Corporation Common Stock,$11.05,0.165,1.516%,32816445.00,United States,,5525,Finance,Finance: Consumer Services
RANG,Range Capital Acquisition Corp. Ordinary Shares,$10.59,-0.01,-0.094%,0.00,United States,2025,16802,Finance,Blank Checks
RANGR,Range Capital Acquisition Corp. Rights,$0.299,0.009,3.103%,0.00,United States,2025,100,Finance,Blank Checks
RANI,Rani Therapeutics Holdings Inc. Class A Common Stock,$1.11,0.06,5.714%,137298437.00,United States,2021,1586752,Health Care,Biotechnology: Pharmaceutical Preparations
RAPP,Rapport Therapeutics Inc. Common Stock,$37.95,-0.13,-0.341%,1815031956.00,United States,2024,207871,Health Care,Biotechnology: Pharmaceutical Preparations
RARE,Ultragenyx Pharmaceutical Inc. Common Stock,$25.80,-0.66,-2.494%,2541021979.00,United States,2014,1161406,Health Care,Biotechnology: Pharmaceutical Preparations
RAVE,Rave Restaurant Group Inc. Common Stock,$2.58,-0.11,-4.089%,36665840.00,United States,,760263,Consumer Discretionary,Food Distributors
RAY,Raytech Holding Limited Ordinary Shares,$3.80,0.01,0.264%,10354544.00,Hong Kong,2024,7371,Consumer Discretionary,Consumer Electronics/Appliances
RAYA,Erayak Power Solution Group Inc. Class A Ordinary Shares,$3.37,-0.02,-0.59%,3311258.00,China,2022,6184,Consumer Discretionary,Metal Fabrications
RBB,RBB Bancorp Common Stock,$23.35,0.11,0.473%,395452985.00,United States,2017,42610,Finance,Major Banks
RBBN,Ribbon Communications Inc. Common Stock,$2.63,0.03,1.154%,463245746.00,United States,,716890,Technology,EDP Services
RBCAA,Republic Bancorp Inc. Class A Common Stock,$76.67,0.80,1.054%,1504091359.00,United States,1998,97040,Finance,Major Banks
RBKB,Rhinebeck Bancorp Inc. Common Stock,$16.21,0.41,2.595%,181065392.00,United States,2019,5119,Finance,Banks
RBNE,Robin Energy Ltd. Common Stock,$1.34,0.09,7.20%,3718319.00,Cyprus,,432857,Consumer Discretionary,Marine Transportation
RCAT,Red Cat Holdings Inc. Common Stock,$9.74,0.34,3.617%,1195510596.00,United States,,17459638,Technology,Computer Software: Prepackaged Software
RCEL,Avita Medical Inc. Common Stock,$4.36,0.10,2.347%,134186364.00,United States,,314503,Health Care,Medical/Dental Instruments
RCKT,Rocket Pharmaceuticals Inc. Common Stock,$3.40,-0.20,-5.556%,371258067.00,United States,2015,2051231,Health Care,Biotechnology: Pharmaceutical Preparations
RCKTW,Rocket Pharmaceuticals Inc. Warrant,$0.0099,0.00,0.00%,1081016.00,United States,,200,Health Care,Biotechnology: Pharmaceutical Preparations
RCKY,Rocky Brands Inc. Common Stock,$33.13,-0.05,-0.151%,249845356.00,United States,1993,88964,Consumer Discretionary,Shoe Manufacturing
RCMT,RCM Technologies Inc. Common Stock,$28.96,-0.05,-0.172%,203425958.00,United States,,37492,Consumer Discretionary,Professional Services
RCON,Recon Technology Ltd. Class A Ordinary Shares,$0.6203,-0.0697,-10.101%,18998192.00,China,2009,94167,Energy,Oilfield Services/Equipment
RCT,RedCloud Holdings plc Ordinary Shares,$0.603,-0.0481,-7.387%,33356966.00,United Kingdom,2025,709818,Technology,Computer Software: Programming Data Processing
RDAC,Rising Dragon Acquisition Corp. Ordinary Shares,$8.55,0.43,5.296%,0.00,China,2024,21527,,
RDACR,Rising Dragon Acquisition Corp. Rights,$0.13,-0.04,-23.529%,0.00,China,2024,610,Finance,Blank Checks
RDACU,Rising Dragon Acquisition Corp. Unit,$6.54,-2.61,-28.525%,0.00,China,2024,534,Finance,Blank Checks
RDAG,Republic Digital Acquisition Company Class A Ordinary Shares,$10.265,0.005,0.049%,0.00,United States,2025,21904,Finance,Blank Checks
RDAGU,Republic Digital Acquisition Company Unit,$10.46,-0.04,-0.381%,0.00,United States,2025,164,Finance,Blank Checks
RDAGW,Republic Digital Acquisition Company Warrants,$0.45,0.03,7.143%,0.00,United States,2025,37500,Finance,Blank Checks
RDCM,Radcom Ltd. Ordinary Shares,$15.99,0.41,2.632%,266880407.00,Israel,1997,189937,Technology,Computer peripheral equipment
RDGT,Ridgetech Inc. Ordinary Shares,$1.42,0.00,0.00%,1276447.00,China,,104919,Consumer Staples,Retail-Drug Stores and Proprietary Stores
RDHL,Redhill Biopharma Ltd. American Depositary Shares,$1.02,0.03,3.03%,5295085.00,Israel,,10750,Health Care,Biotechnology: Pharmaceutical Preparations
RDI,Reading International Inc Class A Common Stock,$1.05,0.00,0.00%,23853123.00,United States,,4390,Consumer Discretionary,Movies/Entertainment
RDIB,Reading International Inc Class B Common Stock,$9.40,0.00,0.00%,213542244.00,United States,,419,Consumer Discretionary,Movies/Entertainment
RDNT,RadNet Inc. Common Stock,$53.43,0.45,0.849%,4201427229.00,United States,,733112,Health Care,Medical Specialities
RDNW,RideNow Group Inc. Class B Common Stock,$7.93,0.04,0.507%,305698201.00,United States,,67442,Technology,EDP Services
RDVT,Red Violet Inc. Common Stock ,$45.39,-0.30,-0.657%,640403924.00,United States,,147558,Technology,Computer Software: Prepackaged Software
RDWR,Radware Ltd. Ordinary Shares,$27.35,0.40,1.484%,1157095630.00,Israel,1999,226112,Real Estate,Real Estate
RDZN,Roadzen Inc. Ordinary Shares,$1.85,-0.03,-1.596%,147436993.00,United States,2022,366360,Finance,Specialty Insurers
RDZNW,Roadzen Inc. Warrants,$0.213,0.0154,7.794%,16975178.00,United States,2022,6058,Finance,Specialty Insurers
REAL,The RealReal Inc. Common Stock,$9.35,-0.06,-0.638%,1126560257.00,United States,2019,2681519,Consumer Discretionary,Other Specialty Stores
REAX,The Real Brokerage Inc. Common Shares,$1.71,-0.04,-2.286%,365081920.00,Canada,,4665811,Finance,Real Estate
REBN,Reborn Coffee Inc. Common Stock,$2.17,0.11,5.34%,17823197.00,United States,2022,29127,Consumer Discretionary,Restaurants
RECT,Rectitude Holdings Ltd Ordinary Shares,$1.27,-0.01,-0.781%,18415000.00,Singapore,2024,19215,Consumer Discretionary,Industrial Machinery/Components
REE,REE Automotive Ltd. Class A Ordinary Shares,$0.4593,0.0463,11.211%,14247914.00,Israel,,36103,Industrials,Auto Manufacturing
REFI,Chicago Atlantic Real Estate Finance Inc. Common Stock,$11.32,-0.02,-0.176%,240065821.00,United States,2021,122128,Real Estate,Real Estate Investment Trusts
REFR,Research Frontiers Incorporated Common Stock,$0.809,0.0189,2.392%,28208039.00,United States,,15797,Miscellaneous,Multi-Sector Companies
REG,Regency Centers Corporation Common Stock,$76.92,0.25,0.326%,14083805087.00,United States,1993,1140672,Real Estate,Real Estate Investment Trusts
REGCO,Regency Centers Corporation 5.875% Series B Cumulative Redeemable Preferred Stock,$22.55,0.07,0.311%,4128832615.00,United States,,28404,Real Estate,Real Estate Investment Trusts
REGCP,Regency Centers Corporation 6.25% Series A Cumulative Redeemable Preferred Stock,$23.63,0.205,0.875%,4326577148.00,United States,,50698,Real Estate,Real Estate Investment Trusts
REGN,Regeneron Pharmaceuticals Inc. Common Stock,$712.87,-7.01,-0.974%,74736600742.00,United States,1991,767206,Health Care,Biotechnology: Pharmaceutical Preparations
REKR,Rekor Systems Inc. Common Stock,$0.8135,0.0162,2.032%,111944202.00,United States,,3246053,Telecommunications,Telecommunications Equipment
RELL,Richardson Electronics Ltd. Common Stock,$17.50,1.16,7.099%,254746135.00,United States,1983,603586,Technology,Electronic Components
RELY,Remitly Global Inc. Common Stock,$23.31,-0.44,-1.853%,4908178751.00,United States,2021,5597253,Real Estate,Real Estate
RENT,Rent the Runway Inc. Class A Common Stock,$4.13,-0.04,-0.959%,138022176.00,United States,2021,56062,Consumer Discretionary,Other Specialty Stores
RENX,RenX Enterprises Corp. Common Stock,$2.14,-0.03,-1.382%,5348487.00,United States,,116077,Finance,Real Estate
REPL,Replimune Group Inc. Common Stock,$4.93,-0.37,-6.981%,407083012.00,United States,2018,9285421,Health Care,Biotechnology: Biological Products (No Diagnostic Substances)
RETO,ReTo Eco-Solutions Inc. Class A Shares,$0.63,0.0004,0.064%,8869897.00,China,2017,391422,Industrials,Industrial Machinery/Components
REVB,Revelation Biosciences Inc. Common Stock,$1.03,-0.02,-1.905%,4025673.00,United States,2020,27262,Health Care,Biotechnology: Pharmaceutical Preparations
REVBW,Revelation Biosciences Inc. Warrant,$0.007,-0.0019,-21.348%,27359.00,United States,2020,280018,Health Care,Biotechnology: Pharmaceutical Preparations
REYN,Reynolds Consumer Products Inc. Common Stock,$21.655,0.095,0.441%,4564167549.00,United States,2020,1009220,Consumer Discretionary,Containers/Packaging
RFAI,RF Acquisition Corp II Ordinary Shares,$10.93,0.00,0.00%,0.00,Singapore,2024,17,,
RFAIR,RF Acquisition Corp II Right,$0.10,0.005,5.263%,0.00,Singapore,2024,106,Technology,Computer Software: Prepackaged Software
RFAM,RF Acquisition Corp III Ordinary Shares,$9.86,0.00,0.00%,0.00,Singapore,2026,17194,,
RFAMR,RF Acquisition Corp III Rights,$0.12,-0.005,-4.00%,0.00,Singapore,2026,25000,,
RFAMU,RF Acquisition Corp III Units,$9.97,0.00,0.00%,0.00,Singapore,2026,18704,Finance,Blank Checks
RFIL,RF Industries Ltd. Common Stock,$18.20,0.135,0.747%,196819659.00,United States,,401187,Technology,Electrical Products
RGC,Regencell Bioscience Holdings Limited Ordinary Shares,$26.91,-0.41,-1.501%,13306696514.00,Hong Kong,2021,41948,Health Care, Medicinal Chemicals and Botanical Products 
RGCO,RGC Resources Inc. Common Stock,$23.13,-0.11,-0.473%,240717518.00,United States,,4591,Utilities,Oil & Gas Production
RGEN,Repligen Corporation Common Stock,$103.38,-3.65,-3.41%,5831432161.00,United States,1986,2029256,Health Care,Biotechnology: Biological Products (No Diagnostic Substances)
RGLD,Royal Gold Inc. Common Stock,$240.57,-4.42,-1.804%,20416358443.00,United States,,559330,Industrials,Precious Metals
RGNX,REGENXBIO Inc. Common Stock,$6.245,-3.795,-37.799%,322349620.00,United States,2015,10323106,Health Care,Biotechnology: Biological Products (No Diagnostic Substances)
RGP,Resources Connection Inc. Common Stock,$4.36,0.02,0.461%,149675940.00,United States,,226852,Real Estate,Real Estate
RGS,Regis Corporation Common Stock,$28.89,0.84,2.995%,72189696.00,United States,1991,12090,Consumer Discretionary,Other Consumer Services
RGTI,Rigetti Computing Inc. Common Stock,$19.27,0.855,4.643%,6405325011.00,United States,,33827783,Technology,EDP Services
RGTIW,Rigetti Computing Inc. Warrants,$8.71,0.22,2.591%,2895193609.00,United States,,120762,Technology,EDP Services
RIBB,Ribbon Acquisition Corp Class A Ordinary Shares,$10.63,0.00,0.00%,0.00,Japan,2025,10,,
RIBBR,Ribbon Acquisition Corp Rights,$0.23,0.00,0.00%,0.00,Japan,2025,5,,
RICK,RCI Hospitality Holdings Inc. Common Stock,$24.71,0.34,1.395%,189068565.00,United States,1995,49049,Consumer Discretionary,Restaurants
RIGL,Rigel Pharmaceuticals Inc. Common Stock,$31.92,-0.21,-0.654%,590586394.00,United States,2000,450692,Health Care,Biotechnology: Pharmaceutical Preparations
RILY,BRC Group Holdings Inc. Common Stock,$9.34,0.95,11.323%,346799729.00,United States,,1215661,Finance,Investment Managers
RILYG,BRC Group Holdings Inc. 5.00% Senior Notes due 2026,$24.38,0.08,0.329%,743518469.00,United States,,11364,Finance,Investment Managers
RILYL,BRC Group Holdings Inc. Depositary Shares each representing 1/1000th in a share of 7.375% Series B Cumulative Perpetual Preferred Stock par value $0.0001,$15.50,0.40,2.649%,575524176.00,United States,,7954,Finance,Investment Managers
RILYN,BRC Group Holdings Inc. 6.50% Senior Notes Due 2026,$24.89,-0.06,-0.24%,759071973.00,United States,,15635,Finance,Investment Managers
RILYP,BRC Group Holdings Inc. Depositary Shares each representing a 1/1000th fractional interest in a share of Series A Cumulative Perpetual Preferred Stock,$15.34,0.6399,4.353%,569583281.00,United States,,27718,Finance,Investment Managers
RILYT,BRC Group Holdings Inc. 6.00% Senior Notes Due 2028,$21.00,0.05,0.239%,640438386.00,United States,,59572,Finance,Investment Managers
RILYZ,BRC Group Holdings Inc. 5.25% Senior Notes due 2028,$19.69,0.59,3.089%,600487230.00,United States,,103051,Finance,Investment Managers
RIME,Algorhythm Holdings Inc. Common Stock,$0.72,0.0265,3.821%,10549199.00,United States,,1258784,Consumer Staples,Diversified Electronic Products
RIOT,Riot Platforms Inc. Common Stock ,$24.62,-0.30,-1.204%,9301785776.00,United States,,13478294,Finance,Finance: Consumer Services
RITR,Reitar Logtech Holdings Limited Ordinary shares,$0.5225,0.0215,4.291%,32626859.00,Hong Kong,2024,39720,Finance,Real Estate
RIVN,Rivian Automotive Inc. Class A Common Stock,$14.52,0.25,1.752%,18301266369.00,United States,2021,21303810,Industrials,Auto Manufacturing
RJET,Republic Airways Holdings Inc. Common Stock,$21.89,-0.24,-1.085%,1025097230.00,United States,2018,102316,Consumer Discretionary,Air Freight/Delivery Services
RKDA,Arcadia Biosciences Inc. Common Stock,$1.07,0.01,0.943%,2200866.00,United States,2015,140119,Consumer Staples,Farming/Seeds/Milling
RKLB,Rocket Lab Corporation Common Stock,$132.55,8.40,6.766%,76713443725.00,United States,2020,25324109,Industrials,Military/Government/Technical
RLAY,Relay Therapeutics Inc. Common Stock,$12.78,-0.44,-3.328%,2448471189.00,United States,2020,4381463,Health Care,Biotechnology: Biological Products (No Diagnostic Substances)
RLMD,Relmada Therapeutics Inc. Common Stock,$7.42,-0.07,-0.935%,778285455.00,United States,,423294,Health Care,Biotechnology: Pharmaceutical Preparations
RLYB,Rallybio Corporation Common Stock,$14.21,-0.14,-0.976%,75286527.00,United States,2021,41726,Health Care,Biotechnology: Pharmaceutical Preparations
RMBI,Richmond Mutual Bancorporation Inc. Common Stock,$14.34,0.04,0.28%,150588068.00,United States,2019,23265,Finance,Major Banks
RMBS,Rambus Inc. Common Stock,$130.46,-4.39,-3.255%,14107548715.00,United States,1997,1522290,Technology,Semiconductors
RMCF,Rocky Mountain Chocolate Factory Inc. Common Stock,$2.56,0.03,1.186%,23892024.00,United States,,24180,Consumer Staples,Specialty Foods
RMCO,Royalty Management Holding Corporation Class A Common Stock,$2.66,-0.07,-2.564%,40298215.00,United States,2023,5607,Miscellaneous,Multi-Sector Companies
RMCOW,Royalty Management Holding Corporation Warrant,$0.1903,0.0002,0.105%,2882989.00,United States,2023,5249,Miscellaneous,Multi-Sector Companies
RMIX,Suncrete Inc. Class A Common Stock,$17.50,-0.13,-0.737%,1253028910.00,United States,,477428,Industrials,Building Materials
RMNI,Rimini Street Inc. (DE) Common Stock,$3.49,-0.05,-1.412%,323034400.00,United States,2015,664210,Real Estate,Real Estate
RMR,The RMR Group Inc. Class A Common Stock,$19.35,-0.03,-0.155%,601656922.00,United States,,104661,Consumer Discretionary,Professional Services
RMSG,Real Messenger Corporation Ordinary Shares,$1.27,-0.17,-11.806%,12155527.00,United States,,276797,Technology,Computer Software: Programming Data Processing
RMSGW,Real Messenger Corporation Warrants,$0.065,0.0149,29.741%,622133.00,United States,,25465,Technology,Computer Software: Programming Data Processing
RMTI,Rockwell Medical Inc. Common Stock,$0.7965,-0.0046,-0.574%,31438093.00,United States,1998,154080,Health Care,Biotechnology: Pharmaceutical Preparations
RNA,Atrium Therapeutics Inc. Common Stock,$13.27,-0.03,-0.226%,2058835802.00,United States,,100286,Health Care,Biotechnology: Pharmaceutical Preparations
RNAC,Cartesian Therapeutics Inc. Common Stock,$8.27,-0.15,-1.781%,242985121.00,United States,2016,82373,Health Care,Biotechnology: Pharmaceutical Preparations
RNAZ,TransCode Therapeutics Inc. Common Stock,$6.7886,-0.1814,-2.603%,6451220.00,United States,2021,9424,Health Care,Biotechnology: Pharmaceutical Preparations
RNGT,Range Capital Acquisition Corp II Class A Ordinary Shares,$10.07,0.02,0.199%,0.00,United States,2025,1146,Finance,Blank Checks
RNGTU,Range Capital Acquisition Corp II Units,$10.13,0.00,0.00%,0.00,United States,2025,60,Finance,Blank Checks
RNTX,Rein Therapeutics Inc. Common Stock,$1.13,-0.03,-2.586%,31684106.00,United States,2017,341673,Health Care,Biotechnology: Pharmaceutical Preparations
RNW,ReNew Energy Global plc Class A Ordinary Shares,$5.54,0.10,1.838%,2009741058.00,United Kingdom,,785700,Utilities,Electric Utilities: Central
RNWWW,ReNew Energy Global plc Warrant,$0.0033,-0.0041,-55.405%,1197138.00,United Kingdom,,751,Utilities,Electric Utilities: Central
RNXT,RenovoRx Inc. Common Stock,$0.855,0.0064,0.754%,38520064.00,United States,2021,173063,Health Care,Biotechnology: Pharmaceutical Preparations
ROAD,Construction Partners Inc. Class A Common Stock,$124.84,-2.03,-1.60%,7057797191.00,United States,2018,428224,Industrials,Military/Government/Technical
ROC,Rank One Computing Corporation Common stock,$6.05,0.00,0.00%,115434768.00,United States,2026,18697,Technology,Computer Software: Prepackaged Software
ROCK,Gibraltar Industries Inc. Common Stock,$37.93,-0.29,-0.759%,1125076588.00,United States,1993,268159,Industrials,Steel/Iron Ore
ROIV,Roivant Sciences Ltd. Common Shares,$29.50,0.28,0.958%,21113183542.00,United Kingdom,,2914316,Health Care,Biotechnology: Pharmaceutical Preparations
ROKU,Roku Inc. Class A Common Stock,$125.85,0.17,0.135%,18573394172.00,United States,2017,1922854,Telecommunications,Cable & Other Pay Television Services
ROMA,Roma Green Finance Limited Class A Ordinary Shares,$8.46,0.65,8.323%,503916271.00,Hong Kong,2024,30163,Consumer Discretionary,Professional Services
ROOT,Root Inc. Class A Common Stock,$56.54,-0.54,-0.946%,894818776.00,United States,2020,219136,Finance,Property-Casualty Insurers
ROP,Roper Technologies Inc. Common Stock,$317.95,1.70,0.538%,32086674294.00,United States,1992,1180207,Technology,Computer Software: Programming Data Processing
ROST,Ross Stores Inc. Common Stock,$213.27,1.51,0.713%,68704535524.00,United States,1985,1988423,Consumer Discretionary,Clothing/Shoe/Accessory Stores
RPAY,Repay Holdings Corporation Class A Common Stock,$3.37,0.06,1.813%,302198273.00,United States,2018,442429,Real Estate,Real Estate
RPD,Rapid7 Inc. Common Stock,$6.23,0.05,0.809%,416354750.00,United States,2015,1428097,Technology,Computer Software: Prepackaged Software
RPGL,Republic Power Group Limited Class A Ordinary Shares,$0.34,-0.0378,-10.005%,1056135.00,Singapore,2025,2908526,Technology,Computer Software: Prepackaged Software
RPID,Rapid Micro Biosystems Inc. Class A Common Stock,$2.32,-0.16,-6.452%,106179533.00,United States,2021,387170,Industrials,Biotechnology: Laboratory Analytical Instruments
RPRX,Royalty Pharma plc Class A Ordinary Shares ,$53.40,0.15,0.282%,30749439694.00,United States,2020,3513662,Health Care,Biotechnology: Pharmaceutical Preparations
RR,Richtech Robotics Inc. Class B Common Stock,$2.83,0.01,0.355%,1039521979.00,United States,2023,19889526,Industrials,Industrial Machinery/Components
RRBI,Red River Bancshares Inc. Common Stock,$88.84,-0.13,-0.146%,584984393.00,United States,2019,50528,Consumer Discretionary,Hotels/Resorts
RREVU,RRE Ventures Acquisition Corp. Units,$10.00,0.0299,0.30%,0.00,United States,2026,154,,
RRGB,Red Robin Gourmet Burgers Inc. Common Stock,$4.00,0.23,6.101%,72541320.00,United States,2002,486620,Consumer Discretionary,Restaurants
RRR,Red Rock Resorts Inc. Class A Common Stock,$51.56,0.52,1.019%,5380360143.00,United States,2016,734075,Consumer Discretionary,Hotels/Resorts
RSSS,Research Solutions Inc Common Stock,$2.71,0.20,7.968%,89173840.00,United States,,150446,Technology,EDP Services
RSVR,Reservoir Media Inc. Common Stock,$10.18,0.02,0.197%,667810229.00,United States,2021,120471,Consumer Discretionary,Services-Misc. Amusement & Recreation
RTAC,Renatus Tactical Acquisition Corp I Class A Ordinary Shares,$10.42,-0.05,-0.478%,0.00,United States,2025,105639,Finance,Blank Checks
RTACU,Renatus Tactical Acquisition Corp I Unit,$10.77,0.00,0.00%,0.00,United States,2025,1184,Finance,Blank Checks
RTACW,Renatus Tactical Acquisition Corp I Warrant,$0.8001,-0.0099,-1.222%,0.00,United States,2025,20661,Finance,Blank Checks
RTB,RTB Digital Inc. Common Stock,$6.2999,-0.9001,-12.501%,8062392.00,United States,,32234,Consumer Discretionary,Professional Services
RUBI,Rubico Inc. Common Stock,$1.93,-0.13,-6.311%,1482425.00,Greece,,238119,Consumer Discretionary,Marine Transportation
RUM,Rumble Inc. Class A Common Stock,$8.17,-0.15,-1.803%,3555834051.00,United States,2021,4891931,Technology,Computer Software: Programming Data Processing
RUMBW,Rumble Inc. Warrant,$1.8701,0.0302,1.641%,813924756.00,United States,2021,32981,Technology,Computer Software: Programming Data Processing
RUN,Sunrun Inc. Common Stock,$14.66,0.20,1.383%,3497132547.00,United States,2015,7689279,Miscellaneous,Industrial Machinery/Components
RUSHA,Rush Enterprises Inc. Common Stock Cl A,$70.58,0.50,0.713%,5484933499.00,United States,,405975,Consumer Discretionary,Retail-Auto Dealers and Gas Stations
RUSHB,Rush Enterprises Inc. Class B,$65.23,0.94,1.462%,5069172742.00,United States,,41809,Consumer Discretionary,Retail-Auto Dealers and Gas Stations
RVMD,Revolution Medicines Inc. Common Stock,$149.47,-0.47,-0.313%,31776793175.00,United States,2020,1805190,Health Care,Biotechnology: Biological Products (No Diagnostic Substances)
RVMDW,Revolution Medicines Inc. Warrant,$5.59,0.09,1.636%,1188414223.00,United States,,19277,Health Care,Biotechnology: Biological Products (No Diagnostic Substances)
RVSB,Riverview Bancorp Inc Common Stock,$5.44,0.02,0.369%,112667301.00,United States,,33256,Finance,Savings Institutions
RVSN,Rail Vision Ltd. Ordinary Share,$6.475,-0.395,-5.75%,14194404.00,Israel,2022,15771,Industrials,Railroads
RVSNW,Rail Vision Ltd. Warrant,$0.0223,0.00,0.00%,48886.00,Israel,2022,2400,Industrials,Railroads
RWAY,Runway Growth Finance Corp. Common Stock,$6.67,0.15,2.301%,283238522.00,United States,2021,1146249,Finance,Finance: Consumer Services
RWAYI,Runway Growth Finance Corp. 7.25% Notes due 2031,$25.03,0.0001,0.00%,0.00,United States,,8296,Finance,Finance: Consumer Services
RWAYL,Runway Growth Finance Corp. 7.50% Notes due 2027,$25.50,0.00,0.00%,923524116.00,United States,,402,Finance,Finance: Consumer Services
RXRX,Recursion Pharmaceuticals Inc. Class A Common Stock,$3.04,-0.01,-0.328%,1610911805.00,United States,2021,15010053,Health Care,Biotechnology: Biological Products (No Diagnostic Substances)
RXST,RxSight Inc. Common Stock,$5.63,0.08,1.441%,233062909.00,United States,2021,427580,Health Care,Ophthalmic Goods
RXT,Rackspace Technology Inc. Common Stock,$7.29,1.52,26.343%,1816832018.00,United States,2020,40029515,Technology,Computer Software: Programming Data Processing
RYAAY,Ryanair Holdings plc American Depositary Shares,$55.21,0.27,0.491%,29053367491.00,Ireland,1997,1375076,Consumer Discretionary,Air Freight/Delivery Services
RYET,Ruanyun Edai Technology Inc. Ordinary shares,$0.9775,-0.0224,-2.24%,33577129.00,China,2025,5925,Technology,Computer Software: Prepackaged Software
RYM,RYTHM Inc. Common Stock,$28.88,1.84,6.805%,62066817.00,United States,2021,3963,Consumer Staples,Farming/Seeds/Milling
RYOJ,rYojbaba Co. Ltd. Common Shares,$1.90,0.0623,3.39%,21945000.00,Japan,2025,4260,Consumer Discretionary,Professional Services
RYTM,Rhythm Pharmaceuticals Inc. Common Stock,$93.63,-0.09,-0.096%,6416707993.00,United States,2017,842657,Health Care,Biotechnology: Pharmaceutical Preparations
RZLT,Rezolute Inc. Common Stock (NV),$3.40,0.07,2.102%,327393925.00,United States,,1072971,Health Care,Biotechnology: Pharmaceutical Preparations
RZLV,Rezolve AI PLC Ordinary Shares,$2.62,0.00,0.00%,1049026427.00,United Kingdom,,14883617,Technology,Computer Software: Programming Data Processing
RZLVW,Rezolve AI PLC Warrants,$0.9902,0.0002,0.02%,396467927.00,United Kingdom,,15315,Technology,Computer Software: Programming Data Processing
SAAQ,Space Asset Acquisition Corp. Class A Ordinary Shares,$10.30,0.105,1.03%,0.00,United States,2026,54566,Finance,Blank Checks
SAAQU,Space Asset Acquisition Corp. Units,$10.45,0.0299,0.287%,0.00,United States,2026,1877,Finance,Blank Checks
SAAQW,Space Asset Acquisition Corp. Warrants,$0.762,0.012,1.60%,0.00,United States,2026,2022,,
SABR,Sabre Corporation Common Stock,$1.58,-0.14,-8.14%,624594971.00,United States,2014,21483701,Technology,Computer Software: Programming Data Processing
SABS,SAB Biotherapeutics Inc. Common Stock,$3.89,-0.07,-1.768%,297445326.00,United States,2021,712938,Health Care,Biotechnology: Biological Products (No Diagnostic Substances)
SABSW,SAB Biotherapeutics Inc. Warrant,$0.0164,-0.0064,-28.07%,1254011.00,United States,2021,30794,Health Care,Biotechnology: Biological Products (No Diagnostic Substances)
SAFT,Safety Insurance Group Inc. Common Stock,$71.13,1.43,2.052%,1044432660.00,United States,2002,78568,Finance,Property-Casualty Insurers
SAFX,XCF Global Inc. Class A Common Stock,$0.4392,0.0427,10.769%,120977064.00,United States,,5010843,Industrials,Major Chemicals
SAGT,SAGTEC GLOBAL LIMITED Class A Ordinary shares,$1.10,-0.12,-9.836%,13805000.00,Malaysia,2025,196985,Technology,Computer Software: Prepackaged Software
SAIA,Saia Inc. Common Stock,$459.29,27.87,6.46%,12249821878.00,United States,,504199,Industrials,Trucking Freight/Courier Services
SAIC,Science Applications International Corporation Common Stock,$92.65,2.24,2.478%,3993436156.00,United States,,378462,Technology,EDP Services
SAIH,SAIHEAT Limited Class A Ordinary Shares,$11.75,-0.25,-2.083%,21530230.00,Singapore,2021,3829,Technology,EDP Services
SAIHW,SAIHEAT Limited Warrant,$0.0261,-0.0047,-15.26%,47825.00,Singapore,2021,14049,Technology,EDP Services
SAIL,SailPoint Inc. Common Stock,$13.18,1.37,11.60%,7475993697.00,United States,2025,5642654,Technology,Computer Software: Prepackaged Software
SAMG,Silvercrest Asset Management Group Inc. Class A Common Stock,$12.04,0.02,0.166%,142647115.00,United States,2013,21536,Finance,Investment Managers
SANA,Sana Biotechnology Inc. Common Stock,$3.14,-0.06,-1.875%,873835593.00,United States,2021,22775913,Health Care,Biotechnology: Biological Products (No Diagnostic Substances)
SANG,Sangoma Technologies Corporation Common Shares,$3.66,-0.43,-10.513%,121800371.00,Canada,,76169,Technology,Computer Software: Programming Data Processing
SANM,Sanmina Corporation Common Stock,$242.04,3.42,1.433%,12972795779.00,United States,1993,846364,Technology,Electrical Products
SATA,Strive Inc. Variable Rate Series A Perpetual Preferred Stock,$99.92,0.62,0.624%,6910345797.00,United States,,435290,,
SATL,Satellogic Inc. Class A Common Stock,$8.64,0.54,6.667%,1280828998.00,Uruguay,,9243670,Technology,Radio And Television Broadcasting And Communications Equipment
SATLW,Satellogic Inc. Warrant,$2.62,0.3601,15.934%,388399534.00,Uruguay,,124182,Technology,Radio And Television Broadcasting And Communications Equipment
SATS,EchoStar  Corporation Common Stock,$135.11,1.88,1.411%,39156700364.00,United States,,4799650,Consumer Discretionary,Telecommunications Equipment
SBAC,SBA Communications Corporation Class A Common Stock,$201.21,-6.45,-3.106%,21340939651.00,United States,1999,1022174,Real Estate,Real Estate Investment Trusts
SBC,SBC Medical Group Holdings Incorporated Common Stock,$2.98,-0.25,-7.74%,305679290.00,United States,2022,175346,Health Care,Medical/Nursing Services
SBCF,Seacoast Banking Corporation of Florida Common Stock,$30.32,0.31,1.033%,2948522127.00,United States,,819927,Finance,Major Banks
SBCWW,SBC Medical Group Holdings Incorporated Warrants,$0.1705,-0.0494,-22.465%,17489369.00,United States,2022,41808,Health Care,Medical/Nursing Services
SBET,Sharplink Inc. Common Stock,$7.40,0.44,6.322%,1459364449.00,United States,,7085945,Technology,Computer Software: Prepackaged Software
SBFG,SB Financial Group Inc. Common Stock,$21.87,-0.09,-0.41%,137236809.00,United States,,4862,Finance,Major Banks
SBFM,Sunshine Biopharma Inc. Common Stock,$0.4693,-0.1908,-28.905%,2302360.00,Canada,,828606,Health Care,Biotechnology: Pharmaceutical Preparations
SBFMW,Sunshine Biopharma Inc. Warrant,$0.1239,0.00,0.00%,607847.00,Canada,,8,Health Care,Biotechnology: Pharmaceutical Preparations
SBGI,Sinclair Inc. Class A Common Stock,$14.13,0.09,0.641%,1019699660.00,United States,1995,423426,Industrials,Broadcasting
SBLK,Star Bulk Carriers Corp. Common Shares,$26.68,-0.01,-0.037%,2975624402.00,Greece,,733213,Consumer Discretionary,Marine Transportation
SBRA,Sabra Health Care REIT Inc. Common Stock,$21.20,0.10,0.474%,5346430014.00,United States,,2014885,Real Estate,Real Estate Investment Trusts
SBUX,Starbucks Corporation Common Stock,$106.40,0.45,0.425%,121264080000.00,United States,1992,9941374,Consumer Discretionary,Restaurants
SCAG,Scage Future American Depositary Shares,$0.7836,-0.0187,-2.331%,56896933.00,China,,3102,Consumer Discretionary,Construction/Ag Equipment/Trucks
SCHL,Scholastic Corporation Common Stock,$39.44,0.72,1.86%,857519309.00,United States,1992,324870,Consumer Discretionary,Books
SCII,SC II Acquisition Corp. Class A ordinary share,$10.00,0.00,0.00%,0.00,United States,2026,895,,
SCIIR,SC II Acquisition Corp. Rights,$0.23,-0.01,-4.167%,0.00,United States,2026,2625,,
SCKT,Socket Mobile Inc. Common Stock,$0.8631,-0.0169,-1.92%,7112771.00,United States,,16887,Technology,Computer Manufacturing
SCLX,Scilex Holding Company Common Stock,$6.50,-0.08,-1.216%,55193236.00,United States,2021,111844,Health Care,Biotechnology: Biological Products (No Diagnostic Substances)
SCLXW,Scilex Holding Company Warrant,$0.16,-0.0099,-5.827%,1358603.00,United States,2021,1512,Health Care,Biotechnology: Biological Products (No Diagnostic Substances)
SCNI,Scinai Immunotherapeutics Ltd. American Depositary Shares,$0.5349,0.0289,5.711%,2118093.00,Israel,2015,204867,Health Care,Biotechnology: Biological Products (No Diagnostic Substances)
SCNX,Scienture Holdings Inc. Common Stock,$0.411,0.002,0.489%,16699265.00,United States,,304663,Health Care,Other Pharmaceuticals
SCOR,comScore Inc. Common Stock,$6.78,-0.23,-3.281%,102081260.00,United States,2018,8504,Real Estate,Real Estate
SCPQ,Social Commerce Partners Corporation Class A Ordinary Shares,$9.94,0.00,0.00%,0.00,United States,2026,2,,
SCSC,ScanSource Inc. Common Stock,$42.92,0.91,2.166%,872328785.00,United States,,212146,Technology,Retail: Computer Software & Peripheral Equipment
SCVL,Shoe Carnival Inc. Common Stock,$15.97,-0.10,-0.622%,438922371.00,United States,1993,301975,Consumer Discretionary,Clothing/Shoe/Accessory Stores
SCWO,374Water Inc. Common Stock,$2.285,0.065,2.928%,39853526.00,United States,,40296,Consumer Discretionary,Metal Fabrications
SCYX,SCYNEXIS Inc. Common Stock,$0.7708,0.01,1.314%,61234382.00,United States,2014,300493,Health Care,Biotechnology: Pharmaceutical Preparations
SCZM,Santacruz Silver Mining Ltd. Common Shares,$9.70,-0.32,-3.194%,897159780.00,Canada,,302142,,
SDA,SunCar Technology Group Inc. Class A Ordinary Shares,$0.8174,-0.0626,-7.114%,86356607.00,Hong Kong,2021,220132,Consumer Discretionary,Automotive Aftermarket
SDAWW,SunCar Technology Group Inc. Warrant,$0.09,-0.0049,-5.163%,9508312.00,Hong Kong,2021,2600,Consumer Discretionary,Automotive Aftermarket
SDGR,Schrodinger Inc. Common Stock,$12.62,-0.13,-1.02%,942975537.00,United States,2020,1062397,Health Care,Biotechnology: Pharmaceutical Preparations
SDHI,Siddhi Acquisition Corp Class A Common stock,$10.38,0.00,0.00%,0.00,United States,2025,273487,Finance,Blank Checks
SDHIR,Siddhi Acquisition Corp Right,$0.20,-0.01,-4.762%,0.00,United States,2025,3695,,
SDOT,Sadot Group Inc. Common Stock,$0.1995,-0.0157,-7.296%,366216.00,United States,2020,1962378,Consumer Discretionary,Restaurants
SDST,Stardust Power Inc. Common Stock,$2.28,0.02,0.885%,23678634.00,United States,2021,99069,Industrials,Major Chemicals
SDSTW,Stardust Power Inc. Warrant,$0.115,-0.005,-4.167%,1194317.00,United States,2021,4028,Industrials,Major Chemicals
SEAT,Vivid Seats Inc. Class A Common Stock,$9.25,-0.04,-0.431%,101633552.00,United States,,141975,Consumer Discretionary,Services-Misc. Amusement & Recreation
SEDG,SolarEdge Technologies Inc. Common Stock,$50.24,7.47,17.466%,3055506468.00,Israel,2015,5894712,Technology,Semiconductors
SEED,Origin Agritech Limited Common Stock,$1.18,0.03,2.609%,14070732.00,China,,36813,Consumer Staples,Farming/Seeds/Milling
SEER,Seer Inc. Class A Common Stock,$1.75,-0.02,-1.13%,96217714.00,United States,2020,517967,Industrials,Biotechnology: Laboratory Analytical Instruments
SEGG,Sports Entertainment Gaming Global Corporation Common Stock,$1.51,0.19,14.394%,19091605.00,United States,2023,2025119,Technology,Computer Software: Prepackaged Software
SEIC,SEI Investments Company Common Stock,$91.70,-0.54,-0.585%,11029031899.00,United States,1981,545492,Finance,Investment Bankers/Brokers/Service
SELF,Global Self Storage Inc. Common Stock,$5.325,0.005,0.094%,60820723.00,United States,,11642,Real Estate,Real Estate Investment Trusts
SELX,Semilux International Ltd. Ordinary Shares,$0.2321,-0.0099,-4.091%,8687121.00,Taiwan,,65490,Technology,Semiconductors
SENEA,Seneca Foods Corp. Class A Common Stock,$136.94,-0.71,-0.516%,926648879.00,United States,,66014,Consumer Staples,Packaged Foods
SENEB,Seneca Foods Corp. Class B Common Stock,$138.75,0.00,0.00%,938896830.00,United States,,11,Consumer Staples,Packaged Foods
SENS,Senseonics Holdings Inc. Common Stock,$5.82,0.32,5.818%,243293256.00,United States,,722554,Health Care,Medical/Dental Instruments
SEPN,Septerna Inc. Common Stock,$28.32,3.57,14.424%,1276539095.00,United States,2024,556127,Health Care,Biotechnology: Pharmaceutical Preparations
SERA,Sera Prognostics Inc. Class A Common Stock,$1.79,0.20,12.579%,70094118.00,United States,2021,158328,Health Care,Medical Specialities
SERV,Serve Robotics Inc. Common Stock,$8.74,0.11,1.275%,676242607.00,United States,,5157499,Consumer Discretionary,Industrial Specialties
SEV,Aptera Motors Corp. Class B Common Stock,$2.58,-0.01,-0.386%,95186001.00,United States,,312123,Industrials,Auto Manufacturing
SEVN,Seven Hills Realty Trust Common Stock,$8.32,0.02,0.241%,187999361.00,United States,,83952,Real Estate,Real Estate Investment Trusts
SEZL,Sezzle Inc. Common Stock,$103.44,1.04,1.016%,3478378845.00,United States,,477894,Finance,Finance: Consumer Services
SFBC,Sound Financial Bancorp Inc. Common Stock,$42.38,0.84,2.022%,108750004.00,United States,,2557,Finance,Savings Institutions
SFD,Smithfield Foods Inc. Common Stock,$24.93,0.0125,0.05%,9809388167.00,United States,2025,1263914,Consumer Staples,Meat/Poultry/Fish
SFHG,Samfine Creation Holdings Group Limited Class A Ordinary Share,$2.5781,0.1381,5.66%,10467086.00,Hong Kong,2024,17539,Consumer Discretionary,Publishing
SFIX,Stitch Fix Inc. Class A Common Stock,$3.10,-0.025,-0.80%,423219812.00,United States,2017,1207178,Consumer Discretionary,Catalog/Specialty Distribution
SFM,Sprouts Farmers Market Inc. Common Stock,$86.965,-1.305,-1.478%,8178562636.00,United States,2013,1916823,Consumer Staples,Food Chains
SFNC,Simmons First National Corporation Class A Common Stock,$20.80,0.22,1.069%,3017335547.00,United States,,700184,Finance,Major Banks
SFST,Southern First Bancshares Inc. Common Stock,$55.77,0.03,0.054%,527314552.00,United States,,99460,Finance,Major Banks
SFWL,Shengfeng Development Limited Class A Ordinary Shares,$0.87,-0.01,-1.136%,71772836.00,China,2023,4060,Industrials,Trucking Freight/Courier Services
SGA,Saga Communications Inc. Class A Common Stock (FL),$10.15,0.13,1.297%,64594275.00,United States,,22041,Consumer Discretionary,Broadcasting
SGC,Superior Group of Companies Inc. Common Stock,$11.87,0.12,1.021%,185576162.00,United States,,33173,Consumer Discretionary,Apparel
SGHT,Sight Sciences Inc. Common Stock,$5.20,0.30,6.122%,282931698.00,United States,2021,351790,Health Care,Medical/Dental Instruments
SGLY,Singularity Future Technology Ltd. Common Stock,$0.4396,0.0026,0.595%,3206219.00,United States,2008,88324,Industrials,Integrated Freight & Logistics
SGML,Sigma Lithium Corporation Common Shares,$17.865,-0.965,-5.125%,1990214220.00,Canada,,3315527,Basic Materials,Metal Mining
SGMT,Sagimet Biosciences Inc. Series A Common Stock,$7.37,-0.23,-3.026%,455110818.00,United States,2023,684250,Health Care,Biotechnology: Pharmaceutical Preparations
SGP,SpyGlass Pharma Inc. Common Stock,$24.27,0.45,1.889%,811262538.00,United States,2026,31140,Health Care,Medical/Dental Instruments
SGRP,SPAR Group Inc. Common Stock,$0.662,-0.0085,-1.268%,16636054.00,United States,,85967,Real Estate,Real Estate
SGRY,Surgery Partners Inc. Common Stock,$14.48,0.17,1.188%,1893956517.00,United States,2015,3435599,Health Care,Hospital/Nursing Management
SHAZ,SharonAI Holdings Inc. Class A Common Stock,$55.63,0.60,1.09%,897599563.00,United States,,828569,Technology,EDP Services
SHBI,Shore Bancshares Inc Common Stock,$19.45,0.23,1.197%,650717858.00,United States,,129422,Finance,Major Banks
SHC,Sotera Health Company Common Stock,$15.49,0.01,0.065%,4417236737.00,United States,2020,4036902,Health Care,Misc Health and Biotechnology Services
SHEN,Shenandoah Telecommunications Co Common Stock,$16.06,0.21,1.325%,888471336.00,United States,,174406,Telecommunications,Telecommunications Equipment
SHFS,SHF Holdings Inc. Class A Common Stock,$0.4365,-0.001,-0.229%,2196956.00,United States,2021,76226,Finance,Finance: Consumer Services
SHFSW,SHF Holdings Inc. Warrants,$0.0251,-0.0018,-6.691%,126331.00,United States,2021,2697,Finance,Finance: Consumer Services
SHIM,Shimmick Corporation Common Stock,$5.02,0.38,8.19%,182230659.00,United States,2023,261689,Industrials,Military/Government/Technical
SHIP,Seanergy Maritime Holdings Corp. Common Stock,$16.03,0.04,0.25%,347341214.00,Greece,,207672,Consumer Discretionary,Marine Transportation
SHLS,Shoals Technologies Group Inc. Class A Common Stock,$9.28,0.17,1.866%,1556922462.00,United States,2021,4117623,Technology,Semiconductors
SHMD,SCHMID Group N.V. Class A Ordinary Shares,$6.64,0.47,7.618%,369203694.00,Germany,,1336501,Technology,Industrial Machinery/Components
SHMDW,SCHMID Group N.V. Warrants,$1.90,0.18,10.465%,105645635.00,Germany,,106051,Technology,Industrial Machinery/Components
SHOO,Steven Madden Ltd. Common Stock,$39.49,0.98,2.545%,2886143868.00,United States,1993,772791,Consumer Discretionary,Shoe Manufacturing
SHOP,Shopify Inc. Class A Subordinate Voting Shares,$97.42,2.02,2.117%,126237910056.00,Canada,,16595420,Technology,Computer Software: Prepackaged Software
SHPH,Shuttle Pharmaceuticals Holdings Inc. Common Stock,$0.64,-0.07,-9.859%,3578426.00,United States,2022,848503,Health Care,Biotechnology: Pharmaceutical Preparations
SIBN,SI-BONE Inc. Common Stock,$14.60,0.44,3.107%,647499532.00,United States,2018,861156,Health Care,Medical/Dental Instruments
SIDU,Sidus Space Inc. Class A Common Stock,$3.66,0.40,12.27%,295965366.00,United States,2021,25833606,Telecommunications,Telecommunications Equipment
SIEB,Siebert Financial Corp. Common Stock,$1.80,0.05,2.857%,73693685.00,United States,,17184,Finance,Investment Bankers/Brokers/Service
SIFY,Sify Technologies Limited American Depositary Shares,$16.47,0.295,1.824%,1191611088.00,India,,42774,Technology,Computer Software: Programming Data Processing
SIGA,SIGA Technologies Inc. Common Stock,$4.26,-0.05,-1.16%,305544653.00,United States,,445109,Health Care,Biotechnology: Pharmaceutical Preparations
SIGI,Selective Insurance Group Inc. Common Stock,$85.95,0.78,0.916%,5145785244.00,United States,,259443,Finance,Property-Casualty Insurers
SIGIP,Selective Insurance Group Inc. Depositary Shares each representing a 1/1000th interest in a share of 4.60% Non-Cumulative Preferred Stock Series B,$16.7563,0.0313,0.187%,1003191638.00,United States,,992,Finance,Property-Casualty Insurers
SILC,Silicom Ltd Ordinary Shares,$50.98,4.05,8.63%,290899119.00,Israel,,262157,Telecommunications,Computer Communications Equipment
SILO,Silo Pharma Inc. Common Stock,$0.394,0.0037,0.948%,6409038.00,United States,,332013,Consumer Discretionary,Apparel
SIMA,SIM Acquisition Corp. I Class A Ordinary Shares,$11.45,0.45,4.091%,0.00,United States,2024,6005,Miscellaneous,Industrial Machinery/Components
SIMAW,SIM Acquisition Corp. I Warrant,$0.1526,0.0024,1.598%,0.00,United States,2024,2610,Finance,Blank Checks
SIMO,Silicon Motion Technology Corporation American Depositary Shares,$263.85,-6.02,-2.231%,8946582265.00,Taiwan,2005,795472,Technology,Semiconductors
SINT,SiNtx Technologies Inc. Common Stock,$2.40,0.02,0.84%,9892145.00,United States,2014,26414,Health Care,Medical/Dental Instruments
SION,Sionna Therapeutics Inc. Common Stock,$42.77,-0.35,-0.812%,1931079614.00,United States,2025,342375,Health Care,Biotechnology: Pharmaceutical Preparations
SIRI,SiriusXM Holdings Inc. Common Stock,$26.22,-0.14,-0.531%,8826174722.00,United States,,3166664,Consumer Discretionary,Broadcasting
SITM,SiTime Corporation Common Stock,$820.21,-15.10,-1.808%,21650942294.00,United States,2019,524574,Technology,Semiconductors
SJ,Scienjoy Holding Corporation Class A Ordinary Shares ,$1.24,0.13,11.712%,52653832.00,China,2019,76603,Technology,EDP Services
SKBL,Skyline Builders Group Holding Limited Class A Ordinary Shares,$3.58,0.14,4.07%,498356084.00,Hong Kong,2025,182700,Consumer Discretionary,Engineering & Construction
SKIN,SkinHealth Systems Inc. Class A Common Stock,$0.6769,0.0269,4.138%,87726267.00,United States,2020,1174231,Health Care,Medical/Dental Instruments
SKK,SKK Holdings Limited Class A Ordinary Shares,$3.39,-0.61,-15.25%,8301022.00,Singapore,2024,190353,Industrials,Water Sewer Pipeline Comm & Power Line Construction
SKWD,Skyward Specialty Insurance Group Inc. Common Stock,$45.28,1.25,2.839%,1835789983.00,United States,2023,315162,Finance,Property-Casualty Insurers
SKYE,Skye Bioscience Inc. Common Stock,$0.8712,0.0515,6.283%,30617211.00,United States,,242282,Health Care,Biotechnology: Pharmaceutical Preparations
SKYQ,Sky Quarry Inc. Common Stock,$2.49,-0.32,-11.388%,9356048.00,United States,2024,512784,Industrials,Environmental Services
SKYT,SkyWater Technology Inc. Common Stock,$35.82,0.92,2.636%,1762508844.00,United States,2021,1233601,Technology,Semiconductors
SKYW,SkyWest Inc. Common Stock,$83.70,-1.22,-1.437%,3319565520.00,United States,1986,519176,Consumer Discretionary,Air Freight/Delivery Services
SKYX,SKYX Platforms Corp. Common Stock,$1.14,0.00,0.00%,153311858.00,United States,2022,1525515,Consumer Discretionary,Building Products
SLAB,Silicon Laboratories Inc. Common Stock,$217.31,0.36,0.166%,7167279956.00,United States,2000,350204,Technology,Semiconductors
SLDB,Solid Biosciences Inc. Common Stock,$7.63,0.25,3.388%,751170494.00,United States,2018,1543733,Health Care,Biotechnology: Biological Products (No Diagnostic Substances)
SLDE,Slide Insurance Holdings Inc. Common Stock,$18.64,0.44,2.418%,2135384345.00,United States,2025,1085701,Finance,Property-Casualty Insurers
SLDP,Solid Power Inc. Class A Common Stock,$2.98,-0.08,-2.614%,670451402.00,United States,2021,7170524,Miscellaneous,Industrial Machinery/Components
SLDPW,Solid Power Inc. Warrant,$0.211,-0.0029,-1.356%,47471559.00,United States,2021,34854,Miscellaneous,Industrial Machinery/Components
SLE,Super League Enterprise Inc. Common Stock,$4.07,0.12,3.038%,5944027.00,United States,2019,10113,Consumer Discretionary,Services-Misc. Amusement & Recreation
SLGB,Smart Logistics Global Limited Ordinary Shares,$0.5824,-0.0078,-1.322%,25043200.00,Hong Kong,2025,60995,Industrials,Integrated Freight & Logistics
SLGL,Sol-Gel Technologies Ltd. Ordinary Shares,$68.68,-4.37,-5.982%,192982490.00,Israel,2018,7998,Health Care,Biotechnology: Pharmaceutical Preparations
SLM,SLM Corporation Common Stock,$21.59,0.27,1.266%,4071722762.00,United States,,2527001,Finance,Finance: Consumer Services
SLMBP,SLM Corporation Floating Rate Non-Cumulative Preferred Stock Series B,$75.04,0.12,0.16%,14152018345.00,United States,,2605,Finance,Finance: Consumer Services
SLMT,Brera Holdings PLC Class B Ordinary Shares,$6.13,0.54,9.66%,51414995.00,Ireland,2023,255129,Consumer Discretionary,Services-Misc. Amusement & Recreation
SLN,Silence Therapeutics Plc American Depository Share,$7.13,0.15,2.149%,333684000.00,United Kingdom,,63775,Health Care,Biotechnology: Pharmaceutical Preparations
SLNG,Stabilis Solutions Inc. Common Stock,$3.95,0.01,0.254%,73455389.00,United States,,14882,Utilities,Oil/Gas Transmission
SLNH,Soluna Holdings Inc. Common Stock,$2.16,0.00,0.00%,305309639.00,United States,,33874498,Technology,EDP Services
SLNHP,Soluna Holdings Inc 9.0% Series A Cumulative Perpetual Preferred Stock ,$10.50,0.25,2.439%,1484144078.00,United States,,4637,Technology,EDP Services
SLNO,Soleno Therapeutics Inc. Common Stock,$52.99,0.04,0.076%,2761846590.00,United States,2014,1393722,Health Care,Biotechnology: Electromedical & Electrotherapeutic Apparatus
SLP,Simulations Plus Inc. Common Stock,$13.38,-0.19,-1.40%,270349349.00,United States,,287004,Technology,EDP Services
SLRC,SLR Investment Corp. Common Stock,$12.93,-0.07,-0.538%,705391418.00,United States,2010,518372,Finance,Finance/Investors Services
SLS,SELLAS Life Sciences Group Inc. Common Stock,$7.42,0.89,13.629%,1380361699.00,United States,,16801129,Health Care,Biotechnology: Pharmaceutical Preparations
SLSN,Solesence Inc. Common Stock,$1.31,-0.01,-0.758%,92528503.00,United States,,27766,Consumer Discretionary,Package Goods/Cosmetics
SLXN,Silexion Therapeutics Corp Ordinary Shares,$0.4988,-0.0512,-9.309%,2032465.00,Israel,,430926,Health Care,Biotechnology: Biological Products (No Diagnostic Substances)
SLXNW,Silexion Therapeutics Corp Warrant,$0.0155,0.0035,29.167%,63158.00,Israel,,1200,Health Care,Biotechnology: Biological Products (No Diagnostic Substances)
SMBC,Southern Missouri Bancorp Inc. Common Stock,$67.58,0.21,0.312%,744436411.00,United States,,73563,Finance,Banks
SMCI,Super Micro Computer Inc. Common Stock,$33.03,1.03,3.219%,19864852460.00,United States,2020,32397647,Technology,Computer Manufacturing
SMID,Smith-Midland Corporation Common Stock,$30.87,1.26,4.255%,163813322.00,United States,,4857,Industrials,Building Materials
SMMT,Summit Therapeutics Inc. Common Stock ,$18.14,-0.65,-3.459%,14079590380.00,United States,2015,1971955,Health Care,Biotechnology: Pharmaceutical Preparations
SMPL,The Simply Good Foods Company Common Stock,$11.54,0.34,3.036%,1044243337.00,United States,,1957675,Consumer Staples,Packaged Foods
SMSI,Smith Micro Software Inc. Common Stock,$0.8381,0.0046,0.552%,21419664.00,United States,1995,86694,Technology,Computer Software: Prepackaged Software
SMTC,Semtech Corporation Common Stock,$141.16,1.42,1.016%,13144042961.00,United States,,2526007,Technology,Semiconductors
SMTI,Sanara MedTech Inc. Common Stock,$21.64,0.54,2.559%,198308289.00,United States,,43351,Health Care,Industrial Specialties
SMTK,SmartKem Inc. Common Stock,$0.2292,-0.0418,-15.424%,4915472.00,United States,,752632,Technology,Semiconductors
SMX,SMX (Security Matters) Public Limited Company Ordinary Shares,$9.65,1.07,12.471%,5925100.00,Ireland,,747430,Technology,Industrial Machinery/Components
SMXT,Solarmax Technology Inc. Common Stock,$0.5613,0.0362,6.894%,31941659.00,United States,2024,106648,Consumer Discretionary,Engineering & Construction
SMXWW,SMX (Security Matters) Public Limited Company Warrant,$0.0499,0.0007,1.423%,30639.00,Ireland,,2528,Technology,Industrial Machinery/Components
SNAL,Snail Inc. Class A Common Stock,$1.08,0.5779,115.097%,46031762.00,United States,2022,277432925,Technology,Computer Software: Prepackaged Software
SNBR,Sleep Number Corporation Common Stock,$1.60,-0.17,-9.605%,36878400.00,United States,,1166089,Consumer Discretionary,Home Furnishings
SND,Smart Sand Inc. Common Stock,$4.73,0.12,2.603%,203322271.00,United States,2016,259757,Industrials,Mining & Quarrying of Nonmetallic Minerals (No Fuels)
SNDK,Sandisk Corporation Common Stock,$1382.72,-64.51,-4.457%,204766670182.00,United States,,11213739,Technology,Electronic Components
SNDL,SNDL Inc. Common Shares,$1.46,0.05,3.546%,380038000.00,Canada,2019,2199321,Health Care, Medicinal Chemicals and Botanical Products 
SNDX,Syndax Pharmaceuticals Inc. Common Stock,$20.55,-0.34,-1.628%,1820646731.00,United States,2016,2322886,Health Care,Biotechnology: Pharmaceutical Preparations
SNES,SenesTech Inc. Common Stock,$1.72,-0.09,-4.972%,9121893.00,United States,2016,83183,Industrials,Agricultural Chemicals
SNEX,StoneX Group Inc. Common Stock,$115.38,-0.65,-0.56%,9144037608.00,United States,,710494,Finance,Investment Bankers/Brokers/Service
SNFCA,Security National Financial Corporation Class A Common Stock,$9.54,0.12,1.274%,248401432.00,United States,,18982,Finance,Finance: Consumer Services
SNGX,Soligenix Inc. Common Stock,$0.4058,0.043,11.852%,6015650.00,United States,,1108902,Health Care,Biotechnology: Pharmaceutical Preparations
SNOA,Sonoma Pharmaceuticals Inc. Common Stock,$1.18,0.03,2.609%,2150949.00,United States,2007,32733,Health Care,Biotechnology: Pharmaceutical Preparations
SNPS,Synopsys Inc. Common Stock,$510.02,0.74,0.145%,97700465011.00,United States,1992,1150048,Technology,Computer Software: Prepackaged Software
SNSE,Sensei Biotherapeutics Inc. Common Stock,$19.82,-1.26,-5.977%,26565400.00,United States,2021,15728,Health Care,Biotechnology: Pharmaceutical Preparations
SNT,Senstar Technologies Corporation Common Shares,$2.73,-0.04,-1.444%,63695413.00,Canada,,19796,Telecommunications,Telecommunications Equipment
SNTG,Sentage Holdings Inc. Class A Ordinary Shares,$2.37,-0.01,-0.42%,6648620.00,China,2021,14801,Finance,Finance: Consumer Services
SNTI,Senti Biosciences Holdings Inc. Common Stock,$1.04,0.077,7.996%,32390277.00,United States,2021,572545,Health Care,Biotechnology: Biological Products (No Diagnostic Substances)
SNWV,SANUWAVE Health Inc. Common Stock,$17.07,-1.87,-9.873%,146784520.00,United States,,146416,Health Care,Medical/Dental Instruments
SNY,Sanofi ADS,$42.85,0.43,1.014%,104504902127.00,France,,1752851,Health Care,Biotechnology: Pharmaceutical Preparations
SNYR,Synergy CHC Corp. Common Stock,$0.2747,-0.0253,-8.433%,4092998.00,United States,2024,854661,Health Care,Other Pharmaceuticals
SOBR,SOBR Safe Inc. Common Stock,$1.52,-0.27,-15.084%,4266000.00,United States,,1137184,Consumer Discretionary,Newspapers/Magazines
SOCA,Solarius Capital Acquisition Corp. Class A Ordinary Share,$10.19,-0.01,-0.098%,0.00,United States,2025,2492,,
SOFI,SoFi Technologies Inc. Common Stock  ,$16.02,0.71,4.637%,20549514024.00,United States,,68804466,Finance,Finance: Consumer Services
SOGP,Sound Group Inc. American Depositary Shares,$15.04,0.13,0.872%,62779156.00,China,2020,10413,Technology,Computer Software: Programming Data Processing
SOHU,Sohu.com Limited American Depositary Shares,$15.46,-0.43,-2.706%,403027080.00,China,,39603,Technology,EDP Services
SOLS,Solstice Advanced Materials Inc. Common Stock ,$86.81,-1.76,-1.987%,13785798939.00,United States,,2069188,Industrials,Aerospace
SONM,DNA X Inc. Common Stock,$5.075,0.005,0.099%,7552960.00,United States,2019,9354,Utilities,Telecommunications Equipment
SONO,Sonos Inc. Common Stock,$14.69,0.05,0.342%,1750000177.00,United States,2018,1433383,Consumer Staples,Consumer Electronics/Appliances
SOPA,Society Pass Incorporated Common Stock,$0.2752,0.0152,5.846%,3574117.00,United States,2021,2161886,Real Estate,Real Estate
SOPH,SOPHiA GENETICS SA Ordinary Shares,$4.74,0.23,5.10%,339709647.00,Switzerland,2021,93852,Health Care,Biotechnology: Biological Products (No Diagnostic Substances)
SORA,AsiaStrategy Ordinary Shares,$2.56,-0.08,-3.03%,63651840.00,Hong Kong,2025,8268,Industrials,Other Specialty Stores
SOTK,Sono-Tek Corporation Common Stock,$5.02,-0.03,-0.594%,78866153.00,United States,,25215,Technology,Industrial Machinery/Components
SOUN,SoundHound AI Inc Class A Common Stock,$8.52,0.10,1.188%,3687197290.00,United States,,18855202,Technology,Computer Software: Prepackaged Software
SOUNW,SoundHound AI Inc. Warrant,$2.61,-0.09,-3.333%,1129528747.00,United States,2021,25796,Technology,Computer Software: Prepackaged Software
SOWG,Sow Good Inc. Common Stock,$1.94,0.06,3.191%,38903643.00,United States,,139626,Consumer Staples,Packaged Foods
SPAI,Safe Pro Group Inc. Common Stock,$4.41,0.20,4.751%,92123074.00,United States,2024,176708,Health Care,Industrial Specialties
SPCB,SuperCom Ltd. Ordinary Shares (Israel),$11.03,-0.29,-2.562%,60980657.00,Israel,,210010,Technology,Semiconductors
SPEG,Silver Pegasus Acquisition Corp Class A Ordinary Shares,$10.22,0.0053,0.052%,0.00,United States,2025,66700,,
SPFI,South Plains Financial Inc. Common Stock,$39.11,0.12,0.308%,748790439.00,United States,2019,107249,Finance,Major Banks
SPHL,Springview Holdings Ltd Class A Ordinary Shares,$2.61,-0.065,-2.43%,32003768.00,Singapore,2024,4907,Consumer Discretionary,Homebuilding
SPKL,Spark I Acquisition Corp. Class A Ordinary Share,$11.97,0.075,0.631%,0.00,United States,2023,48219,,
SPKLU,Spark I Acquisition Corp. Unit,$11.78,0.00,0.00%,0.00,United States,2023,500,,
SPKLW,Spark I Acquisition Corp. Warrant,$0.6808,0.1761,34.892%,0.00,United States,2023,293364,,
SPOK,Spok Holdings Inc. Common Stock,$10.93,-0.01,-0.091%,228295019.00,United States,,145012,Telecommunications,Telecommunications Equipment
SPPL,SIMPPLE LTD. Ordinary Shares,$2.80,0.03,1.083%,27401315.00,Singapore,2023,711792,Consumer Discretionary,Diversified Commercial Services
SPRB,Spruce Biosciences Inc. Common Stock,$59.00,1.45,2.52%,162384402.00,United States,2020,29263,Health Care,Biotechnology: Pharmaceutical Preparations
SPRC,SciSparc Ltd. Ordinary Shares,$4.98,-0.04,-0.797%,2854750.00,Israel,,13857,Health Care,Biotechnology: Pharmaceutical Preparations
SPRO,Spero Therapeutics Inc. Common Stock,$2.76,0.32,13.115%,159808121.00,United States,2017,1606709,Health Care,Biotechnology: Pharmaceutical Preparations
SPRY,ARS Pharmaceuticals Inc. Common Stock,$7.94,-0.07,-0.874%,788447225.00,United States,2020,2403708,Health Care,Biotechnology: Pharmaceutical Preparations
SPSC,SPS Commerce Inc. Common Stock,$49.96,0.05,0.10%,1834166592.00,United States,2010,398278,Technology,Computer Software: Prepackaged Software
SPT,Sprout Social Inc Class A Common Stock,$6.00,-0.31,-4.913%,360633228.00,United States,2019,3692658,Technology,Computer Software: Prepackaged Software
SPTX,Seaport Therapeutics Inc. Common Stock,$16.94,0.44,2.667%,858312820.00,United States,2026,380280,Health Care,Biotechnology: Pharmaceutical Preparations
SPWH,Sportsman's Warehouse Holdings Inc. Common Stock,$1.36,0.03,2.256%,52976556.00,United States,2014,138754,Consumer Discretionary,Other Specialty Stores
SPWR,SunPower Inc. Common Stock,$1.01,-0.05,-4.717%,127919297.00,United States,,1437532,Technology,Semiconductors
SPWRW,SunPower Inc. Warrants,$0.1967,0.0152,8.375%,24912600.00,United States,,3040,Technology,Semiconductors
SQFT,Presidio Property Trust Inc. Class A Common Stock,$3.02,0.09,3.072%,4353868.00,United States,2020,17076,Real Estate,Real Estate Investment Trusts
SQFTP,Presidio Property Trust Inc. 9.375% Series D Cumulative Redeemable Perpetual Preferred Stock $0.01 par value per share,$6.6966,0.2466,3.823%,9654341.00,United States,,4339,Real Estate,Real Estate Investment Trusts
SQFTW,Presidio Property Trust Inc. Series A Common Stock Purchase Warrants,$0.0171,0.0018,11.765%,24653.00,United States,,2630,Real Estate,Real Estate Investment Trusts
SRAD,Sportradar Group AG Class A Ordinary Shares,$12.70,0.25,2.008%,3959318523.00,Switzerland,2021,2197678,Technology,Computer Software: Programming Data Processing
SRBK,SR Bancorp Inc. Common stock,$18.24,0.13,0.718%,152038936.00,United States,2023,37800,Finance,Banks
SRCE,1st Source Corporation Common Stock,$71.82,0.25,0.349%,1728627752.00,United States,,98448,Finance,Major Banks
SRPT,Sarepta Therapeutics Inc. Common Stock (DE),$18.68,-0.16,-0.849%,1972163827.00,United States,,3284810,Health Care,Biotechnology: Pharmaceutical Preparations
SRRK,Scholar Rock Holding Corporation Common Stock,$51.28,1.11,2.212%,6144797173.00,United States,2018,2205987,Health Care,Biotechnology: Biological Products (No Diagnostic Substances)
SRTA,Strata Critical Medical Inc. Class A Common Stock,$5.47,0.04,0.737%,473300338.00,United States,2019,1040343,Consumer Discretionary,Transportation Services
SRTS,Sensus Healthcare Inc. Common Stock,$3.61,0.16,4.638%,59428033.00,United States,2016,97227,Health Care,Medical/Dental Instruments
SRZN,Surrozen Inc. Common Stock,$29.87,-0.27,-0.896%,346801782.00,United States,,14866,Health Care,Biotechnology: Biological Products (No Diagnostic Substances)
SRZNW,Surrozen Inc. Warrant,$0.0254,0.00,0.00%,294903.00,United States,,75,Health Care,Biotechnology: Biological Products (No Diagnostic Substances)
SSAC,SPACSphere Acquisition Corp. Class A Ordinary Shares,$9.95,0.0002,0.002%,0.00,United States,2026,2046,Finance,Blank Checks
SSACU,SPACSphere Acquisition Corp. Unit,$10.07,0.00,0.00%,0.00,United States,2026,118,Finance,Blank Checks
SSACW,SPACSphere Acquisition Corp. Warrant,$0.0685,-0.0015,-2.143%,0.00,United States,2026,12000,Finance,Blank Checks
SSBI,Summit State Bank Common Stock,$13.64,0.12,0.888%,91021493.00,United States,2006,621,Finance,Major Banks
SSEA,Starry Sea Acquisition Corp	Ordinary Shares,$10.17,0.00,0.00%,0.00,United States,2025,101,,
SSII,SS Innovations International Inc. Common Stock,$3.99,0.00,0.00%,798524825.00,India,,76120,Health Care,Medical/Dental Instruments
SSM,Sono Group N.V. Ordinary Shares,$3.80,0.19,5.263%,5414369.00,Germany,,7909,Industrials,Auto Manufacturing
SSNC,SS&C Technologies Holdings Inc. Common Stock,$64.87,0.10,0.154%,15622904110.00,United States,2010,2784792,Technology,Computer Software: Prepackaged Software
SSP,E.W. Scripps Company (The) Class A Common Stock,$3.53,0.05,1.437%,323139109.00,United States,,783346,Industrials,Broadcasting
SSRM,SSR Mining Inc. Common Stock,$34.25,-0.50,-1.439%,7415547337.00,Canada,,2069684,Industrials,Precious Metals
SSSS,SuRo Capital Corp. Common Stock,$13.40,0.01,0.075%,349340787.00,United States,2011,137693,Finance,Finance: Consumer Services
SSSSL,SuRo Capital Corp. 6.00% Notes due 2026,$25.07,-0.015,-0.06%,598874842.00,United States,,2300,Finance,Finance: Consumer Services
SSTI,SoundThinking Inc. Common Stock,$6.57,0.43,7.003%,85107366.00,United States,2017,149220,Technology,Computer Software: Prepackaged Software
SSYS,Stratasys Ltd. Ordinary Shares (Israel),$8.77,0.21,2.453%,755733167.00,United States,1994,904072,Technology,Computer peripheral equipment
STAA,STAAR Surgical Company Common Stock,$32.01,2.61,8.878%,1593729725.00,United States,,4064448,Health Care,Ophthalmic Goods
STAK,STAK Inc. Class A Ordinary Shares,$0.88,-1.48,-62.712%,11625107.00,China,2025,6589545,Consumer Discretionary,Oil and Gas Field Machinery
STBA,S&T Bancorp Inc. Common Stock,$43.83,0.48,1.107%,1576866913.00,United States,,281570,Finance,Major Banks
STEP,StepStone Group Inc. Class A Common Stock,$55.10,0.50,0.916%,6565808458.00,United States,2020,431780,Finance,Investment Managers
STEX,Streamex Corp. Common Stock,$0.956,0.0726,8.218%,93421941.00,United States,,932574,Health Care,Biotechnology: Electromedical & Electrotherapeutic Apparatus
STFS,Star Fashion Culture Holdings Limited Class A Ordinary Shares,$10.81,0.53,5.156%,12904438.00,China,2024,458689,Consumer Discretionary,Advertising
STGW,Stagwell Inc. Class A Common Stock,$6.12,0.15,2.513%,1516928910.00,Canada,,1384573,Consumer Discretionary,Advertising
STHO,Star Holdings Shares of Beneficial Interest,$8.56,-0.08,-0.926%,103416210.00,United States,,7591,Real Estate,Real Estate
STI,Solidion Technology Inc. Common Stock,$5.69,-0.03,-0.524%,44072936.00,United States,2022,37701,Miscellaneous,Industrial Machinery/Components
STIM,Neuronetics Inc. Common Stock,$1.30,-0.21,-13.907%,90464192.00,United States,2018,5338941,Health Care,Medical/Dental Instruments
STKE,Sol Strategies Inc. Common Shares,$2.31,0.25,12.136%,73776778.00,Canada,,512083,,
STKH,Steakholder Foods Ltd. American Depositary Shares,$1.52,-0.1102,-6.76%,2320850.00,Israel,2021,16231,Consumer Staples,Packaged Foods
STKS,The ONE Group Hospitality Inc. Common Stock,$1.90,0.01,0.529%,59972172.00,United States,,12232,Consumer Discretionary,Restaurants
STLD,Steel Dynamics Inc.,$234.68,-2.40,-1.012%,33843855445.00,United States,1996,937490,Industrials,Steel/Iron Ore
STNE,StoneCo Ltd. Class A Common Shares,$9.70,0.01,0.103%,2359313792.00,Brazil,2018,9771329,Technology,EDP Services
STOK,Stoke Therapeutics Inc. Common Stock,$31.36,-0.34,-1.073%,1953152701.00,United States,2019,533887,Health Care,Biotechnology: Pharmaceutical Preparations
STRA,Strategic Education Inc. Common Stock,$79.03,0.29,0.368%,1787098198.00,United States,1996,240308,Real Estate,Other Consumer Services
STRC,Strategy Inc Variable Rate Series A Perpetual Stretch Preferred Stock,$100.00,0.00,0.00%,35044787200.00,United States,,15609279,Technology,Computer Software: Prepackaged Software
STRD,Strategy Inc 10.00% Series A Perpetual Stride Preferred Stock,$76.34,-0.65,-0.844%,26753190548.00,United States,,59682,Technology,Computer Software: Prepackaged Software
STRF,Strategy Inc 10.00% Series A Perpetual Strife Preferred Stock,$100.20,-0.16,-0.159%,35114876774.00,United States,,64581,Technology,Computer Software: Prepackaged Software
STRK,Strategy Inc 8.00% Series A Perpetual Strike Preferred Stock,$76.35,-0.53,-0.689%,26756695027.00,United States,,265568,Technology,Computer Software: Prepackaged Software
STRL,Sterling Infrastructure Inc. Common Stock,$889.03,34.75,4.068%,27280733685.00,United States,,549899,Industrials,Military/Government/Technical
STRO,Sutro Biopharma Inc. Common Stock,$38.42,-1.18,-2.98%,636538219.00,United States,2018,117517,Health Care,Biotechnology: Biological Products (No Diagnostic Substances)
STRR,Star Equity Holdings Inc. Common Stock,$9.96,0.45,4.732%,36811064.00,United States,,14766,Consumer Discretionary,Professional Services
STRRP,Star Equity Holdings Inc. 10% Series A Cumulative Perpetual Preferred Stock,$10.2566,0.1166,1.15%,37907265.00,United States,,5684,,
STRS,Stratus Properties Inc. Common Stock,$29.71,-0.30,-1.00%,237166700.00,United States,,9550,Real Estate,Homebuilding
STRT,STRATTEC SECURITY CORPORATION Common Stock,$64.40,1.95,3.122%,269114656.00,United States,,106702,Consumer Discretionary,Auto Parts:O.E.M.
STRZ,Starz Entertainment Corp. Common Shares,$21.93,2.29,11.66%,368184502.00,United States,,544708,Consumer Discretionary,Movies/Entertainment
STSS,Sharps Technology Inc. Common Stock,$2.00,0.04,2.041%,77329142.00,United States,2022,360478,Health Care,Medical/Dental Instruments
STSSW,Sharps Technology Inc. Warrant,$0.0399,0.0059,17.353%,1542716.00,United States,2022,1748,Finance,Finance: Consumer Services
STTK,Shattuck Labs Inc. Common Stock,$6.67,-0.08,-1.185%,511459048.00,United States,2020,413743,Health Care,Biotechnology: Pharmaceutical Preparations
STX,Seagate Technology Holdings PLC Ordinary Shares (Ireland),$804.76,-12.59,-1.54%,180450523602.00,Ireland,2002,2360013,Technology,Electronic Components
SUGP,SU Group Holdings Limited Class A Ordinary Shares,$3.3097,-0.4503,-11.976%,4847956.00,Hong Kong,2024,33801,Consumer Discretionary,Diversified Commercial Services
SUIG,Sui Group Holdings Limited Common Stock,$1.85,0.07,3.933%,142085313.00,United States,,385036,Finance,Finance Companies
SUJA,Suja Life Inc. Class A Common Stock,$14.60,-2.43,-14.269%,563925175.00,United States,2026,629649,Consumer Staples,Beverages (Production/Distribution)
SUMA,SUMA Acquisition Corporation Class A Ordinary Shares,$9.83,0.00,0.00%,0.00,Canada,2026,5151,,
SUMAU,SUMA Acquisition Corporation Units,$10.07,0.00,0.00%,0.00,Canada,2026,193,Finance,Blank Checks
SUNE,SUNation Energy Inc. Common Stock,$1.755,0.155,9.688%,5978611.00,United States,,429321,Utilities,Telecommunications Equipment
SUNS,Sunrise Realty Trust Inc. Common Stock,$8.02,0.67,9.116%,108427633.00,United States,,302494,Real Estate,Real Estate Investment Trusts
SUPN,Supernus Pharmaceuticals Inc. Common Stock,$51.20,-0.16,-0.312%,2971633715.00,United States,2012,558711,Health Care,Biotechnology: Pharmaceutical Preparations
SUPX,SuperX AI Technology Limited Ordinary Shares,$10.34,0.69,7.15%,446858972.00,Hong Kong,2024,289297,,
SURG,SurgePays Inc. Common Stock,$0.5723,-0.0259,-4.33%,14377261.00,United States,,110420,Consumer Discretionary,Advertising
SUUN,PowerBank Corporation Common Stock,$0.67,0.025,3.876%,27093392.00,Canada,,507460,Utilities,Power Generation
SVAC,Spring Valley Acquisition Corp. III Class A Ordinary Shares,$10.46,0.01,0.096%,0.00,United States,2025,70508,Finance,Blank Checks
SVACW,Spring Valley Acquisition Corp. III Warrant,$1.80,0.00,0.00%,0.00,United States,2025,10868,Finance,Blank Checks
SVAQ,Silicon Valley Acquisition Corp. Class A Ordinary Shares,$9.95,0.00,0.00%,0.00,United States,2026,12,Finance,Blank Checks
SVAQU,Silicon Valley Acquisition Corp. Units,$10.03,0.00,0.00%,0.00,United States,2025,1,Finance,Blank Checks
SVAQW,Silicon Valley Acquisition Corp. Warrants,$0.3099,0.00,0.00%,0.00,United States,2026,10734,Finance,Blank Checks
SVC,Service Properties Trust Common Stock,$1.69,0.04,2.424%,1093779764.00,United States,,9503265,Real Estate,Real Estate Investment Trusts
SVCC,Stellar V Capital Corp. Class A Ordinary Shares,$10.50,0.00,0.00%,0.00,United States,2025,2,,
SVCCW,Stellar V Capital Corp. Warrant,$0.231,-0.0001,-0.043%,0.00,United States,2025,428,Finance,Blank Checks
SVCO,Silvaco Group Inc. Common Stock,$10.67,0.00,0.00%,348786903.00,United States,2024,574419,Technology,Computer Software: Prepackaged Software
SVIV,Spring Valley Acquisition Corp. IV Class A Ordinary Shares,$10.08,0.03,0.299%,0.00,United States,2026,1698,Finance,Blank Checks
SVIVU,Spring Valley Acquisition Corp. IV Units,$10.2999,0.1099,1.079%,0.00,United States,2026,1895,Finance,Blank Checks
SVIVW,Spring Valley Acquisition Corp. IV Warrants,$0.90,0.00,0.00%,0.00,United States,2026,9812,Finance,Blank Checks
SVRA,Savara Inc. Common Stock,$5.27,0.00,0.00%,1079966407.00,United States,,1315530,Health Care,Biotechnology: Pharmaceutical Preparations
SVRE,SaverOne 2014 Ltd. American Depositary Shares,$5.03,0.33,7.021%,3186404.00,Israel,2022,14917,Technology,EDP Services
SVREW,SaverOne 2014 Ltd. Warrant,$0.0124,0.0026,26.531%,339342566.00,Israel,2022,50421,Technology,EDP Services
SVRN,OceanPal Inc. Common Stock,$6.12,-0.78,-11.304%,10495947.00,Greece,,17730,Consumer Discretionary,Marine Transportation
SWAG,Stran & Company Inc. Common Stock,$1.78,0.04,2.299%,33410879.00,United States,2021,51565,Consumer Discretionary,Advertising
SWAGW,Stran & Company Inc. Warrant,$0.0202,-0.0296,-59.438%,379157.00,United States,2021,1042,Consumer Discretionary,Advertising
SWBI,Smith & Wesson Brands Inc. Common Stock,$15.15,0.51,3.484%,674080237.00,United States,,472607,Industrials,Ordnance And Accessories
SWIM,Latham Group Inc. Common Stock,$4.91,0.11,2.292%,576490902.00,United States,2021,772230,Industrials,Plastic Products
SWKHL,SWK Holdings Corporation 9.00% Senior Notes due 2027,$25.46,0.06,0.236%,309272575.00,United States,,1020,,
SWKS,Skyworks Solutions Inc. Common Stock,$67.06,-1.08,-1.585%,10086223879.00,United States,,4634229,Technology,Semiconductors
SWMR,Swarmer Inc Common Stock,$29.53,-0.76,-2.509%,364653538.00,United States,2026,452471,Technology,Computer Software: Prepackaged Software
SWVL,Swvl Holdings Corp Class A Common Shares,$1.65,-0.02,-1.198%,16441168.00,United Arab Emirates,,19797,Real Estate,Real Estate
SWVLW,Swvl Holdings Corp Warrant,$0.0076,-0.0007,-8.434%,75729.00,United Arab Emirates,,1740,Real Estate,Real Estate
SXTC,China SXT Pharmaceuticals Inc. Class A Ordinary Shares,$1.60,0.01,0.629%,4732923.00,China,2019,11533,Health Care,Biotechnology: Pharmaceutical Preparations
SXTP,60 Degrees Pharmaceuticals Inc. Common Stock,$1.46,-0.04,-2.667%,3849710.00,United States,2023,52500,Health Care,Biotechnology: Pharmaceutical Preparations
SXTPW,60 Degrees Pharmaceuticals Inc. Warrant,$0.0517,-0.0001,-0.193%,136322.00,United States,2023,3275,Health Care,Biotechnology: Pharmaceutical Preparations
SY,So-Young International Inc. American Depository Shares,$2.85,-0.05,-1.724%,285861187.00,China,2019,694154,Technology,EDP Services
SYBT,Stock Yards Bancorp Inc. Common Stock,$70.04,0.34,0.488%,2067243768.00,United States,,105813,Finance,Major Banks
SYM,Symbotic Inc. Class A Common Stock,$50.15,0.42,0.845%,30225746772.00,United States,2021,1691458,Industrials,Industrial Machinery/Components
SYNA,Synaptics Incorporated Common Stock $0.001 Par Value,$129.78,-1.28,-0.977%,5014398759.00,United States,2002,693097,Technology,Semiconductors
SYPR,Sypris Solutions Inc. Common Stock,$3.14,-0.01,-0.317%,72254948.00,United States,,26903,Industrials,Industrial Machinery/Components
SYRE,Spyre Therapeutics Inc. Common Stock,$75.65,-0.66,-0.865%,6569540789.00,United States,2016,449836,Health Care,Biotechnology: Pharmaceutical Preparations
SZZL,Sizzle Acquisition Corp. II Class A ordinary shares,$10.32,0.01,0.097%,0.00,United States,2025,42492,Finance,Blank Checks
SZZLR,Sizzle Acquisition Corp. II Right,$0.1675,-0.0025,-1.471%,0.00,United States,2025,34153,Finance,Blank Checks
TACH,Titan Acquisition Corp. Class A Ordinary Shares,$10.36,0.00,0.00%,0.00,United States,2025,21,Finance,Blank Checks
TACO,Berto Acquisition Corp. Ordinary Shares,$10.40,0.03,0.289%,378999213.00,United States,2025,180458,Finance,Blank Checks
TACOU,Berto Acquisition Corp. Unit,$10.66,0.02,0.188%,0.00,United States,2025,2122,Finance,Blank Checks
TACOW,Berto Acquisition Corp. Warrant,$0.60,0.00,0.00%,0.00,United States,2025,4350,Finance,Blank Checks
TACT,TransAct Technologies Incorporated Common Stock,$3.47,0.05,1.462%,35658688.00,United States,1996,59032,Technology,Computer peripheral equipment
TALK,Talkspace Inc. Common Stock,$5.19,0.01,0.193%,869390218.00,United States,2020,1313649,Health Care,Medical/Nursing Services
TALKW,Talkspace Inc. Warrant,$0.002,-0.0003,-13.043%,335025.00,United States,2020,107236,Health Care,Medical/Nursing Services
TANH,Tantech Holdings Ltd. Class A Common Shares,$0.4325,0.0526,13.846%,2818121.00,China,2015,395421,Industrials,Major Chemicals
TAOP,Taoping Inc. Ordinary Shares ,$1.315,-0.015,-1.128%,12628209.00,Hong Kong,,11151,Technology,Computer Software: Prepackaged Software
TAOX,Tao Synergies Inc. Common Stock,$5.78,0.08,1.404%,43187761.00,United States,,201307,Health Care,Biotechnology: Pharmaceutical Preparations
TARA,Protara Therapeutics Inc.  Common Stock,$5.30,0.10,1.923%,297882456.00,United States,2014,543059,Health Care,Biotechnology: Biological Products (No Diagnostic Substances)
TARS,Tarsus Pharmaceuticals Inc. Common Stock,$65.18,0.52,0.804%,2804301648.00,United States,2020,603940,Health Care,Biotechnology: Biological Products (No Diagnostic Substances)
TASK,TaskUs Inc. Class A Common Stock,$5.515,-0.025,-0.451%,505053801.00,United States,2021,527443,Technology,EDP Services
TATT,TAT Technologies Ltd. Ordinary Shares,$33.29,-0.12,-0.359%,432208631.00,Israel,,123373,Industrials,Aerospace
TAVI,Tavia Acquisition Corp. Ordinary Shares,$10.645,0.045,0.425%,0.00,United States,2024,10230,Finance,Blank Checks
TAVIR,Tavia Acquisition Corp. Right,$0.13,0.00,0.00%,0.00,United States,2024,77,Finance,Blank Checks
TAYD,Taylor Devices Inc. Common Stock,$50.22,-0.18,-0.357%,161663805.00,United States,,12402,Industrials,Industrial Machinery/Components
TBBK,The Bancorp Inc Common Stock,$54.78,2.16,4.105%,2280734568.00,United States,2004,590925,Finance,Major Banks
TBCH,Turtle Beach Corporation Common Stock,$11.37,0.38,3.458%,225665177.00,United States,,310540,Telecommunications,Telecommunications Equipment
TBH,Brag House Holdings Inc. Common Stock,$0.855,0.215,33.594%,20089187.00,United States,2025,1343405,Consumer Discretionary,Services-Misc. Amusement & Recreation
TBLA,Taboola.com Ltd. Ordinary Shares,$4.95,-0.18,-3.509%,1352955542.00,Israel,,3155135,Technology,Computer Software: Programming Data Processing
TBLAW,Taboola.com Ltd. Warrant,$0.0098,0.0039,66.102%,2678579.00,Israel,,7954,Technology,Computer Software: Programming Data Processing
TBLD,Thornburg Income Builder Opportunities Trust Common Stock,$22.08,0.14,0.638%,708367977.00,United States,2021,59117,Finance,Investment Managers
TBPH,Theravance Biopharma Inc. Ordinary Shares,$16.51,-0.16,-0.96%,851140113.00,Cayman Islands,,386650,Health Care,Biotechnology: Pharmaceutical Preparations
TBRG,TruBridge Inc. Common Stock,$25.84,0.00,0.00%,387577674.00,United States,2002,133610,Technology,EDP Services
TC,Token Cat Limited American Depositary Shares,$9.30,-0.08,-0.853%,245639235.00,China,2018,3935,Real Estate,Real Estate
TCBI,Texas Capital Bancshares Inc. Common Stock,$97.11,1.12,1.167%,4240884886.00,United States,2003,259056,Finance,Major Banks
TCBIO,Texas Capital Bancshares Inc. Depositary Shares 5.75% Fixed Rate Non-Cumulative Perpetual Preferred Stock Series B,$21.08,-0.04,-0.189%,920583394.00,United States,,16921,Finance,Major Banks
TCBK,TriCo Bancshares Common Stock,$49.54,0.26,0.528%,1580850629.00,United States,,68803,Finance,Major Banks
TCBS,Texas Community Bancshares Inc. Common Stock,$16.65,-0.17,-1.011%,48041777.00,United States,2021,3164,Finance,Banks
TCMD,Tactile Systems Technology Inc. Common Stock,$23.04,-0.25,-1.073%,519696230.00,United States,2016,231815,Health Care,Medical/Dental Instruments
TCOM,Trip.com Group Limited American Depositary Shares,$50.28,-2.00,-3.826%,31661578562.00,China,2003,2413358,Real Estate,Real Estate
TCPC,BlackRock TCP Capital Corp. Common Stock,$4.28,0.13,3.133%,359103877.00,United States,2012,544481,Finance,Finance/Investors Services
TCRT,Alaunos Therapeutics Inc. Common Stock,$2.52,0.00,0.00%,5993198.00,United States,,3295,Health Care,Biotechnology: Pharmaceutical Preparations
TCRX,TScan Therapeutics Inc. Common Stock,$1.11,-0.05,-4.31%,72539407.00,United States,2021,878319,Health Care,Biotechnology: Biological Products (No Diagnostic Substances)
TCX,Tucows Inc. Class A Common Stock,$15.15,0.35,2.365%,168909971.00,Canada,,24551,Technology,EDP Services
TDAC,Translational Development Acquisition Corp. Ordinary Shares,$10.64,0.005,0.047%,0.00,United States,2025,29085,,
TDIC,Dreamland Limited Class A Ordinary Shares,$0.80,-22.25,-96.529%,22241362.00,Hong Kong,2025,97753878,Consumer Discretionary,Other Consumer Services
TDTH,Trident Digital Tech Holdings Ltd American Depository Shares,$1.60,-0.01,-0.621%,7427504.00,Singapore,2024,14954,Real Estate,Real Estate
TDUP,ThredUp Inc. Class A Common Stock,$4.235,0.035,0.833%,546487983.00,United States,2021,1620613,Consumer Discretionary,Catalog/Specialty Distribution
TDWDR,Tailwind 2.0 Acquisition Corp. Rights,$0.1102,0.00,0.00%,0.00,United States,2025,216,Finance,Blank Checks
TEAD,Teads Holding Co. Common Stock,$0.9409,-0.0155,-1.621%,91259236.00,United States,2021,156127,Technology,Computer Software: Programming Data Processing
TEAM,Atlassian Corporation Class A Common Stock,$80.86,0.24,0.298%,20519669321.00,Australia,2015,4546416,Technology,Computer Software: Prepackaged Software
TECH,Bio-Techne Corp Common Stock,$44.74,-0.15,-0.334%,7004885920.00,United States,,3425960,Health Care,Biotechnology: Biological Products (No Diagnostic Substances)
TECX,Tectonic Therapeutic Inc. Common Stock,$29.80,0.99,3.436%,562301743.00,United States,2018,234937,Health Care,Biotechnology: Biological Products (No Diagnostic Substances)
TELA,TELA Bio Inc. Common Stock,$0.99,0.03,3.125%,44318485.00,United States,2019,87565,Health Care,Medical/Dental Instruments
TELO,Telomir Pharmaceuticals Inc. Common Stock,$1.27,0.04,3.252%,43663833.00,United States,2024,75707,Health Care,Biotechnology: Pharmaceutical Preparations
TEM,Tempus AI Inc. Class A Common Stock,$45.48,-0.42,-0.915%,8166605603.00,United States,2024,6257105,Technology,Computer Software: Programming Data Processing
TENB,Tenable Holdings Inc. Common Stock,$20.45,-0.13,-0.632%,2255061848.00,United States,2018,2897343,Technology,Computer Software: Prepackaged Software
TENX,Tenax Therapeutics Inc. Common Stock,$11.90,-0.01,-0.084%,315649392.00,United States,,348390,Health Care,Biotechnology: Pharmaceutical Preparations
TER,Teradyne Inc. Common Stock,$356.55,-6.83,-1.88%,55815107861.00,United States,,2352515,Industrials,Electrical Products
TFSL,TFS Financial Corporation Common Stock,$15.32,0.37,2.475%,4296220400.00,United States,2007,1040568,Finance,Savings Institutions
TGHL,The GrowHub Limited Class A Ordinary Shares,$0.3756,0.0057,1.541%,9502609.00,Singapore,2025,48490,Technology,EDP Services
TGL,Treasure Global Inc. Common Stock,$4.16,-0.04,-0.952%,6971016.00,United States,2022,18346,Real Estate,Real Estate
TGTX,TG Therapeutics Inc. Common Stock,$40.79,-1.86,-4.361%,6244279228.00,United States,,1542442,Health Care,Biotechnology: Pharmaceutical Preparations
TH,Target Hospitality Corp. Common Stock,$18.34,0.84,4.80%,1837004844.00,United States,2018,936726,Consumer Discretionary,Hotels/Resorts
THCH,TH International Limited Ordinary shares,$2.05,0.00,0.00%,68149343.00,China,,1964,Consumer Discretionary,Restaurants
THFF,First Financial Corporation Common Stock,$66.13,0.27,0.41%,786411082.00,United States,,50872,Finance,Major Banks
THH,TryHard Holdings Limited Ordinary Shares,$0.324,0.013,4.18%,17381385.00,Japan,2025,107476,Consumer Discretionary,Services-Misc. Amusement & Recreation
THRM,Gentherm Inc Common Stock,$31.46,0.70,2.276%,964792943.00,United States,,308543,Consumer Discretionary,Auto Parts:O.E.M.
THRY,Thryv Holdings Inc. Common Stock,$3.29,-0.15,-4.36%,145910796.00,United States,,738996,Consumer Discretionary,Advertising
TIGO,Millicom International Cellular S.A. Common Stock,$81.66,-0.32,-0.39%,13681384096.00,Luxembourg,,935332,Telecommunications,Telecommunications Equipment
TIGR,UP Fintech Holding Ltd American Depositary Share representing fifteen Class A Ordinary Shares,$6.48,-0.16,-2.41%,1229251697.00,China,2019,2303692,Finance,Investment Bankers/Brokers/Service
TIL,Instil Bio Inc. Common Stock,$8.045,0.025,0.312%,54560997.00,United States,2021,20809,Health Care,Biotechnology: Biological Products (No Diagnostic Substances)
TILE,Interface Inc. Common Stock,$28.54,0.83,2.995%,1656923720.00,United States,,498210,Consumer Discretionary,Home Furnishings
TIPT,Tiptree Inc. Common Stock,$16.92,0.05,0.296%,635685669.00,United States,,247074,Finance,Property-Casualty Insurers
TITN,Titan Machinery Inc. Common Stock,$20.15,0.38,1.922%,469679715.00,United States,2007,206905,Consumer Discretionary,Other Specialty Stores
TJGC,TJGC Group Limited Ordinary Shares,$2.15,0.01,0.467%,32895000.00,Hong Kong,2025,2806001,Consumer Discretionary,Advertising
TKLF,Tokyo Lifestyle Co. Ltd. American Depositary Shares,$2.16,0.08,3.846%,9142807.00,Japan,2022,8104,Consumer Discretionary,Other Specialty Stores
TKNO,Alpha Teknova Inc. Common Stock,$3.72,-0.19,-4.859%,199444184.00,United States,2021,43759,Health Care,Biotechnology: In Vitro & In Vivo Diagnostic Substances
TLF,Tandy Leather Factory Inc. Common Stock,$2.32,0.00,0.00%,18893080.00,United States,,22847,Consumer Discretionary,Apparel
TLIH,Ten-League International Holdings Limited Ordinary Shares,$3.44,0.04,1.176%,10115096.00,Singapore,2025,38287,,
TLN,Talen Energy Corporation Common Stock,$352.88,1.85,0.527%,16018990070.00,United States,,595884,Utilities,Electric Utilities: Central
TLNC,Talon Capital Corp. Class A Ordinary Shares,$10.20,0.00,0.00%,0.00,United States,2025,12,,
TLNCW,Talon Capital Corp. Warrants,$0.55,0.00,0.00%,0.00,United States,2025,3,,
TLPH,Talphera Inc. Common Stock,$0.8975,-0.0038,-0.422%,46579934.00,United States,2011,274577,Health Care,Biotechnology: Pharmaceutical Preparations
TLRY,Tilray Brands Inc. Common Stock ,$5.50,0.04,0.733%,640874300.00,United States,2018,2834694,Health Care, Medicinal Chemicals and Botanical Products 
TLS,Telos Corporation Common Stock,$4.23,0.05,1.196%,316485110.00,United States,2020,688418,Technology,EDP Services
TLSA,Tiziana Life Sciences Ltd. Common Shares,$1.45,-0.05,-3.333%,184525740.00,United Kingdom,2018,279663,Health Care,Biotechnology: Pharmaceutical Preparations
TLSI,TriSalus Life Sciences Inc. Common Stock,$2.52,-0.15,-5.618%,154769668.00,United States,2021,1617741,Health Care,Medical Specialities
TLSIW,TriSalus Life Sciences Inc. Warrant,$0.6218,-0.1172,-15.859%,38188801.00,United States,2021,15292,Health Care,Medical Specialities
TLX,Telix Pharmaceuticals Limited American Depositary Shares,$10.86,0.34,3.232%,3679118752.00,Australia,,106408,Health Care,Biotechnology: Pharmaceutical Preparations
TMC,TMC the metals company Inc. Common Stock,$5.71,0.07,1.241%,2473504548.00,Canada,,6590138,Basic Materials,Metal Mining
TMCI,Treace Medical Concepts Inc. Common Stock,$2.77,0.24,9.486%,179698144.00,United States,2021,1189802,Health Care,Medical/Dental Instruments
TMCR,The Metals Royalty Company Inc. Common Stock,$14.06,0.35,2.553%,774159249.00,Canada,,68535,Basic Materials,Precious Metals
TMCWW,TMC the metals company Inc. Warrants,$0.3599,0.0198,5.822%,155904429.00,Canada,,69152,Basic Materials,Metal Mining
TMDX,TransMedics Group Inc. Common Stock,$62.04,-2.14,-3.334%,2144158918.00,United States,2019,1581244,Health Care,Biotechnology: Electromedical & Electrotherapeutic Apparatus
TMTSW,Spartacus Acquisition Corp. II Warrants,$0.50,0.00,0.00%,0.00,United States,2026,2,,
TMUS,T-Mobile US Inc. Common Stock,$188.19,-2.09,-1.098%,203660105692.00,United States,,5650348,Telecommunications,Telecommunications Equipment
TMUSI,T-Mobile US Inc. 5.500% Senior Notes due June 2070,$22.18,-0.08,-0.359%,0.00,United States,,10415,Telecommunications,Telecommunications Equipment
TMUSL,T-Mobile US Inc. 6.250% Senior Notes due 2069,$24.99,0.08,0.321%,0.00,United States,,8134,Telecommunications,Telecommunications Equipment
TMUSZ,T-Mobile US Inc. 5.500% Senior Notes due March 2070,$22.355,-0.135,-0.60%,0.00,United States,,7216,Telecommunications,Telecommunications Equipment
TNDM,Tandem Diabetes Care Inc. Common Stock,$14.15,0.04,0.283%,969686609.00,United States,2013,2770908,Health Care,Medical/Dental Instruments
TNGX,Tango Therapeutics Inc.,$24.87,-0.64,-2.509%,3597395312.00,United States,2020,5402041,Health Care,Biotechnology: Pharmaceutical Preparations
TNMG,TNL Mediagene Ordinary Shares,$0.70,-0.0193,-2.683%,2051881.00,Taiwan,,59523,Consumer Discretionary,Advertising
TNON,Tenon Medical Inc. Common Stock,$0.7242,0.0042,0.583%,8180837.00,United States,2022,94981,Health Care,Medical/Dental Instruments
TNONW,Tenon Medical Inc. Warrant,$0.0079,-0.0001,-1.25%,89241.00,United States,,305463,Health Care,Medical/Dental Instruments
TNXP,Tonix Pharmaceuticals Holding Corp. Common Stock,$14.09,0.25,1.806%,224605886.00,United States,,467408,Health Care,Biotechnology: Pharmaceutical Preparations
TNYA,Tenaya Therapeutics Inc. Common Stock,$0.935,-0.0245,-2.553%,202893949.00,United States,2021,5631926,Health Care,Biotechnology: Biological Products (No Diagnostic Substances)
TOI,The Oncology Institute Inc. Common Stock,$4.04,-0.04,-0.98%,403931049.00,United States,2020,2399551,Health Care,Medical/Nursing Services
TOIIW,The Oncology Institute Inc. Warrant,$0.0587,0.0187,46.75%,5868998.00,United States,2020,1243,Health Care,Medical/Nursing Services
TOMZ,TOMI Environmental Solutions Inc. Common Stock,$0.799,-0.007,-0.868%,17338672.00,United States,,264385,Industrials,Major Chemicals
TONX,TON Strategy Company Common Stock,$3.58,-0.17,-4.533%,202379609.00,United States,,841962,Consumer Discretionary,Other Consumer Services
TOP,TOP Financial Group Limited Class A Ordinary Shares,$0.8021,-0.0324,-3.883%,29732407.00,Hong Kong,2022,80106,Finance,Investment Bankers/Brokers/Service
TORO,Toro Corp. Common Stock,$5.27,0.07,1.346%,152050483.00,Cyprus,,377989,Consumer Discretionary,Marine Transportation
TOUR,Tuniu Corporation American Depositary Shares,$6.24,0.05,0.808%,67789844.00,China,2014,4996,Consumer Discretionary,Transportation Services
TOWN,TowneBank Common Stock,$34.13,0.07,0.206%,2546689473.00,United States,,528863,Finance,Major Banks
TOYO,TOYO Co. Ltd Ordinary Shares,$12.69,-0.07,-0.549%,479161672.00,Japan,,134874,Consumer Discretionary,Miscellaneous manufacturing industries
TPCS,TechPrecision Corporation Common stock,$3.86,-0.13,-3.258%,38643742.00,United States,,20314,Industrials,Metal Fabrications
TPG,TPG Inc. Class A Common Stock,$43.25,0.67,1.574%,16621508878.00,United States,2022,1388349,Finance,Investment Managers
TPGXL,TPG Operating Group II L.P. 6.950% Fixed-Rate Junior Subordinated Notes due 2064,$24.465,-0.135,-0.549%,8925462585.00,United States,,5092,,
TPST,Tempest Therapeutics Inc. Common Stock,$2.09,0.25,13.587%,29979031.00,United States,,255127,Health Care,Biotechnology: Pharmaceutical Preparations
TRAW,Traws Pharma Inc. Common Stock,$1.63,-0.09,-5.233%,24695590.00,United States,2013,913442,Health Care,Biotechnology: Pharmaceutical Preparations
TRAX,First Tracks Biotherapeutics Inc. Ordinary Shares ,$18.16,-0.27,-1.465%,633645639.00,United States,,211583,Health Care,Biotechnology: Pharmaceutical Preparations
TRDA,Entrada Therapeutics Inc. Common Stock,$6.83,-0.49,-6.694%,265144807.00,United States,2021,779171,Health Care,Biotechnology: Pharmaceutical Preparations
TREE,LendingTree Inc. Common Stock,$35.88,-0.29,-0.802%,500634286.00,United States,,228415,Finance,Finance: Consumer Services
TRGSR,TRG Latin America Acquisitions Corp. Rights,$0.22,0.00,0.00%,0.00,United States,2026,102,Finance,Blank Checks
TRI,Thomson Reuters Corporation Common Shares,$79.04,-2.99,-3.645%,34477679637.00,United States,,2375057,Consumer Discretionary,Publishing
TRIB,Trinity Biotech plc American Depositary Shares,$0.5837,-0.0064,-1.085%,11820432.00,Ireland,1992,228484,Health Care,Biotechnology: In Vitro & In Vivo Diagnostic Substances
TRIN,Trinity Capital Inc. Common Stock,$17.10,0.28,1.665%,1537078832.00,United States,2021,1128635,Finance,Finance: Consumer Services
TRINI,Trinity Capital Inc. 7.875% Notes Due 2029,$25.45,0.05,0.197%,1789495372.00,United States,,6222,Finance,Finance: Consumer Services
TRINZ,Trinity Capital Inc. 7.875% Notes due 2029,$25.3501,-0.0599,-0.236%,1782470987.00,United States,,6211,Finance,Finance: Consumer Services
TRIP,TripAdvisor Inc. Common Stock,$9.60,-0.03,-0.312%,1117067222.00,United States,,3746315,Technology,Computer Software: Programming Data Processing
TRMB,Trimble Inc. Common Stock,$55.76,0.86,1.566%,12998298299.00,United States,1990,3292082,Industrials,Industrial Machinery/Components
TRMD,TORM plc Class A Common Stock,$31.56,-1.08,-3.309%,3198060233.00,United Kingdom,,1289154,Consumer Discretionary,Marine Transportation
TRMK,Trustmark Corporation Common Stock,$43.76,0.30,0.69%,2564578737.00,United States,,226149,Finance,Major Banks
TRNR,Interactive Strength Inc. Common Stock,$1.02,0.1401,15.922%,2098158.00,United States,2023,199312,Technology,Consumer Electronics/Appliances
TRNS,Transcat Inc. Common Stock,$77.36,1.38,1.816%,721938064.00,United States,,121435,Industrials,Electrical Products
TRON,Tron Inc. Common Stock,$2.19,0.09,4.286%,1038896720.00,United States,2023,774000,Consumer Discretionary,Recreational Games/Products/Toys
TROO,TROOPS Inc. Ordinary Shares ,$4.21,-0.09,-2.093%,514294299.00,China,,250542,Finance,Diversified Financial Services
TROW,T. Rowe Price Group Inc. Common Stock,$102.41,-0.60,-0.582%,21943043120.00,United States,1986,2075067,Finance,Investment Bankers/Brokers/Service
TRS,TriMas Corporation Common Stock,$39.97,0.04,0.10%,1432032569.00,United States,2007,318982,Industrials,Industrial Specialties
TRSG,Tungray Technologies Inc Class A Ordinary Shares,$1.3064,0.00,0.00%,21364193.00,Singapore,2024,100,Industrials,Industrial Machinery/Components
TRST,TrustCo Bank Corp NY Common Stock,$49.04,0.63,1.301%,856964731.00,United States,,80890,Finance,Major Banks
TRUG,TruGolf Holdings Inc. Class A Common Stock,$1.77,0.12,7.273%,2468745.00,United States,2021,48038,Consumer Discretionary,Recreational Games/Products/Toys
TRUP,Trupanion Inc. Common Stock,$22.36,-0.23,-1.018%,975353754.00,United States,,349106,Health Care,Medical Specialities
TRVG,trivago N.V. American Depositary Shares,$2.96,-0.01,-0.337%,209034235.00,Germany,2016,21211,Technology,EDP Services
TRVI,Trevi Therapeutics Inc. Common Stock,$15.08,-0.19,-1.244%,2141053997.00,United States,2019,1311827,Health Care,Biotechnology: Pharmaceutical Preparations
TSAT,Telesat Corporation Class A Common Shares and Class B Variable Voting Shares ,$53.91,0.29,0.541%,1949366516.00,Canada,,168166,Industrials,Metal Fabrications
TSBK,Timberland Bancorp Inc. Common Stock,$39.60,-0.01,-0.025%,309986939.00,United States,,21367,Finance,Banks
TSCO,Tractor Supply Company Common Stock,$30.49,0.64,2.144%,15990468792.00,United States,1994,10245310,Consumer Discretionary,RETAIL: Building Materials
TSEM,Tower Semiconductor Ltd. Ordinary Shares,$280.69,9.92,3.664%,31668833531.00,Israel,1994,3406893,Technology,Semiconductors
TSHA,Taysha Gene Therapies Inc. Common Stock,$6.30,-0.37,-5.547%,1810374426.00,United States,2020,1853752,Health Care,Biotechnology: Biological Products (No Diagnostic Substances)
TSLA,Tesla Inc. Common Stock,$443.30,-1.97,-0.442%,1664912392014.00,United States,2010,46071209,Industrials,Auto Manufacturing
TSSI,TSS Inc. Common Stock,$11.32,-0.26,-2.245%,317797182.00,United States,,1166662,Consumer Discretionary,Professional Services
TTAN,ServiceTitan Inc. Class A Common Stock,$57.15,0.99,1.763%,5451420771.00,United States,2024,1662493,Technology,Computer Software: Prepackaged Software
TTD,The Trade Desk Inc. Class A Common Stock,$20.41,-0.08,-0.39%,9594911648.00,United States,2016,14035277,Technology,Computer Software: Programming Data Processing
TTEC,TTEC Holdings Inc. Common Stock,$2.51,-0.05,-1.953%,122132536.00,United States,1996,505739,Consumer Discretionary,Professional Services
TTEK,Tetra Tech Inc. Common Stock,$26.20,-0.788,-2.92%,6799547114.00,United States,1991,8092972,Consumer Discretionary,Military/Government/Technical
TTGT,TechTarget Inc. Common Stock,$4.935,-0.56,-10.191%,356797751.00,United States,,1028100,Telecommunications,Telecommunications Equipment
TTMI,TTM Technologies Inc. Common Stock,$171.87,3.05,1.807%,17848709640.00,United States,2000,1859390,Technology,Electrical Products
TTRX,Turn Therapeutics Inc. Common Stock,$4.02,0.01,0.249%,119747921.00,United States,,20382,Health Care,Biotechnology: Pharmaceutical Preparations
TTWO,Take-Two Interactive Software Inc. Common Stock,$242.41,15.42,6.793%,44888382289.00,United States,1997,3667057,Consumer Discretionary,Services-Misc. Amusement & Recreation
TULP,Bloomia Holdings Inc. Common Stock,$3.81,-0.11,-2.806%,18183442.00,United States,,5962,Consumer Staples,Farming/Seeds/Milling
TURB,Turbo Energy S.A. American Depositary Shares,$1.15,-0.05,-4.167%,13819711.00,Spain,2023,219801,Miscellaneous,Industrial Machinery/Components
TUSK,Mammoth Energy Services Inc. Common Stock,$3.27,0.01,0.307%,157518016.00,United States,2016,781614,Energy,Oilfield Services/Equipment
TVA,Texas Ventures Acquisition III Corp Class A Ordinary Share,$10.49,0.00,0.00%,0.00,United States,2025,2305,,
TVACU,Texas Ventures Acquisition III Corp Unit,$10.75,0.15,1.415%,0.00,United States,2025,100,Finance,Blank Checks
TVACW,Texas Ventures Acquisition III Corp Warrants,$0.57,0.02,3.636%,0.00,United States,2025,3775,,
TVAI,Thayer Ventures Acquisition Corporation II Class A Ordinary Shares,$10.27,0.00,0.00%,0.00,United States,2025,5,,
TVGN,Tevogen Bio Holdings Inc. Common Stock,$9.42,2.65,39.143%,39226811.00,United States,2022,177645,Health Care,Biotechnology: Biological Products (No Diagnostic Substances)
TVGNW,Tevogen Bio Holdings Inc. Warrant,$0.0423,0.0021,5.224%,176146.00,United States,2022,471067,Health Care,Biotechnology: Biological Products (No Diagnostic Substances)
TVRD,Tvardi Therapeutics Inc. Common Stock,$3.96,0.01,0.253%,37150122.00,United States,2014,16258,Health Care,Biotechnology: Pharmaceutical Preparations
TVTX,Travere Therapeutics Inc. Common Stock,$44.10,-0.45,-1.01%,4100987111.00,United States,,3042499,Health Care,Biotechnology: Pharmaceutical Preparations
TW,Tradeweb Markets Inc. Class A Common Stock,$109.78,-0.09,-0.082%,25910936585.00,United States,2019,956523,Finance,Investment Bankers/Brokers/Service
TWAV,TaoWeave Inc. Common Stock,$1.52,0.11,7.801%,5057359.00,United States,,102764,Technology,Computer Software: Programming Data Processing
TWFG,TWFG Inc. Class A Common Stock,$17.69,-1.21,-6.402%,958242056.00,United States,2024,182745,Finance,Specialty Insurers
TWG,Top Wealth Group Holding Limited Class A Ordinary Shares,$3.2626,-0.0174,-0.53%,84544462.00,Hong Kong,2024,14347,Consumer Staples,Packaged Foods
TWIN,Twin Disc Incorporated Common Stock,$18.20,0.09,0.497%,262495451.00,United States,,39895,Industrials,Industrial Machinery/Components
TWLV,Twelve Seas Investment Company III Class A Ordinary Shares,$9.92,0.00,0.00%,0.00,United States,2026,1,Finance,Blank Checks
TWST,Twist Bioscience Corporation Common Stock,$52.95,-1.44,-2.648%,3297266076.00,United States,2018,915258,Health Care,Biotechnology: Biological Products (No Diagnostic Substances)
TXG,10x Genomics Inc. Class A Common Stock,$21.52,0.45,2.136%,2732097187.00,United States,2019,2783826,Industrials,Biotechnology: Laboratory Analytical Instruments
TXMD,TherapeuticsMD Inc. Common Stock,$1.99,-0.03,-1.485%,23032980.00,United States,,8928,Health Care,Biotechnology: Pharmaceutical Preparations
TXN,Texas Instruments Incorporated Common Stock,$308.17,1.83,0.597%,280463295402.00,United States,,5767814,Technology,Semiconductors
TXRH,Texas Roadhouse Inc. Common Stock,$177.06,-2.24,-1.249%,11638085632.00,United States,2004,1146408,Consumer Discretionary,Restaurants
TYGO,Tigo Energy Inc. Common Stock,$4.04,0.17,4.393%,306679608.00,United States,2021,427272,Technology,Semiconductors
TYRA,Tyra Biosciences Inc. Common Stock,$36.51,0.32,0.884%,2171263610.00,United States,2021,534472,Health Care,Biotechnology: Pharmaceutical Preparations
TZOO,Travelzoo Common Stock,$9.03,0.11,1.233%,98719003.00,United States,,47239,Consumer Discretionary,Advertising
UAL,United Airlines Holdings Inc. Common Stock,$96.02,0.32,0.334%,31165281303.00,United States,,4671752,Consumer Discretionary,Air Freight/Delivery Services
UBCP,United Bancorp Inc. Common Stock,$15.25,-0.32,-2.055%,87791993.00,United States,,16012,Finance,Major Banks
UBSI,United Bankshares Inc. Common Stock,$42.31,0.16,0.38%,5830258343.00,United States,,614996,Finance,Major Banks
UBXG,U-BX Technology Ltd. Class A Ordinary Shares,$0.1414,-0.0101,-6.667%,4282178.00,China,2024,4136559,Technology,Computer Software: Programming Data Processing
UCAR,U Power Limited Class A Ordinary Shares,$1.36,0.00,0.00%,1084121.00,China,2023,330328,Consumer Discretionary,Auto Parts:O.E.M.
UCL,uCloudlink Group Inc. American Depositary Shares,$1.05,0.00,0.00%,39996863.00,Hong Kong,2020,4891,Consumer Discretionary,Telecommunications Equipment
UCTT,Ultra Clean Holdings Inc. Common Stock,$86.38,1.35,1.588%,3872273046.00,United States,2004,652900,Technology,Semiconductors
UEIC,Universal Electronics Inc. Common Stock,$3.96,0.11,2.857%,50015996.00,United States,1993,39224,Consumer Staples,Consumer Electronics/Appliances
UFCS,United Fire Group Inc. Common Stock,$49.07,0.39,0.801%,1258948066.00,United States,,123902,Finance,Property-Casualty Insurers
UFG,Uni-Fuels Holdings Limited Class A Ordinary Shares,$0.787,0.012,1.548%,25549955.00,Singapore,2025,72731,Energy,Oil Refining/Marketing
UFPI,UFP Industries Inc. Common Stock,$83.51,2.03,2.491%,4743359231.00,United States,1993,486277,Basic Materials,Forest Products
UFPT,UFP Technologies Inc. Common Stock,$220.94,1.71,0.78%,1709399303.00,United States,1993,119449,Health Care,Medical/Dental Instruments
UG,United-Guardian Inc. Common Stock,$7.17,0.18,2.575%,32941267.00,United States,,4721,Consumer Discretionary,Package Goods/Cosmetics
UGRO,urban-gro Inc. Common Stock,$5.57,0.06,1.089%,7193532.00,United States,,59186,Consumer Discretionary,Industrial Specialties
UK,Ucommune International Ltd Class A Ordinary Shares,$3.41,0.24,7.571%,2311813.00,United States,2019,144254,Real Estate,Real Estate
ULBI,Ultralife Corporation Common Stock,$6.10,0.225,3.83%,101605681.00,United States,1992,48079,Miscellaneous,Industrial Machinery/Components
ULCC,Frontier Group Holdings Inc. Common Stock,$4.85,0.13,2.754%,1114478275.00,United States,2021,4988012,Consumer Discretionary,Air Freight/Delivery Services
ULH,Universal Logistics Holdings Inc. Common Stock,$13.44,1.10,8.914%,354144780.00,United States,2005,71622,Industrials,Trucking Freight/Courier Services
ULTA,Ulta Beauty Inc. Common Stock,$498.28,6.135,1.247%,21705284084.00,United States,2007,589837,Consumer Discretionary,Other Specialty Stores
UMBF,UMB Financial Corporation Common Stock,$127.22,0.85,0.673%,9666013649.00,United States,,621071,Finance,Major Banks
UMBFO,UMB Financial Corporation Depositary Shares Each Representing a 1/400th Interest in a Share of 7.750% Fixed-Rate Reset Non-Cumulative Perpetual Preferred Stock Series B,$26.835,0.00,0.00%,2038889139.00,United States,,2000,Finance,Major Banks
UNB,Union Bankshares Inc. Common Stock,$23.94,0.34,1.441%,110460405.00,United States,,3874,Finance,Major Banks
UNCY,Unicycive Therapeutics Inc. Common Stock,$8.56,0.05,0.588%,228552231.00,United States,2021,479397,Health Care,Biotechnology: Pharmaceutical Preparations
UNIT,Uniti Group Inc. Common Stock,$11.25,-0.05,-0.442%,2731676085.00,United States,,2972215,Real Estate,Real Estate Investment Trusts
UNTY,Unity Bancorp Inc. Common Stock,$52.56,0.50,0.96%,527749809.00,United States,,19834,Finance,Major Banks
UONE,Urban One Inc. Class A Common Stock,$5.66,-0.81,-12.519%,24779554.00,United States,,80810,Consumer Discretionary,Broadcasting
UONEK,Urban One Inc. Class D Common Stock,$5.02,-0.47,-8.561%,21977625.00,United States,,10412,Consumer Discretionary,Broadcasting
UPB,Upstream Bio Inc. Common Stock,$8.79,-0.57,-6.09%,478351677.00,United States,2024,568872,Health Care,Biotechnology: Pharmaceutical Preparations
UPBD,Upbound Group Inc. Common Stock,$17.41,0.13,0.752%,1014893770.00,United States,,578669,Consumer Discretionary,Diversified Commercial Services
UPC,Universe Pharmaceuticals Inc. Class A Ordinary Shares,$2.6801,0.0101,0.378%,1509802.00,China,2021,4943,Health Care,Biotechnology: Pharmaceutical Preparations
UPLD,Upland Software Inc. Common Stock,$0.7867,0.0975,14.147%,23100030.00,United States,2014,255975,Technology,Computer Software: Prepackaged Software
UPST,Upstart Holdings Inc. Common stock,$29.71,2.72,10.078%,2843590715.00,United States,2020,4741130,Finance,Finance: Consumer Services
UPWK,Upwork Inc. Common Stock,$8.08,-0.31,-3.695%,998026547.00,United States,2018,3312516,Technology,EDP Services
UPXI,Upexi Inc. Common Stock,$1.52,0.13,9.353%,106797979.00,United States,2021,4601533,Health Care, Medicinal Chemicals and Botanical Products 
URBN,Urban Outfitters Inc. Common Stock,$68.79,2.38,3.584%,6082661233.00,United States,1993,1350105,Consumer Discretionary,Clothing/Shoe/Accessory Stores
URGN,UroGen Pharma Ltd. Ordinary Shares,$29.68,-1.26,-4.072%,1446060086.00,Israel,2017,825754,Health Care,Biotechnology: Pharmaceutical Preparations
UROY,Uranium Royalty Corp. Common Stock,$4.04,-0.04,-0.98%,591789328.00,Canada,,1850465,Finance,Investment Bankers/Brokers/Service
USAR,USA Rare Earth Inc. Class A Common Stock,$24.83,-0.59,-2.321%,5537968138.00,United States,2023,18326565,Basic Materials,Metal Mining
USAU,U.S. Gold Corp. Common Stock,$16.97,-0.75,-4.233%,280024736.00,United States,,135345,Basic Materials,Metal Mining
USCB,USCB Financial Holdings Inc. Class A Common Stock,$18.34,0.14,0.769%,334959926.00,United States,2021,103746,Finance,Major Banks
USEA,United Maritime Corporation Common Stock,$2.30,0.02,0.877%,20984384.00,Greece,,19759,Consumer Discretionary,Marine Transportation
USEG,U.S. Energy Corp. Common Stock (DE),$0.9409,0.0411,4.568%,49228292.00,United States,,1124404,Energy,Oil & Gas Production
USGO,U.S. GoldMining Inc. Common stock,$12.98,-0.21,-1.592%,173340372.00,United States,2023,75989,Basic Materials,Precious Metals
USGOW,U.S. GoldMining Inc. Warrant,$0.25,-0.03,-10.714%,3338605.00,United States,2023,42935,Basic Materials,Precious Metals
USIO,Usio Inc. Common Stock,$1.59,0.28,21.374%,43877630.00,United States,,682470,Finance,Investment Bankers/Brokers/Service
USLM,United States Lime & Minerals Inc. Common Stock,$107.53,-1.82,-1.664%,3084181482.00,United States,,110918,Industrials,Mining & Quarrying of Nonmetallic Minerals (No Fuels)
UTHR,United Therapeutics Corporation Common Stock,$575.79,-3.75,-0.647%,24440404394.00,United States,1999,373918,Health Care,Biotechnology: Pharmaceutical Preparations
UTMD,Utah Medical Products Inc. Common Stock,$63.70,-0.35,-0.546%,202822393.00,United States,,4769,Health Care,Medical/Dental Instruments
UTSI,UTStarcom Holdings Corp. Ordinary Shares,$2.8279,0.0963,3.525%,26848394.00,China,2000,4850,Telecommunications,Telecommunications Equipment
UVSP,Univest Financial Corporation Common Stock,$38.12,0.33,0.873%,1061481972.00,United States,,201439,Finance,Major Banks
UXIN,Uxin Limited ADS,$2.64,0.07,2.724%,580747889.00,China,2018,81045,Real Estate,Real Estate
UYSC,UY Scuti Acquisition Corp. Ordinary Shares,$10.66,0.00,0.00%,0.00,United States,2025,1816,Finance,Blank Checks
VABK,Virginia National Bankshares Corporation Common Stock,$42.71,-0.21,-0.489%,231595530.00,United States,,3212,Finance,Major Banks
VACH,Voyager Acquisition Corp Class A Ordinary Shares,$10.14,-0.49,-4.61%,0.00,United States,2024,3199,,
VACHU,Voyager Acquisition Corp Unit,$12.80,0.00,0.00%,0.00,United States,2024,1,Finance,Blank Checks
VACHW,Voyager Acquisition Corp Warrants,$0.16,-0.0003,-0.187%,0.00,United States,2024,1300,Finance,Blank Checks
VALN,Valneva SE American Depositary Shares,$5.94,0.07,1.193%,515043809.00,France,2021,47728,Health Care,Biotechnology: Biological Products (No Diagnostic Substances)
VALU,Value Line Inc. Common Stock,$33.57,0.02,0.06%,315129580.00,United States,1983,1538,Finance,Investment Managers
VANI,Vivani Medical Inc. Common Stock (DE),$1.20,0.04,3.448%,103482125.00,United States,2014,288725,Health Care,Biotechnology: Electromedical & Electrotherapeutic Apparatus
VBIO,Valion Bio Inc. Common Stock,$0.9309,-0.0371,-3.833%,2922184.00,United States,2021,159710,Health Care,Biotechnology: Electromedical & Electrotherapeutic Apparatus
VBNK,VersaBank Common Shares,$17.62,0.31,1.791%,566788654.00,Canada,,36598,Finance,Commercial Banks
VC,Visteon Corporation Common Stock,$115.62,0.67,0.583%,3086362708.00,United States,,406158,Consumer Discretionary,Auto Parts:O.E.M.
VCEL,Vericel Corporation Common Stock,$33.14,0.30,0.914%,1692401076.00,United States,,453220,Health Care,Biotechnology: Biological Products (No Diagnostic Substances)
VCIG,VCI Global Limited Ordinary Share,$0.794,0.004,0.506%,2926644.00,Malaysia,2023,171918,Consumer Discretionary,Diversified Commercial Services
VCTR,Victory Capital Holdings Inc. Class A Common Stock,$87.93,0.93,1.069%,5498360151.00,United States,2018,368105,Finance,Investment Managers
VCYT,Veracyte Inc. Common Stock,$38.90,0.65,1.699%,3103933968.00,United States,2013,902986,Health Care,Medical Specialities
VECO,Veeco Instruments Inc. Common Stock,$59.51,-0.75,-1.245%,3632102692.00,United States,1994,801026,Technology,Industrial Machinery/Components
VEEA,Veea Inc. Common Stock,$0.599,0.078,14.971%,30194133.00,United States,2021,402306,Finance,Blank Checks
VEEAW,Veea Inc. Warrant,$0.09,0.0173,23.796%,4536681.00,United States,2021,7550,Finance,Blank Checks
VEEE,Twin Vee PowerCats Co. Common Stock,$6.56,-0.59,-8.252%,3472405.00,United States,2021,49961,Industrials,Marine Transportation
VELO,Velo3D Inc. Common stock,$19.84,-1.17,-5.569%,520141748.00,United States,,3257366,Technology,Industrial Machinery/Components
VEON,VEON Ltd. ADS,$53.92,-2.97,-5.221%,3988334448.00,Netherlands,,86677,Telecommunications,Telecommunications Equipment
VERA,Vera Therapeutics Inc. Class A Common Stock,$39.56,0.41,1.047%,2839731682.00,United States,2021,1017003,Health Care,Biotechnology: Pharmaceutical Preparations
VERI,Veritone Inc. Common Stock,$2.07,0.055,2.73%,192398489.00,United States,2017,2952228,Technology,EDP Services
VERU,Veru Inc. Common Stock,$2.09,-0.17,-7.522%,33545169.00,United States,,192930,Health Care,Biotechnology: Pharmaceutical Preparations
VERX,Vertex Inc. Class A Common Stock,$12.38,-0.36,-2.826%,2003293606.00,United States,2020,1152899,Technology,Computer Software: Prepackaged Software
VFF,Village Farms International Inc. Common Shares,$2.64,0.04,1.538%,301722131.00,Canada,,581462,,
VFS,VinFast Auto Ltd. Ordinary Shares,$3.89,-0.09,-2.261%,9100795079.00,Singapore,,763640,Industrials,Auto Manufacturing
VFSWW,VinFast Auto Ltd. Warrant,$0.4001,-0.0299,-6.953%,936048358.00,Singapore,,6406,Industrials,Auto Manufacturing
VGAS,Verde Clean Fuels Inc. Class A Common Stock,$1.83,0.07,3.977%,81525806.00,United States,2021,10353,Industrials,Major Chemicals
VGASW,Verde Clean Fuels Inc. Warrant,$0.0351,-0.0002,-0.567%,1563692.00,United States,2021,94586,Industrials,Major Chemicals
VHC,VirnetX Holding Corp Common Stock,$13.4081,0.6881,5.41%,56124322.00,United States,,27437,Miscellaneous,Multi-Sector Companies
VHCP,Vine Hill Capital Investment Corp. II Class A Ordinary Shares,$9.94,-0.01,-0.101%,0.00,United States,2026,75003,,
VHCPU,Vine Hill Capital Investment Corp. II Units,$10.02,0.00,0.00%,0.00,United States,2025,106,Finance,Blank Checks
VHUB,VenHub Global Inc. Common Stock,$1.22,0.19,18.447%,103770586.00,United States,,545737,Technology,Industrial Machinery/Components
VIASP,Via Renewables Inc. 8.75% Series A Fixed-to-Floating Rate Cumulative Redeemable Perpetual Preferred Stock,$25.5906,0.2006,0.79%,187408383.00,United States,,2510,Utilities,Power Generation
VIAV,Viavi Solutions Inc. Common Stock,$53.11,-0.52,-0.97%,12422846976.00,United States,,3733007,Technology,Semiconductors
VICR,Vicor Corporation Common Stock,$290.54,-18.73,-6.056%,13243221990.00,United States,,1080812,Technology,Industrial Machinery/Components
VINP,Vinci Compass Investments Ltd. Class A Common Shares,$10.475,-0.035,-0.333%,685296477.00,Brazil,2021,58251,Finance,Investment Managers
VIOT,Viomi Technology Co. Ltd American Depositary Shares,$0.9711,-0.0029,-0.298%,65376131.00,China,2018,125269,Consumer Discretionary,Consumer Electronics/Appliances
VIR,Vir Biotechnology Inc. Common Stock,$9.09,-0.24,-2.572%,1533046444.00,United States,2019,1555841,Health Care,Biotechnology: Biological Products (No Diagnostic Substances)
VIRC,Virco Manufacturing Corporation Common Stock,$6.01,-0.02,-0.332%,94534553.00,United States,,38018,Consumer Discretionary,Industrial Specialties
VISN,Vistance Networks Inc. Common Stock,$11.43,-0.08,-0.695%,2578260882.00,United States,2013,9401100,Technology,Radio And Television Broadcasting And Communications Equipment
VITL,Vital Farms Inc. Common Stock,$8.51,0.18,2.161%,364640344.00,United States,2020,3177517,Consumer Staples,Packaged Foods
VIVK,Vivakor Inc. Common Stock,$1.45,0.01,0.694%,2998659.00,United States,,46338,,
VIVO,VivoPower PLC Ordinary Shares,$4.93,0.70,16.548%,135792541.00,United Kingdom,,4475466,Utilities,Power Generation
VIVS,VivoSim Labs Inc. Common Stock,$1.32,0.02,1.538%,3442510.00,United States,,16553,Health Care,Biotechnology: Biological Products (No Diagnostic Substances)
VKTX,Viking Therapeutics Inc. Common Stock,$31.71,0.01,0.032%,3681709940.00,United States,2015,1434150,Health Care,Biotechnology: Pharmaceutical Preparations
VLGEA,Village Super Market Inc. Class A Common Stock,$45.84,0.58,1.281%,676230305.00,United States,,38083,Consumer Staples,Food Chains
VLY,Valley National Bancorp Common Stock,$13.05,0.05,0.385%,7231415788.00,United States,,5370137,Finance,Major Banks
VLYPN,Valley National Bancorp 8.250% Fixed-Rate Reset Non-Cumulative Perpetual Preferred Stock Series C,$25.95,-0.03,-0.115%,14379711854.00,United States,,22200,Finance,Major Banks
VLYPO,Valley National Bancorp 5.50% Fixed-to-Floating Rate Non-Cumulative Perpetual Preferred Stock Series B,$25.0212,-0.0538,-0.215%,13865034537.00,United States,,3650,Finance,Major Banks
VLYPP,Valley National Bancorp 6.25% Fixed-to-Floating Rate Non-Cumulative Perpetual Preferred Stock Series A,$25.2468,0.0268,0.106%,13990046599.00,United States,,182,Finance,Major Banks
VMAR,Vision Marine Technologies Inc. Common Shares,$0.808,-0.0896,-9.982%,1675007.00,Canada,2020,207772,Industrials,Marine Transportation
VMD,Viemed Healthcare Inc. Common Shares,$9.49,0.00,0.00%,363816251.00,United States,,318051,Health Care,Misc Health and Biotechnology Services
VMET,Versamet Royalties Corporation Common Stock,$12.27,-0.98,-7.396%,1324204805.00,Canada,,139405,,
VNCE,Vince Holding Corp. Common Stock,$4.22,0.00,0.00%,54215581.00,United States,,171515,Consumer Discretionary,Clothing/Shoe/Accessory Stores
VNDA,Vanda Pharmaceuticals Inc. Common Stock,$6.39,-0.04,-0.622%,384266241.00,United States,2006,738430,Health Care,Biotechnology: Pharmaceutical Preparations
VNET,VNET Group Inc. American Depositary Shares,$10.45,-0.83,-7.358%,2975027669.00,China,2011,21110080,Technology,Computer Software: Programming Data Processing
VNME,Vendome Acquisition Corporation I Class A Ordinary Shares,$10.16,0.01,0.099%,0.00,United States,2025,82176,Finance,Blank Checks
VNOM,Viper Energy Inc. Class A Common Stock,$47.685,0.005,0.01%,17120133924.00,United States,2014,1263510,Energy,Oil & Gas Production
VOD,Vodafone Group Plc American Depositary Shares,$15.48,-0.03,-0.193%,36778944972.00,United Kingdom,,2691653,Telecommunications,Telecommunications Equipment
VOR,Vor Biopharma Inc. Common Stock,$15.07,-0.84,-5.28%,816581166.00,United States,2021,993120,Health Care,Biotechnology: Biological Products (No Diagnostic Substances)
VOXR,Vox Royalty Corp. Common Stock,$6.32,0.04,0.637%,435451862.00,Canada,,802930,Basic Materials,Precious Metals
VRA,Vera Bradley Inc. Common Stock,$3.41,0.05,1.488%,96974439.00,United States,2010,88868,Consumer Discretionary,Apparel
VRAX,Virax Biolabs Group Limited Ordinary Shares,$0.14,0.0004,0.287%,1039280.00,United Kingdom,2022,1208389,Health Care,Biotechnology: In Vitro & In Vivo Diagnostic Substances
VRCA,Verrica Pharmaceuticals Inc. Common Stock,$6.95,-0.42,-5.699%,119392563.00,United States,2018,82255,Health Care,Biotechnology: Pharmaceutical Preparations
VRDN,Viridian Therapeutics Inc. Common Stock,$17.43,0.39,2.289%,1796592718.00,United States,2014,2120616,Health Care,Medical Specialities
VREX,Varex Imaging Corporation Common Stock,$10.02,-0.05,-0.497%,421842000.00,United States,,595617,Technology,Industrial Machinery/Components
VRM,Vroom Inc. Common Stock,$11.40,-0.22,-1.893%,59354043.00,United States,,4412,Consumer Discretionary,Retail-Auto Dealers and Gas Stations
VRME,VerifyMe Inc. Common Stock,$0.695,0.014,2.056%,9117750.00,United States,,21215,Technology,EDP Services
VRNS,Varonis Systems Inc. Common Stock,$27.22,0.21,0.777%,3125241163.00,United States,2014,1318819,Technology,Computer Software: Prepackaged Software
VRRM,Verra Mobility Corporation Class A Common Stock,$13.25,-0.18,-1.34%,2012763152.00,United States,2017,3816806,Consumer Discretionary,Transportation Services
VRSK,Verisk Analytics Inc. Common Stock,$156.84,-4.63,-2.867%,20549465386.00,United States,2009,2663671,Industrials,Diversified Commercial Services
VRSN,VeriSign Inc. Common Stock,$292.95,-2.19,-0.742%,26658450000.00,United States,1998,600515,Technology,EDP Services
VRTX,Vertex Pharmaceuticals Incorporated Common Stock,$450.41,-2.65,-0.585%,114316497871.00,United States,1991,1088449,Health Care,Biotechnology: Pharmaceutical Preparations
VS,Versus Systems Inc. Common Stock,$1.15,0.03,2.679%,5636929.00,Canada,,52991,Technology,EDP Services
VSA,VisionSys AI Inc. American Depositary Shares,$0.4002,-0.0415,-9.396%,2487271.00,China,2014,519083,Real Estate,Other Consumer Services
VSAT,ViaSat Inc. Common Stock,$74.30,3.72,5.271%,10092273094.00,United States,1996,1592809,Technology,Radio And Television Broadcasting And Communications Equipment
VSEC,VSE Corporation Common Stock,$179.10,-1.43,-0.792%,5025035923.00,United States,,275474,Consumer Discretionary,Military/Government/Technical
VSECU,VSE Corporation Tangible Equity Units,$48.04,-0.17,-0.353%,0.00,United States,,5243,,
VSEE,VSee Health Inc. Common Stock,$0.181,0.002,1.117%,8561195.00,United States,2021,560479,Health Care,Medical/Nursing Services
VSEEW,VSee Health Inc. Warrant,$0.049,0.017,53.125%,2317672.00,United States,2021,4115,Health Care,Medical/Nursing Services
VSME,VS Media Holdings Limited Class A Ordinary Shares,$0.8627,-0.0096,-1.101%,2385426.00,Singapore,2023,39429,Consumer Discretionary,Publishing
VSNT,Versant Media Group Inc. Class A Common Stock ,$44.43,3.99,9.866%,6286599435.00,United States,,4770407,Industrials,Broadcasting
VSTD,Vestand Inc. Class A Common Stock,$0.499,0.0898,21.945%,7098265.00,United States,2022,118541,Consumer Discretionary,Restaurants
VSTM,Verastem Inc. Common Stock,$4.71,-0.01,-0.212%,413884840.00,United States,2012,1740127,Health Care,Biotechnology: Pharmaceutical Preparations
VTGN,Vistagen Therapeutics Inc. Common Stock,$0.6506,-0.0051,-0.778%,25776978.00,United States,,560163,Health Care,Biotechnology: Pharmaceutical Preparations
VTIX,Virtuix Holdings Inc. Class A Common Stock,$4.22,0.19,4.715%,138461124.00,United States,,203134,Technology,Computer peripheral equipment
VTRS,Viatris Inc. Common Stock,$17.26,-0.11,-0.633%,20100178808.00,United States,,7842489,Health Care,Biotechnology: Pharmaceutical Preparations
VTSI,VirTra Inc. Common Stock,$3.46,-0.05,-1.425%,39121822.00,United States,,56004,Consumer Discretionary,Miscellaneous manufacturing industries
VTVT,vTv Therapeutics Inc. Class A Common Stock,$38.43,6.765,21.364%,151371735.00,United States,2015,147694,Health Care,Biotechnology: Pharmaceutical Preparations
VUZI,Vuzix Corporation Common Stock,$3.08,0.06,1.987%,256127435.00,United States,,1873491,Technology,Radio And Television Broadcasting And Communications Equipment
VVOS,Vivos Therapeutics Inc. Common Stock,$0.69,-0.0263,-3.672%,9462887.00,United States,2020,158081,Health Care,Medical/Dental Instruments
VWAV,VisionWave Holdings Inc. Common Stock,$5.83,0.22,3.922%,139028809.00,United States,,443285,Technology,Computer Software: Prepackaged Software
VWAVW,VisionWave Holdings Inc. Warrant,$0.97,-0.029,-2.903%,23131723.00,United States,,31530,Technology,Computer Software: Prepackaged Software
VYGR,Voyager Therapeutics Inc. Common Stock,$4.24,0.09,2.169%,256186257.00,United States,2015,814238,Health Care,Biotechnology: Biological Products (No Diagnostic Substances)
VYNE,VYNE Therapeutics Inc. Common Stock,$0.6704,0.0004,0.06%,22359756.00,United States,2018,110660,Health Care,Biotechnology: Pharmaceutical Preparations
WABC,Westamerica Bancorporation Common Stock,$54.18,0.33,0.613%,1272577402.00,United States,,218894,Finance,Major Banks
WAFD,WaFd Inc. Common Stock,$34.72,0.13,0.376%,2565408026.00,United States,,536519,Finance,Major Banks
WAFDP,WaFd Inc. Depositary Shares,$16.6175,0.0474,0.286%,1227841816.00,United States,,16210,Finance,Major Banks
WAFU,Wah Fu Education Group Limited Ordinary Shares,$1.72,0.06,3.614%,7586161.00,China,2019,61088,Real Estate,Other Consumer Services
WAI,Top KingWin Ltd Class A Ordinary Shares,$2.0925,0.2425,13.108%,4932495.00,China,2023,15858,Real Estate,Real Estate
WALD,Waldencast plc Class A Ordinary Share,$1.63,-0.02,-1.212%,209063591.00,United States,2021,169324,Consumer Discretionary,Package Goods/Cosmetics
WALDW,Waldencast plc Warrant ,$0.045,-0.005,-10.00%,5771694.00,United States,2021,25015,Consumer Discretionary,Package Goods/Cosmetics
WASH,Washington Trust Bancorp Inc. Common Stock,$31.28,-0.09,-0.287%,596371749.00,United States,,136333,Finance,Major Banks
WATT,Energous Corporation Common Stock,$26.39,2.77,11.727%,145174003.00,United States,2014,837945,Technology,Radio And Television Broadcasting And Communications Equipment
WAVE,Eco Wave Power Global AB (publ) American Depositary Shares,$8.85,0.32,3.751%,413448176.00,Israel,2021,19961,Utilities,Electric Utilities: Central
WAY,Waystar Holding Corp. Common Stock,$18.83,0.14,0.749%,3611836738.00,United States,2024,2847544,Technology,EDP Services
WB,Weibo Corporation American Depositary Share,$8.34,-0.37,-4.248%,2048909250.00,China,2014,4648070,Technology,Computer Software: Programming Data Processing
WBD,Warner Bros. Discovery Inc. Series A Common Stock ,$27.12,-0.13,-0.477%,67993547358.00,United States,,18222970,Consumer Discretionary,Services-Misc. Amusement & Recreation
WBTN,WEBTOON Entertainment Inc. Common stock,$12.70,-1.13,-8.171%,1717481071.00,United States,2024,924216,Consumer Discretionary,Publishing
WBUY,WEBUY GLOBAL LTD. Class A Ordinary Shares,$1.21,0.05,4.31%,6632136.00,Singapore,2023,19536,Consumer Discretionary,Other Specialty Stores
WCT,Wellchange Holdings Company Limited Class A Ordinary shares,$2.19,0.09,4.286%,6713007.00,Hong Kong,2024,30598,Technology,Computer Software: Prepackaged Software
WDAY,Workday Inc. Class A Common Stock,$118.75,2.25,1.931%,29650159181.00,United States,,3843913,Technology,EDP Services
WDC,Western Digital Corporation Common Stock,$489.15,-4.94,-1.00%,168601264379.00,United States,,5540888,Technology,Electronic Components
WDFC,WD-40 Company Common Stock,$201.87,2.31,1.158%,2716242002.00,United States,1973,143865,Industrials,Major Chemicals
WEN,Wendy's Company (The) Common Stock,$8.11,-0.08,-0.977%,1544797990.00,United States,,13450147,Consumer Discretionary,Restaurants
WENN,Wen Acquisition Corp Class A Ordinary Shares,$10.25,0.00,0.00%,0.00,United States,2025,116,,
WENNW,Wen Acquisition Corp Warrant,$0.36,0.00,0.00%,0.00,United States,2025,25,Finance,Blank Checks
WERN,Werner Enterprises Inc. Common Stock,$37.15,2.57,7.432%,2227146772.00,United States,1986,2432800,Industrials,Trucking Freight/Courier Services
WEST,Westrock Coffee Company Common Stock,$8.36,-0.02,-0.239%,815584562.00,United States,,1172012,Consumer Staples,Beverages (Production/Distribution)
WETH,Wetouch Technology Inc. Common Stock,$1.53,-0.14,-8.383%,18255247.00,China,,140709,Technology,Computer peripheral equipment
WETO,Wetour Robotics Limited Ordinary Shares,$0.5001,-0.0099,-1.941%,41008200.00,China,2025,31910,Industrials,Other Transportation
WEYS,Weyco Group Inc. Common Stock,$34.61,0.70,2.064%,329909511.00,United States,,13380,Consumer Staples,Apparel
WFCF,Where Food Comes From Inc. Common Stock,$10.5601,-0.4499,-4.086%,53333310.00,United States,,28497,Technology,Computer Software: Prepackaged Software
WFF,WF Holding Limited Ordinary Shares,$1.91,-0.06,-3.046%,9622614.00,Malaysia,2025,13743,Consumer Discretionary,Miscellaneous manufacturing industries
WFRD,Weatherford International plc Ordinary Shares,$109.19,0.11,0.101%,7853527001.00,United States,,668303,Consumer Discretionary,Oil and Gas Field Machinery
WGRX,Wellgistics Health Inc. Common Stock,$0.094,-0.003,-3.093%,11905417.00,United States,2025,12495681,Health Care,Other Pharmaceuticals
WGS,GeneDx Holdings Corp. Class A Common Stock,$38.85,-0.09,-0.231%,1153379849.00,United States,2020,1481747,Technology,Retail: Computer Software & Peripheral Equipment
WGSWW,GeneDx Holdings Corp. Warrant,$0.0058,0.0001,1.754%,172191.00,United States,2020,84935,Technology,Retail: Computer Software & Peripheral Equipment
WHF,WhiteHorse Finance Inc. Common Stock,$7.31,0.07,0.967%,157979276.00,United States,,60299,Finance,Finance Companies
WHFCL,WhiteHorse Finance Inc. 7.875% Notes due 2028,$25.515,0.095,0.374%,593047390.00,United States,,2925,,
WHLR,Wheeler Real Estate Investment Trust Inc. Common Stock,$1.18,-0.01,-0.84%,1230283.00,United States,2012,85654,Real Estate,Real Estate Investment Trusts
WHLRD,Wheeler Real Estate Investment Trust Inc. Series D Cumulative Preferred Stock,$35.5102,-0.0898,-0.252%,37023396.00,United States,,837,Real Estate,Real Estate Investment Trusts
WHLRP,Wheeler Real Estate Investment Trust Inc. Class B Preferred Stock,$7.0628,-0.0972,-1.358%,7363767.00,United States,,1140,Real Estate,Real Estate Investment Trusts
WHWK,Whitehawk Therapeutics Inc. Common Stock,$5.10,0.17,3.448%,252207561.00,United States,,391223,Health Care,Biotechnology: Pharmaceutical Preparations
WILC,G. Willi-Food International  Ltd. Ordinary Shares,$35.30,-0.45,-1.259%,491739943.00,Israel,,1268,Consumer Discretionary,Food Distributors
WIMI,WiMi Hologram Cloud Inc. Class B Ordinary Shares,$1.55,0.01,0.649%,14248417.00,China,2020,228586,Technology,Computer Software: Prepackaged Software
WINA,Winmark Corporation Common Stock,$361.83,9.57,2.717%,1294508698.00,United States,,36443,Consumer Discretionary,Other Specialty Stores
WING,Wingstop Inc. Common Stock,$118.96,-1.65,-1.368%,3239584505.00,United States,2015,1790263,Consumer Discretionary,Restaurants
WIX,Wix.com Ltd. Ordinary Shares,$52.71,-2.61,-4.718%,2901551248.00,Israel,2013,4837864,Technology,Computer Software: Programming Data Processing
WKEY,WISeKey International Holding Ltd American Depositary Shares,$9.63,1.08,12.632%,109573356.00,Switzerland,,254781,Technology,EDP Services
WKHS,Workhorse Group Inc. Common Stock,$3.62,0.08,2.26%,37828486.00,United States,,305827,Industrials,Auto Manufacturing
WKSP,Worksport Ltd. Common Stock,$0.82,-0.0747,-8.349%,10275863.00,Canada,,880915,Consumer Discretionary,Auto Parts:O.E.M.
WLDN,Willdan Group Inc. Common Stock,$91.66,0.60,0.659%,1385038146.00,United States,2006,485946,Consumer Discretionary,Military/Government/Technical
WLDS,Wearable Devices Ltd. Ordinary Share,$0.9526,-0.0574,-5.683%,6236205.00,Israel,2022,448627,Telecommunications,Computer Communications Equipment
WLFC,Willis Lease Finance Corporation Common Stock,$189.84,-21.83,-10.313%,1456030845.00,United States,1996,706380,Consumer Discretionary,Industrial Specialties
WLII,Willow Lane Acquisition Corp. II Class A Ordinary Shares,$10.01,0.01,0.10%,0.00,United States,2026,503,Finance,Blank Checks
WLIIU,Willow Lane Acquisition Corp. II Unit,$10.1367,0.00,0.00%,0.00,United States,2026,51,,
WLTH,Wealthfront Corporation Common Stock,$11.24,0.09,0.807%,1680407190.00,United States,2025,953699,Finance,Finance: Consumer Services
WMG,Warner Music Group Corp. Class A Common Stock,$32.81,0.12,0.367%,17114205474.00,United States,2020,2208746,Consumer Discretionary,Services-Misc. Amusement & Recreation
WMT,Walmart Inc. Common Stock,$132.46,0.99,0.753%,1056024435282.00,United States,,14200432,Consumer Discretionary,Department/Specialty Retail Stores
WNEB,Western New England Bancorp Inc. Common Stock,$13.23,-0.01,-0.076%,266256436.00,United States,,26307,Finance,Savings Institutions
WNW,Meiwu Technology Company Limited Ordinary Shares,$3.22,-0.20,-5.848%,4284117.00,China,2020,44838,Consumer Discretionary,Catalog/Specialty Distribution
WOK,WORK Medical Technology Group LTD Class A Ordinary Shares,$1.30,-1.46,-52.899%,2241985.00,China,2024,55756386,Health Care,Medical/Dental Instruments
WOOF,Petco Health and Wellness Company Inc. Class A Common Stock,$2.59,0.03,1.172%,834359243.00,United States,2021,1691353,Consumer Discretionary,Other Specialty Stores
WPRT,Westport Fuel Systems Inc Common Shares,$1.995,0.025,1.269%,34663550.00,Canada,2008,31759,Industrials,Industrial Machinery/Components
WRAP,Wrap Technologies Inc. Common Stock,$1.65,0.21,14.583%,91968113.00,United States,,871996,Industrials,Ordnance And Accessories
WRD,WeRide Inc. American Depositary Shares,$7.60,-0.05,-0.654%,2547949210.00,China,2024,2754917,Technology,EDP Services
WRLD,World Acceptance Corporation Common Stock,$150.29,0.41,0.274%,741963545.00,United States,1991,173899,Finance,Finance: Consumer Services
WSBC,WesBanco Inc. Common Stock,$33.30,0.14,0.422%,3202812648.00,United States,,422205,Finance,Major Banks
WSBCO,WesBanco Inc. Depositary Shares each representing 1/40th interest in a share of 7.375% Fixed-Rate Reset Non-Cumulative Perpetual Preferred Stock Series B,$25.8899,0.2099,0.817%,2490105080.00,United States,,3397,Finance,Major Banks
WSBF,Waterstone Financial Inc. Common Stock (MD),$18.18,-0.23,-1.249%,328205031.00,United States,2005,54117,Finance,Savings Institutions
WSBK,Winchester Bancorp Inc. Common Stock,$12.75,-0.02,-0.157%,0.00,United States,2025,5495,,
WSC,WillScot Holdings Corporation Class A Common Stock,$26.13,0.24,0.927%,4729390962.00,United States,2015,2275373,Industrials,Misc Corporate Leasing Services
WSE,Wise Group plc Class A Ordinary Shares,$13.35,-0.27,-1.982%,38237247595.00,United Kingdom,,496552,Industrials,Diversified Commercial Services
WSFS,WSFS Financial Corporation Common Stock,$70.55,0.82,1.176%,3671707445.00,United States,,402968,Finance,Major Banks
WSHP,WeShop Holdings Limited Class A Ordinary Shares,$7.03,-0.14,-1.953%,164809091.00,Jersey,,98720,Consumer Discretionary,Other Specialty Stores
WSTN,Westin Acquisition Corp Class A Ordinary Share,$10.03,0.00,0.00%,80791650.00,Singapore,2025,1,,
WSTNR,Westin Acquisition Corp Right,$0.16,-0.02,-11.111%,1288800.00,Singapore,2025,122841,,
WTBA,West Bancorporation Common Stock,$23.26,0.18,0.78%,396073629.00,United States,,24015,Finance,Major Banks
WTF,Waton Financial Limited Ordinary Shares,$3.36,-0.79,-19.036%,162077906.00,Hong Kong,2025,402173,Finance,Investment Bankers/Brokers/Service
WTFC,Wintrust Financial Corporation Common Stock,$146.49,0.41,0.281%,9880421776.00,United States,,425347,Finance,Major Banks
WTFCN,Wintrust Financial Corporation Depositary Shares Each Representing a 1/1000th Interest in a Share of 7.875% Fixed-Rate Reset Non-Cumulative Perpetual Preferred StocK,$26.455,0.055,0.208%,1784330385.00,United States,,6864,Finance,Major Banks
WTG,Wintergreen Acquisition Corp. Ordinary Shares,$10.33,0.026,0.252%,0.00,China,2025,3649,Finance,Blank Checks
WTO,UTime Limited Class A Ordinary Shares,$0.888,-0.0766,-7.941%,1575204.00,China,2021,98328,Technology,Consumer Electronics/Appliances
WTW,Willis Towers Watson Public Limited Company Ordinary Shares,$247.64,5.52,2.28%,23389096777.00,United Kingdom,,1002270,Finance,Specialty Insurers
WULF,TeraWulf Inc. Common Stock,$24.17,1.05,4.542%,11977024030.00,United States,,22967174,Technology,EDP Services
WVE,Wave Life Sciences Ltd. Ordinary Shares,$6.90,-0.09,-1.288%,1327575194.00,Singapore,2015,3169594,Health Care,Biotechnology: Pharmaceutical Preparations
WVVI,Willamette Valley Vineyards Inc. Common Stock,$2.92,0.16,5.797%,14540225.00,United States,,910,Consumer Staples,Beverages (Production/Distribution)
WVVIP,Willamette Valley Vineyards Inc. Series A Redeemable Preferred Stock,$2.76,0.00,0.00%,13743500.00,United States,,899,Consumer Staples,Beverages (Production/Distribution)
WW,WW International Inc.  Common Stock,$11.02,1.38,14.315%,110186335.00,United States,,366603,Consumer Discretionary,Other Consumer Services
WWD,Woodward Inc. Common Stock,$365.41,-4.37,-1.182%,21772173238.00,United States,,303765,Energy,Industrial Machinery/Components
WXM,WF International Limited Ordinary Shares,$0.5276,0.0009,0.171%,4548275.00,China,2025,4908343,Consumer Discretionary,Engineering & Construction
WYFI,WhiteFiber Inc. Ordinary Shares,$29.99,2.96,10.951%,1150577206.00,United States,2025,7669043,Finance,Finance: Consumer Services
WYHG,Wing Yip Food Holdings Group Limited American Depositary Shares,$0.809,0.039,5.065%,40717721.00,China,2024,176951,Consumer Staples,Specialty Foods
WYNN,Wynn Resorts Limited Common stock,$95.43,-0.78,-0.811%,9904367548.00,United States,2002,2040746,Consumer Discretionary,Hotels/Resorts
XAIR,Beyond Air Inc. Common Stock,$0.47,-0.0678,-12.607%,5965561.00,United States,,293638,Health Care,Medical/Dental Instruments
XBIO,Xenetic Biosciences Inc. Common Stock,$3.11,-0.07,-2.201%,7125184.00,United States,,7607,Health Care,Biotechnology: Pharmaceutical Preparations
XBIT,XBiotech Inc. Common Stock,$2.50,0.00,0.00%,76219328.00,United States,2015,6190,Health Care,Biotechnology: Pharmaceutical Preparations
XBP,XBP Global Holdings Inc. Common Stock,$2.34,0.13,5.882%,27537237.00,United States,2021,37821,Technology,EDP Services
XCBE,X3 Acquisition Corp. Ltd. Class A Ordinary Shares,$9.91,0.01,0.101%,0.00,United States,2026,55850,,
XCH,XCHG Limited American Depositary Share,$0.90,0.19,26.761%,73375816.00,Germany,2024,99519,Industrials,Electrical Products
XCUR,Exicure Inc. Common Stock,$3.18,0.04,1.274%,20269050.00,United States,,5132,Health Care,Biotechnology: Pharmaceutical Preparations
XE,X-Energy Inc. Class A Common Stock,$29.26,-1.73,-5.582%,11564975440.00,United States,2026,3553784,Industrials,Metal Fabrications
XEL,Xcel Energy Inc. Common Stock,$80.03,0.12,0.15%,49960292887.00,United States,,4269596,Utilities,Power Generation
XELB,Xcel Brands Inc. Common Stock,$2.15,0.27,14.362%,12930253.00,United States,,25096,Miscellaneous,Multi-Sector Companies
XELLL,Xcel Energy Inc. 6.25% Junior Subordinated Notes Series due 2085,$24.29,-0.01,-0.041%,0.00,United States,,69228,Utilities,Power Generation
XENE,Xenon Pharmaceuticals Inc. Common Shares,$56.00,0.12,0.215%,5413270800.00,Canada,2014,1367087,Health Care,Biotechnology: Pharmaceutical Preparations
XERS,Xeris Biopharma Holdings Inc. Common Stock,$6.38,-0.05,-0.778%,1101456311.00,United States,2018,1492211,Health Care,Biotechnology: Pharmaceutical Preparations
XFOR,X4 Pharmaceuticals Inc. Common Stock,$4.00,-0.23,-5.437%,377278784.00,United States,2017,264587,Health Care,Biotechnology: Biological Products (No Diagnostic Substances)
XGN,Exagen Inc. Common Stock,$3.85,0.38,10.951%,93015380.00,United States,2019,384576,Health Care,Medical Specialities
XHG,XChange TEC.INC American Depositary Shares ,$1.01,-0.0036,-0.355%,52063405.00,China,2019,1393,Finance,Real Estate
XHLD,TEN Holdings Inc. Common Stock,$1.50,0.09,6.383%,5966165.00,United States,2025,90310,Real Estate,Real Estate
XLO,Xilio Therapeutics Inc. Common Stock,$8.81,1.05,13.531%,52708812.00,United States,2021,724733,Health Care,Biotechnology: Pharmaceutical Preparations
XMTR,Xometry Inc. Class A Common Stock,$89.98,3.79,4.397%,4732839844.00,United States,2021,757602,Real Estate,Real Estate
XNCR,Xencor Inc. Common Stock,$11.88,-0.50,-4.039%,880802160.00,United States,2013,570392,Health Care,Biotechnology: Pharmaceutical Preparations
XNDU,Xanadu Quantum Technologies Limited Class B Subordinate Voting Shares,$15.13,0.24,1.612%,4508646769.00,Canada,,4184293,Technology,Computer Manufacturing
XNET,Xunlei Limited American Depositary Shares,$6.23,-0.10,-1.58%,1982815378.00,China,2014,73596,Technology,Computer Software: Prepackaged Software
XOMA,XOMA Royalty Corporation Common Stock,$42.00,0.20,0.478%,526723260.00,United States,1986,162832,Health Care,Biotechnology: Pharmaceutical Preparations
XOMAO,XOMA Royalty Corporation Depositary Shares Rep Series B 8.375% Cumulative Preferred Stock,$25.27,-0.004,-0.016%,316911828.00,United States,,1638,Health Care,Biotechnology: Pharmaceutical Preparations
XOMAP,XOMA Royalty Corporation 8.625% Series A Cumulative Perpetual Preferred Stock,$25.2901,0.0201,0.08%,317163903.00,United States,,512,Health Care,Biotechnology: Pharmaceutical Preparations
XOS,Xos Inc. Common Stock,$1.98,-0.05,-2.463%,23871298.00,United States,2020,393011,Consumer Discretionary,Auto Parts:O.E.M.
XOSWW,Xos Inc. Warrants,$0.0026,0.00,0.00%,31346.00,United States,2020,50672,Consumer Discretionary,Auto Parts:O.E.M.
XP,XP Inc. Class A Common Stock,$17.60,0.31,1.793%,9122290126.00,Brazil,2019,6904020,Finance,Investment Bankers/Brokers/Service
XPEL,XPEL Inc. Common Stock,$42.50,1.44,3.507%,1171341863.00,United States,,163262,Industrials,Industrial Specialties
XPON,Expion360 Inc. Common Stock,$0.6012,0.0003,0.05%,6520696.00,United States,2022,82691,Miscellaneous,Industrial Machinery/Components
XRAY,DENTSPLY SIRONA Inc. Common Stock,$10.41,-0.03,-0.287%,2085400770.00,United States,1987,4407927,Health Care,Medical/Dental Instruments
XRPN,Armada Acquisition Corp. II Class A Ordinary Shares,$10.43,0.00,0.00%,0.00,United States,2025,69018,Finance,Blank Checks
XRPNW,Armada Acquisition Corp. II Warrant,$0.94,-0.025,-2.591%,0.00,United States,2025,35286,Finance,Blank Checks
XRTX,XORTX Therapeutics Inc. Common Shares,$2.01,-0.33,-14.103%,3109446.00,Canada,,88822,Health Care,Biotechnology: Pharmaceutical Preparations
XRX,Xerox Holdings Corporation Common Stock,$2.43,-0.11,-4.331%,317786295.00,United States,,4895352,Technology,Computer peripheral equipment
XRXDW,Xerox Holdings Corporation Warrants,$0.33,0.0013,0.395%,43156163.00,United States,,288324,Technology,Computer peripheral equipment
XSLL,Xsolla SPAC 1 Class A Ordinary Shares,$9.86,0.00,0.00%,0.00,United States,2026,155,Finance,Blank Checks
XSLLW,Xsolla SPAC 1 Warrants,$0.25,0.00,0.00%,0.00,United States,2026,8,Finance,Blank Checks
XTIA,XTI Aerospace Inc. Common Stock,$1.78,-0.06,-3.261%,68480523.00,United States,2014,3072075,Technology,EDP Services
XTLB,XTL Biopharmaceuticals Ltd. American Depositary Shares,$2.70,-0.03,-1.099%,6387142.00,Israel,,16058,Health Care,Biotechnology: Pharmaceutical Preparations
XWEL,XWELL Inc. Common Stock,$1.38,0.02,1.471%,10938937.00,United States,,26913,Consumer Discretionary,Other Consumer Services
XWIN,XMAX Inc. Common Stock,$8.27,-0.05,-0.601%,525991236.00,United States,,1208300,Consumer Discretionary,Home Furnishings
XXII,22nd Century Group Inc. Common Stock,$0.714,0.0186,2.675%,3181333.00,United States,,674749,Health Care, Medicinal Chemicals and Botanical Products 
YAAS,Youxin Technology Ltd Class A Ordinary shares,$0.9002,-0.0113,-1.24%,20517317.00,China,2024,46381,Technology,Computer Software: Prepackaged Software
YB,Yuanbao Inc. American Depositary Shares,$14.22,-0.08,-0.559%,655260458.00,China,2025,9921,Finance,Specialty Insurers
YDDL,One and One Green Technologies. Inc Class A Ordinary Shares,$4.04,-0.18,-4.265%,226374665.00,Philippines,2025,61626,Consumer Discretionary,Industrial Specialties
YDES,YD Bio Limited Ordinary Shares,$5.06,-0.14,-2.692%,358406611.00,United States,,5151,Health Care,Medical Specialities
YDESW,YD Bio Limited Warrants,$0.5499,0.0999,22.20%,38950157.00,United States,,17264,Health Care,Medical Specialities
YDKG,Yueda Digital Holding Class A Ordinary Share,$0.8717,-0.0001,-0.011%,4819794.00,China,2007,25273,Consumer Discretionary,Advertising
YHC,LQR House Inc. Common Stock,$0.9496,0.0001,0.011%,20294525.00,United States,2023,34783,Consumer Staples,Beverages (Production/Distribution)
YHGJ,Yunhong Green CTI Ltd. Common Stock,$3.30,0.26,8.553%,8610505.00,United States,,13113,Industrials,Specialty Chemicals
YI,111 Inc. American Depositary Shares,$6.00,-0.10,-1.639%,52781784.00,China,2018,11079,Consumer Staples,Retail-Drug Stores and Proprietary Stores
YIBO,Planet Image International Limited Class A Ordinary Shares,$0.74,-0.14,-15.909%,43833324.00,China,2024,143358,Industrials,Industrial Machinery/Components
YJ,Yunji Inc. American Depository Shares,$1.71,-0.16,-8.556%,8422673.00,China,2019,9400,Consumer Discretionary,Other Specialty Stores
YMAT,J-Star Holding Co. Ltd. Class A Ordinary Shares,$1.87,1.0156,118.867%,37494465.00,Taiwan,2025,28613577,Consumer Discretionary,Recreational Games/Products/Toys
YMT,Yimutian Inc. American Depositary Shares,$0.137,-0.01,-6.803%,15669659.00,China,2025,1491144,Technology,EDP Services
YOOV,Concorde International Group Ltd Class A Ordinary Shares,$1.22,0.5275,76.173%,276922271.00,Singapore,2025,61545934,Consumer Discretionary,Diversified Commercial Services
YORW,York Water Company (The) Common Stock,$29.31,-0.24,-0.812%,475095726.00,United States,,98374,Utilities,Water Supply
YOUL,Youlife Group Inc. American Depositary Shares,$1.13,0.29,34.524%,85934805.00,China,,112765,Real Estate,Other Consumer Services
YQ,17 Education & Technology Group Inc. American Depositary Shares,$2.41,0.01,0.417%,26162208.00,China,2020,1696,Real Estate,Other Consumer Services
YSWY,Yesway Inc. Class A Common Stock,$25.705,-0.815,-3.073%,1557982415.00,United States,2026,262402,Consumer Staples,Food Chains
YSXT,YSX Tech. Co. Ltd Class A Ordinary Shares,$1.11,-0.01,-0.893%,26015625.00,China,2024,24059,Consumer Discretionary,Automotive Aftermarket
YTRA,Yatra Online Inc. Ordinary Shares,$0.91,-0.03,-3.191%,56470733.00,India,,38763,Consumer Discretionary,Transportation Services
YXT,YXT.COM GROUP HOLDING LIMITED American Depository Shares,$0.4806,-0.0154,-3.105%,28645038.00,China,2024,19588,Technology,Computer Software: Prepackaged Software
YYAI,AiRWA Inc. Common Stock,$0.4197,-0.2641,-38.622%,17687179.00,United States,,4407813,Consumer Discretionary,Recreational Games/Products/Toys
YYGH,YY Group Holding Limited Class A Ordinary Shares,$1.09,0.04,3.81%,6934281.00,Singapore,2024,502973,Consumer Discretionary,Professional Services
Z,Zillow Group Inc. Class C Capital Stock,$37.37,-1.16,-3.011%,8550323640.00,United States,,3778080,Real Estate,Real Estate
ZBAI,ATIF Holdings Limited Ordinary Shares,$9.28,0.98,11.807%,95708101.00,United States,2019,18614,Consumer Discretionary,Professional Services
ZBAO,Zhibao Technology Inc. Class A Ordinary Shares,$0.6829,-0.0371,-5.153%,23260729.00,China,2024,204374,Finance,Specialty Insurers
ZBIO,Zenas BioPharma Inc. Common Stock,$18.90,-1.03,-5.168%,1193220825.00,United States,2024,510773,Health Care,Biotechnology: Pharmaceutical Preparations
ZBRA,Zebra Technologies Corporation Class A Common Stock,$258.10,11.34,4.596%,12294178475.00,United States,1991,1265137,Industrials,Industrial Machinery/Components
ZCMD,Zhongchao Inc. Class A Ordinary Shares,$1.45,-0.04,-2.685%,5589370.00,China,2020,8030,Real Estate,Other Consumer Services
ZD,Ziff Davis Inc. Common Stock,$40.62,0.09,0.222%,1496253948.00,United States,,508760,Telecommunications,Telecommunications Equipment
ZDAI,DirectBooking Technology Co. Ltd. Class A Ordinary Shares,$1.68,-0.15,-8.197%,13513500.00,Hong Kong,2024,46866,Consumer Discretionary,General Bldg Contractors - Nonresidential Bldgs
ZENA,ZenaTech Inc. Common Stock,$2.12,0.10,4.95%,101931476.00,Canada,,2073979,Technology,Computer Software: Prepackaged Software
ZEO,Zeo Energy Corporation Class A Common Stock,$0.8974,0.0674,8.12%,52025632.00,United States,2021,84752,Miscellaneous,Industrial Machinery/Components
ZEOWW,Zeo Energy Corporation Warrants,$0.0422,0.00,0.00%,2446492.00,United States,2021,1,Miscellaneous,Industrial Machinery/Components
ZG,Zillow Group Inc. Class A Common Stock,$37.86,-1.02,-2.623%,8662436527.00,United States,2011,1245467,Real Estate,Real Estate
ZION,Zions Bancorporation N.A. Common Stock,$60.09,0.90,1.521%,8838747284.00,United States,,996198,Finance,Major Banks
ZIONP,Zions Bancorporation N.A. Depositary Shares (Each representing 1/40th Interest in a Share of Series A Floating-Rate Non-Cumulative Perpetual Preferred Stock),$19.1212,0.0312,0.163%,2812572051.00,United States,,5170,Finance,Major Banks
ZJK,ZJK Industrial Co. Ltd. Class A Ordinary Shares,$2.88,0.08,2.857%,183808077.00,China,2024,31644,Industrials,Metal Fabrications
ZJYL,JIN MEDICAL INTERNATIONAL LTD. Class A Ordinary Shares,$2.46,0.01,0.408%,19255293.00,China,2023,4465,Health Care,Industrial Specialties
ZKIN,ZK International Group Co. Ltd Ordinary Share,$1.42,0.04,2.899%,24526677.00,China,2017,3027,Industrials,Metal Fabrications
ZKP,Lafayette Digital Acquisition Corp. I Class A Ordinary Shares,$9.90,-0.01,-0.101%,0.00,United States,2026,100600,Finance,Blank Checks
ZKPU,Lafayette Digital Acquisition Corp. I Unit,$9.90,0.00,0.00%,0.00,United States,2026,198,Finance,Blank Checks
ZKPW,Lafayette Digital Acquisition Corp. I Warrant,$0.3497,0.057,19.474%,0.00,United States,2026,9588,Finance,Blank Checks
ZLAB,Zai Lab Limited American Depositary Shares,$20.33,-0.14,-0.684%,2284174263.00,China,2017,1054797,Health Care,Biotechnology: Pharmaceutical Preparations
ZM,Zoom Communications Inc. Class A Common Stock,$98.23,-4.20,-4.10%,28886654741.00,United States,2019,6261217,Technology,Computer Software: Programming Data Processing
ZNB,Zeta Network Group Class A Ordinary Shares,$1.73,0.08,4.848%,2734779.00,United States,,20737,Consumer Discretionary,Engineering & Construction
ZNTL,Zentalis Pharmaceuticals Inc. Common Stock,$4.09,-0.19,-4.439%,291152163.00,United States,2020,2593652,Health Care,Biotechnology: Pharmaceutical Preparations
ZOOZ,ZOOZ Strategy Ltd. Ordinary Shares,$0.279,-0.0124,-4.255%,45204272.00,Israel,,206236,Technology,Industrial Machinery/Components
ZS,Zscaler Inc. Common Stock,$153.70,1.27,0.833%,24713531051.00,United States,2018,3996804,Technology,EDP Services
ZSQR,Z Squared Inc. Common Stock,$9.84,-1.46,-12.92%,506760000.00,United States,2020,254117,Finance,Finance: Consumer Services
ZSTK,ZeroStack Corp. Common Stock,$4.05,-0.39,-8.784%,9844772.00,Canada,2021,35836,Health Care,Biotechnology: Pharmaceutical Preparations
ZTEK,Zentek Ltd. Common Stock,$1.01,0.00,0.00%,109705727.00,Canada,,310379,Industrials,Major Chemicals
ZTG,Zenta Group Company Limited Class A Ordinary Shares,$2.56,0.00,0.00%,30230628.00,Macau,2025,1584,Consumer Discretionary,Professional Services
ZUMZ,Zumiez Inc. Common Stock,$23.63,0.35,1.503%,407752711.00,United States,2005,92482,Consumer Discretionary,Clothing/Shoe/Accessory Stores
ZURA,Zura Bio Limited Class A Ordinary Shares,$4.83,0.03,0.625%,458838939.00,Cayman Islands,,238822,Health Care,Biotechnology: Biological Products (No Diagnostic Substances)
ZVRA,Zevra Therapeutics Inc. Common Stock,$11.66,0.54,4.856%,689281879.00,United States,,3090901,Health Care,Biotechnology: Pharmaceutical Preparations
ZYBT,Zhengye Biotechnology Holding Limited Class A Ordinary Shares,$0.9499,-0.0094,-0.98%,45017068.00,China,2025,18377,Health Care,Biotechnology: Pharmaceutical Preparations
ZYME,Zymeworks Inc. Common Stock,$23.96,-0.61,-2.483%,1749632542.00,United States,,557701,Health Care,Biotechnology: Pharmaceutical Preparations
